Date received,Complaint ID,actual,predicted
2025-10-13,16539137,Credit reporting or other personal consumer reports,Vehicle loan or lease
2025-11-26,17952797,Credit card,Checking or savings account
2025-11-06,17076061,Credit card,Credit card
2025-10-23,16781916,Credit card,Credit card
2025-08-25,15502807,Mortgage,"Money transfer, virtual currency, or money service"
2025-09-04,15711090,Credit card,Credit card
2025-11-17,17299185,Credit card,Credit card
2025-11-20,17797041,Checking or savings account,Checking or savings account
2025-07-31,15002021,Checking or savings account,Checking or savings account
2025-07-20,14786467,Credit reporting or other personal consumer reports,Credit reporting or other personal consumer reports
2025-10-08,16460374,Checking or savings account,Checking or savings account
2025-10-13,16541309,Credit card,Credit card
2025-09-26,16195191,Vehicle loan or lease,Vehicle loan or lease
2025-08-07,15153366,Credit reporting or other personal consumer reports,Credit reporting or other personal consumer reports
2025-12-03,18071954,Checking or savings account,Checking or savings account
2025-07-03,14450147,Credit reporting or other personal consumer reports,Credit reporting or other personal consumer reports
2025-10-02,16314226,Checking or savings account,Checking or savings account
2026-01-12,18639708,Checking or savings account,"Money transfer, virtual currency, or money service"
2025-08-29,15600325,Checking or savings account,Checking or savings account
2025-09-13,15892231,Checking or savings account,Checking or savings account
2025-12-22,18232578,Checking or savings account,"Money transfer, virtual currency, or money service"
2026-01-09,18609794,Checking or savings account,Checking or savings account
2026-01-20,18855549,Vehicle loan or lease,Vehicle loan or lease
2026-01-21,18902798,Credit card,Credit card
2025-10-14,16564074,Checking or savings account,Checking or savings account
2025-11-15,17241431,"Money transfer, virtual currency, or money service","Money transfer, virtual currency, or money service"
2025-10-21,16733326,Credit card,Credit card
2025-10-30,16888475,Credit card,Credit card
2026-01-25,18994481,Credit card,Credit card
2025-12-16,18071736,Credit card,Credit card
2025-09-24,16149784,Credit reporting or other personal consumer reports,"Money transfer, virtual currency, or money service"
2026-01-26,19002505,Credit card,Credit card
2026-01-08,18557107,Checking or savings account,Checking or savings account
2025-09-08,15803421,Checking or savings account,Checking or savings account
2025-10-29,16896222,Credit card,Credit card
2025-10-23,16772407,Checking or savings account,Checking or savings account
2026-01-19,18838725,Credit card,Credit reporting or other personal consumer reports
2025-08-21,15429180,Credit card,Credit card
2025-09-17,15999597,Checking or savings account,Checking or savings account
2025-12-23,18245131,Credit card,Credit card
2025-10-07,16432620,Checking or savings account,Checking or savings account
2026-01-27,19053681,Credit card,Credit reporting or other personal consumer reports
2025-08-14,15294284,Credit reporting or other personal consumer reports,Checking or savings account
2026-01-23,18965686,Credit card,Credit card
2025-12-02,18076774,Checking or savings account,Checking or savings account
2025-07-10,14564302,"Money transfer, virtual currency, or money service",Checking or savings account
2025-08-21,15442898,Credit card,Credit card
2025-10-02,16324557,Checking or savings account,Checking or savings account
2025-10-08,16439936,Credit reporting or other personal consumer reports,Credit reporting or other personal consumer reports
2025-08-21,15431868,Checking or savings account,Checking or savings account
2025-08-28,15589880,Credit card,Credit card
2025-10-08,16449805,Checking or savings account,Checking or savings account
2026-01-20,18866146,Checking or savings account,Checking or savings account
2025-11-19,17361435,Checking or savings account,"Money transfer, virtual currency, or money service"
2025-09-24,16155249,"Money transfer, virtual currency, or money service","Money transfer, virtual currency, or money service"
2025-10-24,16806425,Credit card,Credit card
2025-08-02,15025210,Checking or savings account,Checking or savings account
2025-11-13,17209405,Checking or savings account,Checking or savings account
2025-07-22,14800870,Checking or savings account,Checking or savings account
2025-11-26,17918267,Credit card,Credit card
2025-08-23,15475412,Credit card,Credit card
2025-09-10,15844703,Checking or savings account,Checking or savings account
2025-09-12,15908216,Credit card,Credit card
2025-07-08,14525274,Credit reporting or other personal consumer reports,Credit reporting or other personal consumer reports
2025-11-05,17007629,Checking or savings account,Checking or savings account
2025-09-04,15718842,Checking or savings account,Credit card
2025-11-21,17427037,Checking or savings account,Checking or savings account
2025-11-28,17917580,Checking or savings account,Checking or savings account
2025-07-11,14600066,Checking or savings account,Checking or savings account
2025-10-20,16700238,Credit card,"Money transfer, virtual currency, or money service"
2025-07-24,14856756,Credit card,Credit card
2025-12-31,18397618,Credit card,Credit card
2025-08-30,15627134,Checking or savings account,Checking or savings account
2025-09-17,15995496,Checking or savings account,Credit card
2025-07-08,14534250,"Money transfer, virtual currency, or money service","Money transfer, virtual currency, or money service"
2025-11-05,17031764,Checking or savings account,Checking or savings account
2025-10-16,16631010,Checking or savings account,Checking or savings account
2025-12-09,17901207,Checking or savings account,Checking or savings account
2025-10-22,16715888,"Money transfer, virtual currency, or money service","Money transfer, virtual currency, or money service"
2025-12-23,18255347,Credit reporting or other personal consumer reports,Credit reporting or other personal consumer reports
2025-10-15,16583122,Checking or savings account,Checking or savings account
2025-07-27,14910240,Checking or savings account,Checking or savings account
2026-01-03,18445539,Checking or savings account,"Money transfer, virtual currency, or money service"
2025-12-07,17807772,Credit card,Credit card
2025-12-07,17810186,Credit card,Credit card
2025-12-16,18064449,"Money transfer, virtual currency, or money service","Money transfer, virtual currency, or money service"
2025-10-01,16307396,Checking or savings account,Checking or savings account
2026-01-19,18828751,Mortgage,Credit card
2025-07-12,14616122,Credit reporting or other personal consumer reports,Credit reporting or other personal consumer reports
2025-12-07,17814438,Checking or savings account,Checking or savings account
2025-12-03,17994964,Credit reporting or other personal consumer reports,Credit reporting or other personal consumer reports
2025-08-01,15041374,Credit card,Credit card
2025-08-21,15434362,Debt collection,Credit card
2025-11-17,17874307,Credit card,Credit card
2026-01-27,19027222,Checking or savings account,Checking or savings account
2025-09-30,16279928,Checking or savings account,Checking or savings account
2025-08-05,15099398,Mortgage,Mortgage
2025-10-07,16403801,Checking or savings account,Checking or savings account
2025-11-12,17185734,"Money transfer, virtual currency, or money service","Money transfer, virtual currency, or money service"
2025-10-29,16899244,Checking or savings account,Checking or savings account
2025-09-07,15779497,Credit card,Debt collection
2025-09-28,16225887,Credit reporting or other personal consumer reports,Credit reporting or other personal consumer reports
2025-08-21,15442452,Checking or savings account,Checking or savings account
2025-10-17,16649671,Vehicle loan or lease,Vehicle loan or lease
2025-12-29,18344009,Checking or savings account,Checking or savings account
2025-09-17,15970179,Debt collection,Debt collection
2025-08-16,15330524,Debt collection,Debt collection
2025-11-11,17134435,Credit card,Credit reporting or other personal consumer reports
2025-07-17,14725663,Debt collection,Credit reporting or other personal consumer reports
2025-10-05,16375173,Checking or savings account,Checking or savings account
2025-11-13,17222601,Checking or savings account,Checking or savings account
2025-07-22,14798424,Credit card,Credit card
2025-12-09,17879247,Credit reporting or other personal consumer reports,Credit reporting or other personal consumer reports
2025-09-02,15679890,Debt collection,Credit reporting or other personal consumer reports
2025-10-08,16443582,Vehicle loan or lease,Credit reporting or other personal consumer reports
2025-10-06,16388866,Checking or savings account,"Money transfer, virtual currency, or money service"
2025-07-15,14675913,Credit reporting or other personal consumer reports,Credit reporting or other personal consumer reports
2025-09-30,16264570,Checking or savings account,Checking or savings account
2025-09-25,16145254,"Money transfer, virtual currency, or money service",Checking or savings account
2025-08-12,15224035,Credit card,Credit card
2025-11-03,16972070,Checking or savings account,Checking or savings account
2025-07-04,14447893,Credit card,Checking or savings account
2025-09-06,15767282,Checking or savings account,Checking or savings account
2025-10-08,16449584,Debt collection,Checking or savings account
2025-10-05,16374030,Checking or savings account,Checking or savings account
2025-11-21,17423631,Checking or savings account,Checking or savings account
2025-07-22,14802226,Checking or savings account,Checking or savings account
2025-09-17,16010707,Credit card,Credit card
2025-11-28,17953793,Checking or savings account,Checking or savings account
2025-12-23,18245099,Checking or savings account,Checking or savings account
2025-09-27,16224445,Credit card,Credit reporting or other personal consumer reports
2025-07-21,14769577,Checking or savings account,Checking or savings account
2025-10-03,16314086,Credit card,Credit card
2025-11-25,17885828,Checking or savings account,Checking or savings account
2025-09-05,15740981,Credit card,Checking or savings account
2025-08-16,15327799,Credit reporting or other personal consumer reports,Checking or savings account
2025-08-20,15405202,Checking or savings account,Checking or savings account
2025-07-03,14410625,Credit reporting or other personal consumer reports,Credit reporting or other personal consumer reports
2025-11-15,17274585,Checking or savings account,Checking or savings account
2025-08-26,15537528,Credit card,Credit card
2025-11-08,17116588,Checking or savings account,Checking or savings account
2025-09-23,16130568,Credit reporting or other personal consumer reports,Credit reporting or other personal consumer reports
2025-07-30,14978655,Checking or savings account,Checking or savings account
2025-10-15,16599157,Checking or savings account,Checking or savings account
2025-09-16,15961068,Checking or savings account,"Money transfer, virtual currency, or money service"
2025-10-09,16476619,Credit card,Credit card
2025-11-10,17138012,Credit reporting or other personal consumer reports,Checking or savings account
2025-07-20,14784436,Checking or savings account,Checking or savings account
2025-10-31,16947437,Checking or savings account,Debt collection
2025-08-27,15549183,Credit card,Credit card
2025-10-23,16776384,Checking or savings account,Checking or savings account
2025-08-01,15048955,Credit card,Debt collection
2025-08-18,15352990,Checking or savings account,Checking or savings account
2025-08-28,15572160,Credit card,Credit card
2026-01-24,18973967,"Money transfer, virtual currency, or money service",Checking or savings account
2025-07-01,14390587,Checking or savings account,Checking or savings account
2025-08-12,15230853,"Money transfer, virtual currency, or money service",Checking or savings account
2025-08-01,15050169,Credit card,Credit card
2025-12-14,18025849,Checking or savings account,Checking or savings account
2025-11-07,17064692,Debt collection,Credit reporting or other personal consumer reports
2025-08-10,15196407,Debt collection,Debt collection
2025-09-10,15848138,"Money transfer, virtual currency, or money service","Money transfer, virtual currency, or money service"
2025-11-28,17971550,Checking or savings account,Checking or savings account
2025-07-28,14933054,"Money transfer, virtual currency, or money service","Money transfer, virtual currency, or money service"
2025-12-01,17893133,Checking or savings account,Checking or savings account
2025-08-27,15551997,Credit card,Credit reporting or other personal consumer reports
2026-01-05,18469004,Credit card,Credit card
2025-11-28,17923055,"Money transfer, virtual currency, or money service",Checking or savings account
2025-07-27,14903938,Credit card,Credit card
2025-11-14,17253012,Debt collection,Credit reporting or other personal consumer reports
2025-11-21,17799720,Checking or savings account,Checking or savings account
2025-08-15,15308193,Credit card,Credit card
2025-08-12,15229349,Credit reporting or other personal consumer reports,Credit reporting or other personal consumer reports
2025-11-14,17214100,Credit card,Credit card
2025-09-04,15712361,Checking or savings account,Checking or savings account
2026-01-13,18676522,Checking or savings account,Checking or savings account
2025-07-18,14745071,Debt collection,Debt collection
2025-08-19,15377752,Credit card,Credit card
2025-07-02,14422898,Checking or savings account,Checking or savings account
2026-01-26,18996916,Checking or savings account,Credit reporting or other personal consumer reports
2026-01-12,18656449,Checking or savings account,Checking or savings account
2025-08-05,15091839,Checking or savings account,Checking or savings account
2025-09-11,15861465,Checking or savings account,Checking or savings account
2025-10-05,16375680,Vehicle loan or lease,Vehicle loan or lease
2025-11-06,17075612,Checking or savings account,Checking or savings account
2025-08-21,15439774,Credit card,Credit card
2025-09-09,15811988,Checking or savings account,Checking or savings account
2025-11-24,17884682,Checking or savings account,Checking or savings account
2025-10-17,16643793,Credit card,Checking or savings account
2025-11-20,17377970,Credit card,Credit card
2025-12-29,18332969,Credit card,Credit card
2025-07-24,14857780,Credit reporting or other personal consumer reports,Credit reporting or other personal consumer reports
2025-11-21,17797677,Debt collection,Credit reporting or other personal consumer reports
2025-08-06,15121109,Credit card,Credit card
2026-01-08,18561596,Checking or savings account,Checking or savings account
2025-07-14,14624764,Credit card,Credit card
2025-09-05,15744438,Checking or savings account,Checking or savings account
2025-11-17,17309645,Credit reporting or other personal consumer reports,Credit reporting or other personal consumer reports
2025-12-09,17901282,Vehicle loan or lease,Vehicle loan or lease
2025-12-09,17893946,Checking or savings account,Checking or savings account
2025-11-13,17234173,Credit card,Credit card
2026-01-24,18975652,Mortgage,Mortgage
2025-12-27,18319525,Credit card,Credit card
2025-10-09,16486088,Checking or savings account,Checking or savings account
2025-11-19,17317704,Checking or savings account,Checking or savings account
2025-11-02,16974962,Checking or savings account,Checking or savings account
2025-12-23,18260823,Checking or savings account,Checking or savings account
2025-07-29,14960811,Checking or savings account,Checking or savings account
2025-07-29,14914585,Checking or savings account,Checking or savings account
2025-07-03,14445753,Checking or savings account,Checking or savings account
2026-01-09,18598443,Checking or savings account,Checking or savings account
2025-12-26,18293127,Checking or savings account,Checking or savings account
2025-11-20,17405673,Checking or savings account,Checking or savings account
2025-08-25,15499390,Checking or savings account,"Money transfer, virtual currency, or money service"
2025-11-26,17917006,Credit card,Credit card
2025-11-18,17336315,Checking or savings account,Checking or savings account
2025-07-15,14666622,Credit card,Credit card
2026-01-23,18958591,Debt collection,Debt collection
2025-11-11,17167576,Credit reporting or other personal consumer reports,Credit reporting or other personal consumer reports
2025-08-14,15295415,Credit card,Credit card
2025-08-19,15384020,Checking or savings account,Checking or savings account
2025-10-30,16932685,Credit card,Credit reporting or other personal consumer reports
2025-09-01,15633431,Checking or savings account,Checking or savings account
2025-08-11,15214205,"Money transfer, virtual currency, or money service",Credit card
2025-08-07,15151620,Credit card,Credit card
2025-11-13,17236104,Credit card,Credit card
2025-07-03,14452224,Checking or savings account,Checking or savings account
2025-09-08,15792592,Checking or savings account,Checking or savings account
2025-09-30,16270411,Checking or savings account,Checking or savings account
2025-09-06,15771780,Credit card,Credit card
2025-07-10,14568528,Credit card,Credit card
2025-08-11,15219529,Credit card,Credit card
2025-09-16,15981885,Credit reporting or other personal consumer reports,Credit reporting or other personal consumer reports
2025-07-16,14694053,Checking or savings account,Checking or savings account
2025-09-03,15706661,Credit card,Credit card
2025-10-29,16893999,Checking or savings account,Checking or savings account
2025-10-08,16432641,Credit card,Credit card
2025-08-07,15149321,Debt collection,Debt collection
2025-12-30,18378769,Credit card,Credit card
2026-01-08,18574112,"Money transfer, virtual currency, or money service","Money transfer, virtual currency, or money service"
2025-12-19,18164530,Credit card,Credit card
2025-09-30,16280930,Checking or savings account,Checking or savings account
2025-09-29,16246062,Checking or savings account,Checking or savings account
2025-08-18,15346027,Checking or savings account,Checking or savings account
2025-10-20,16695070,Credit card,Credit card
2025-09-01,15649238,Credit reporting or other personal consumer reports,Credit reporting or other personal consumer reports
2026-01-09,18605777,Mortgage,Mortgage
2025-07-17,14708807,Vehicle loan or lease,Vehicle loan or lease
2025-10-14,16570520,Checking or savings account,Checking or savings account
2025-09-12,15905527,Checking or savings account,Checking or savings account
2025-07-08,14520447,"Money transfer, virtual currency, or money service","Money transfer, virtual currency, or money service"
2025-11-28,17955510,Credit reporting or other personal consumer reports,Credit reporting or other personal consumer reports
2026-01-06,18511153,Checking or savings account,Credit card
2025-09-26,16166253,Mortgage,Mortgage
2025-11-21,18535053,Checking or savings account,Checking or savings account
2025-07-28,14908343,Checking or savings account,Checking or savings account
2025-08-08,15173208,Checking or savings account,Checking or savings account
2025-07-11,14592209,"Money transfer, virtual currency, or money service",Checking or savings account
2025-07-10,14577447,Credit card,Credit card
2025-07-04,14465284,Checking or savings account,Checking or savings account
2026-01-30,19139684,Checking or savings account,Checking or savings account
2025-12-24,18276618,Checking or savings account,Checking or savings account
2025-07-10,14571768,"Money transfer, virtual currency, or money service",Checking or savings account
2025-08-09,15186249,Credit card,Credit card
2025-09-24,16160713,Credit reporting or other personal consumer reports,Credit reporting or other personal consumer reports
2025-08-02,15023489,Credit card,Credit card
2025-10-07,16421464,Checking or savings account,Checking or savings account
2026-01-26,18996977,Checking or savings account,Credit card
2025-11-17,17303025,Checking or savings account,Checking or savings account
2025-09-14,15929297,Debt collection,Credit reporting or other personal consumer reports
2025-08-13,15265883,Credit card,Credit card
2026-01-14,18706854,Credit card,Debt collection
2025-11-24,17836364,"Money transfer, virtual currency, or money service",Checking or savings account
2025-10-31,16917659,Credit card,Credit card
2025-08-22,15447544,Credit card,Credit card
2025-09-23,16125557,Debt collection,Credit reporting or other personal consumer reports
2025-09-26,16191842,Credit card,Credit reporting or other personal consumer reports
2025-08-13,15255649,Credit card,Credit card
2025-08-20,15414196,"Money transfer, virtual currency, or money service","Money transfer, virtual currency, or money service"
2026-01-22,18922640,Credit card,Credit card
2025-11-07,17097976,Credit reporting or other personal consumer reports,Debt collection
2025-11-21,17750103,Checking or savings account,Checking or savings account
2025-09-18,16024188,Credit card,Credit card
2025-11-14,17249821,Debt collection,Credit reporting or other personal consumer reports
2025-10-17,16664379,Checking or savings account,Checking or savings account
2026-01-26,18997383,"Money transfer, virtual currency, or money service",Credit card
2025-09-19,16057388,Checking or savings account,Checking or savings account
2025-08-15,15311600,Checking or savings account,Checking or savings account
2025-07-14,14648378,Credit card,Credit card
2025-09-18,16011683,Credit reporting or other personal consumer reports,Debt collection
2025-10-29,16891143,Credit reporting or other personal consumer reports,Credit reporting or other personal consumer reports
2026-01-06,18508611,Checking or savings account,Checking or savings account
2026-01-03,18447287,Checking or savings account,Checking or savings account
2025-09-15,15944372,Credit reporting or other personal consumer reports,Debt collection
2026-01-30,19142932,Checking or savings account,Checking or savings account
2025-09-03,15692242,Credit card,Credit card
2026-01-03,18444894,Checking or savings account,Checking or savings account
2026-01-25,18986287,Credit card,Credit card
2025-09-15,15944670,Checking or savings account,"Money transfer, virtual currency, or money service"
2026-01-22,18912419,Credit card,Credit card
2025-11-13,17208132,Checking or savings account,Checking or savings account
2025-11-26,17952151,Checking or savings account,Checking or savings account
2025-11-09,17119753,Checking or savings account,Checking or savings account
2026-01-20,18871081,Credit card,Credit card
2026-01-22,18936646,Checking or savings account,Checking or savings account
2026-01-30,19133599,Checking or savings account,Credit card
2025-10-23,16783143,Credit card,Credit card
2026-01-25,18994878,Checking or savings account,Checking or savings account
2025-07-03,14444586,Credit card,Credit card
2025-11-21,17416661,Checking or savings account,Checking or savings account
2025-07-28,14923097,Checking or savings account,Debt collection
2025-08-28,15567869,Checking or savings account,Checking or savings account
2025-09-10,15849582,Mortgage,Mortgage
2026-01-24,18975340,Checking or savings account,Checking or savings account
2025-11-17,17300310,"Money transfer, virtual currency, or money service",Checking or savings account
2025-09-29,16252177,Credit card,Credit card
2026-01-26,19013415,Checking or savings account,Checking or savings account
2025-08-28,15594298,"Money transfer, virtual currency, or money service",Checking or savings account
2025-07-17,14715214,Checking or savings account,Checking or savings account
2025-12-26,18300509,Checking or savings account,Checking or savings account
2025-07-16,14686520,"Money transfer, virtual currency, or money service","Money transfer, virtual currency, or money service"
2025-11-25,17877638,Checking or savings account,Checking or savings account
2026-01-13,18675335,Credit card,Credit card
2025-07-29,14947028,Checking or savings account,Checking or savings account
2026-01-28,19080990,Checking or savings account,Checking or savings account
2025-10-22,16744775,Checking or savings account,Checking or savings account
2026-01-22,18927294,Mortgage,Mortgage
2026-01-21,18879570,Checking or savings account,Checking or savings account
2025-08-15,15308577,Checking or savings account,Checking or savings account
2026-01-23,18960217,Credit card,Credit card
2025-11-04,17020425,Credit card,Credit card
2025-08-16,15332178,Credit card,Credit card
2025-11-19,17363477,"Money transfer, virtual currency, or money service","Money transfer, virtual currency, or money service"
2026-01-07,18524259,Credit card,Credit card
2025-10-28,16863640,Credit card,Checking or savings account
2025-09-08,15799378,Checking or savings account,Checking or savings account
2025-10-27,16831797,Credit card,Credit card
2025-07-15,14663213,Checking or savings account,Checking or savings account
2026-01-13,18683015,Checking or savings account,Checking or savings account
2025-11-19,17360533,"Money transfer, virtual currency, or money service","Money transfer, virtual currency, or money service"
2025-12-24,18278053,Checking or savings account,Checking or savings account
2025-10-31,16955364,Checking or savings account,Checking or savings account
2025-10-14,16555008,Checking or savings account,Checking or savings account
2025-08-22,15450853,Credit card,Credit card
2025-12-26,18293034,Credit reporting or other personal consumer reports,Credit reporting or other personal consumer reports
2025-11-24,17884663,Credit card,Credit card
2026-01-27,19049747,Checking or savings account,Checking or savings account
2025-12-08,17819972,Checking or savings account,Checking or savings account
2025-11-03,16981424,Credit card,Credit card
2025-09-26,16202867,Checking or savings account,Checking or savings account
2025-11-10,17139547,Credit reporting or other personal consumer reports,Credit reporting or other personal consumer reports
2025-11-22,18374755,Credit card,Checking or savings account
2025-07-26,14896248,Checking or savings account,Checking or savings account
2026-01-14,18702696,Credit card,Credit card
2025-07-09,14561098,Checking or savings account,Checking or savings account
2025-12-23,18235778,Checking or savings account,Credit card
2025-11-21,17800970,Checking or savings account,Checking or savings account
2025-09-03,15697750,"Money transfer, virtual currency, or money service",Checking or savings account
2025-10-16,16615390,Checking or savings account,Checking or savings account
2025-10-21,16726075,Checking or savings account,Checking or savings account
2026-01-09,18611589,Credit card,Credit card
2025-10-15,16584778,Checking or savings account,"Money transfer, virtual currency, or money service"
2025-11-26,17922626,Credit card,Credit card
2026-01-27,19051964,Checking or savings account,Checking or savings account
2025-12-26,18299757,Debt collection,Debt collection
2025-10-06,16391976,"Money transfer, virtual currency, or money service","Money transfer, virtual currency, or money service"
2026-01-13,18689329,Checking or savings account,Credit card
2025-12-03,18111389,Debt collection,Credit reporting or other personal consumer reports
2025-12-23,18257947,Checking or savings account,Checking or savings account
2026-01-19,18835136,Checking or savings account,Checking or savings account
2025-07-14,14642139,Credit card,Credit card
2025-12-15,18031972,Credit reporting or other personal consumer reports,Credit reporting or other personal consumer reports
2025-09-17,15992262,Checking or savings account,Checking or savings account
2025-12-28,18332341,Credit card,Credit card
2025-11-13,17227871,Checking or savings account,Checking or savings account
2025-11-05,17038952,Credit reporting or other personal consumer reports,Credit reporting or other personal consumer reports
2025-09-27,16219848,Credit card,Credit card
2026-01-13,18691645,Debt collection,Credit card
2025-08-02,15025340,Checking or savings account,Checking or savings account
2025-08-05,15100431,Checking or savings account,Checking or savings account
2026-01-26,18998107,Credit card,Credit reporting or other personal consumer reports
2025-07-20,14790470,Checking or savings account,Checking or savings account
2025-09-02,15670574,Credit card,Credit card
2025-10-22,16744262,Checking or savings account,Checking or savings account
2026-01-22,18926358,Checking or savings account,Checking or savings account
2025-11-23,17455581,"Money transfer, virtual currency, or money service",Checking or savings account
2025-07-29,14960145,Checking or savings account,Checking or savings account
2025-07-03,14411546,Checking or savings account,Checking or savings account
2025-07-02,14421172,"Money transfer, virtual currency, or money service",Checking or savings account
2025-12-03,18074136,Credit card,Credit card
2025-07-29,14952710,Vehicle loan or lease,Credit card
2025-10-07,16430856,Credit card,Credit reporting or other personal consumer reports
2025-09-29,16239937,Credit card,Credit card
2025-08-28,15574798,"Money transfer, virtual currency, or money service",Checking or savings account
2025-07-07,14484795,Checking or savings account,Checking or savings account
2025-07-09,14561639,Debt collection,Debt collection
2025-07-16,14680729,Checking or savings account,Checking or savings account
2025-12-14,18026480,Credit reporting or other personal consumer reports,Debt collection
2025-10-07,16422540,Credit card,Credit card
2026-01-14,18701846,Checking or savings account,Checking or savings account
2025-11-22,17771784,Credit card,Credit card
2025-10-21,16692348,Checking or savings account,Checking or savings account
2026-01-29,19090406,Checking or savings account,"Money transfer, virtual currency, or money service"
2025-12-22,18215687,Credit card,Credit card
2025-09-27,16219066,Checking or savings account,Checking or savings account
2026-01-09,18610518,Checking or savings account,Checking or savings account
2025-08-14,15291889,Checking or savings account,Checking or savings account
2025-07-01,14390050,Checking or savings account,Checking or savings account
2025-09-25,16144496,Checking or savings account,Checking or savings account
2025-08-29,15604306,Checking or savings account,Checking or savings account
2025-08-13,15256012,Credit reporting or other personal consumer reports,Credit reporting or other personal consumer reports
2025-08-10,15195685,Credit card,Credit card
2025-11-17,17299891,Credit card,Credit card
2025-12-04,18074372,Checking or savings account,Credit card
2025-08-15,15311344,Debt collection,Credit card
2025-12-04,18114444,Checking or savings account,Checking or savings account
2025-10-08,16450725,Checking or savings account,Checking or savings account
2025-08-18,15354054,Credit reporting or other personal consumer reports,Credit card
2025-10-21,16719794,Checking or savings account,Checking or savings account
2025-08-05,15092351,Checking or savings account,Checking or savings account
2025-10-24,16801851,Checking or savings account,Credit card
2025-07-18,14730080,Credit card,Credit card
2025-10-18,16648913,Credit reporting or other personal consumer reports,Credit reporting or other personal consumer reports
2025-07-23,14838843,Credit card,Credit card
2025-08-30,15610389,Checking or savings account,Checking or savings account
2025-10-28,16836945,"Money transfer, virtual currency, or money service","Money transfer, virtual currency, or money service"
2025-10-25,16818947,Checking or savings account,Checking or savings account
2025-11-26,17887313,Credit card,Credit card
2025-11-21,17401614,Checking or savings account,Checking or savings account
2026-01-20,18853849,Checking or savings account,Checking or savings account
2025-11-23,17453850,Credit card,Credit card
2025-10-09,16467968,Credit card,Credit reporting or other personal consumer reports
2025-08-01,14989651,Checking or savings account,Credit card
2026-01-12,18650495,Checking or savings account,Checking or savings account
2025-12-23,18250945,Credit card,Credit card
2025-08-08,15174622,Checking or savings account,"Money transfer, virtual currency, or money service"
2025-12-31,18393505,Checking or savings account,Checking or savings account
2026-01-24,18982221,Credit card,Credit card
2025-12-03,18072586,Credit card,Credit card
2025-10-14,16561471,Credit card,Credit reporting or other personal consumer reports
2025-10-28,16876671,Credit card,Credit card
2025-08-07,15147066,Checking or savings account,Checking or savings account
2025-12-03,18141269,Checking or savings account,Checking or savings account
2025-12-09,17868073,Credit card,Credit card
2025-09-07,15777295,Checking or savings account,"Money transfer, virtual currency, or money service"
2025-10-28,16837732,Checking or savings account,Checking or savings account
2025-12-01,18048844,Credit card,Credit card
2025-09-10,15855955,Credit card,Credit card
2025-08-10,15185108,Credit card,Credit card
2025-07-30,14965972,Checking or savings account,Checking or savings account
2025-07-29,14946903,Checking or savings account,Checking or savings account
2025-11-28,17961196,Credit card,Credit card
2025-10-17,16656090,Credit card,Credit card
2025-12-07,17814551,Checking or savings account,Checking or savings account
2025-12-09,17889430,Credit card,Credit card
2025-07-30,14981429,Checking or savings account,Checking or savings account
2025-07-21,14782626,Checking or savings account,Checking or savings account
2025-11-03,16971798,Checking or savings account,Checking or savings account
2025-10-02,16333267,Credit card,Credit card
2025-11-26,17921016,Debt collection,Debt collection
2025-08-30,15623813,Checking or savings account,Checking or savings account
2026-01-15,18750775,Checking or savings account,Checking or savings account
2025-09-18,16020175,Checking or savings account,Credit card
2025-11-19,17358291,Credit card,Credit card
2025-07-02,14424090,Checking or savings account,Checking or savings account
2025-12-08,17830642,Checking or savings account,Checking or savings account
2025-11-26,17921097,Credit card,Checking or savings account
2026-01-07,18517334,Checking or savings account,Checking or savings account
2025-12-25,18282770,Checking or savings account,"Money transfer, virtual currency, or money service"
2026-01-06,18509163,Checking or savings account,Checking or savings account
2025-12-04,18140037,"Money transfer, virtual currency, or money service","Money transfer, virtual currency, or money service"
2026-01-12,18661628,Checking or savings account,Checking or savings account
2025-09-13,15916042,"Money transfer, virtual currency, or money service","Money transfer, virtual currency, or money service"
2026-01-19,18838435,Credit card,Credit card
2026-01-27,19044483,Credit card,Credit card
2025-10-31,16949595,Checking or savings account,Credit card
2025-07-29,14951410,"Money transfer, virtual currency, or money service",Checking or savings account
2026-01-13,18693268,Checking or savings account,"Money transfer, virtual currency, or money service"
2025-10-27,16844820,Checking or savings account,Checking or savings account
2025-12-23,18262797,Credit card,Credit card
2025-10-17,16658447,Checking or savings account,Credit card
2025-12-04,18106920,Checking or savings account,Checking or savings account
2025-10-03,16345348,Checking or savings account,Checking or savings account
2025-12-15,18036877,Checking or savings account,Checking or savings account
2025-08-07,15150053,Credit reporting or other personal consumer reports,Credit reporting or other personal consumer reports
2025-10-14,16566688,Checking or savings account,Checking or savings account
2026-01-24,18981088,Credit card,Checking or savings account
2025-08-19,15373840,Checking or savings account,Checking or savings account
2025-09-29,16232527,Credit card,Credit card
2025-09-28,16216505,Credit reporting or other personal consumer reports,Credit reporting or other personal consumer reports
2025-07-29,14957065,Checking or savings account,Checking or savings account
2025-08-15,15314059,Checking or savings account,Checking or savings account
2025-10-01,16293973,Checking or savings account,"Money transfer, virtual currency, or money service"
2026-01-28,19057844,"Money transfer, virtual currency, or money service",Checking or savings account
2026-01-24,18973569,Checking or savings account,Checking or savings account
2025-09-27,16220848,Credit card,Credit card
2025-11-03,16982069,Credit card,Credit card
2025-09-19,16065031,Checking or savings account,Checking or savings account
2025-08-21,15437825,Checking or savings account,Credit card
2025-11-25,17926829,Checking or savings account,Checking or savings account
2026-01-06,18505986,Checking or savings account,Checking or savings account
2025-07-10,14574843,Checking or savings account,Checking or savings account
2025-07-28,14929838,Checking or savings account,Checking or savings account
2025-07-07,14507458,Checking or savings account,Checking or savings account
2025-11-27,17762725,Credit card,Credit card
2025-10-30,16920246,Checking or savings account,Checking or savings account
2025-08-14,15254242,Checking or savings account,"Money transfer, virtual currency, or money service"
2025-09-12,15914010,Checking or savings account,Checking or savings account
2025-12-16,18075185,Checking or savings account,Checking or savings account
2025-12-03,18105989,Vehicle loan or lease,Vehicle loan or lease
2026-01-27,19045383,Checking or savings account,Checking or savings account
2025-11-07,17064216,Credit reporting or other personal consumer reports,Credit reporting or other personal consumer reports
2025-11-04,17012210,Credit card,Credit card
2025-11-03,16993920,Credit card,Credit card
2025-09-24,16146668,"Money transfer, virtual currency, or money service",Checking or savings account
2025-07-10,14573330,Debt collection,Credit reporting or other personal consumer reports
2025-08-20,15399820,Credit card,Credit card
2026-01-06,18515475,Credit card,Credit card
2026-01-12,18647727,Checking or savings account,Checking or savings account
2025-08-04,15071885,Debt collection,Debt collection
2025-07-04,14466421,Checking or savings account,Checking or savings account
2026-01-18,18817537,Checking or savings account,Checking or savings account
2025-12-28,18325818,Checking or savings account,Debt collection
2025-12-04,18108379,Mortgage,Mortgage
2025-07-15,14676407,Checking or savings account,Checking or savings account
2025-07-10,14536971,Checking or savings account,Checking or savings account
2026-01-29,19092239,Credit card,Credit card
2025-07-31,14994797,Credit card,Credit card
2025-09-09,15830358,Checking or savings account,Checking or savings account
2025-08-13,15249257,Checking or savings account,Checking or savings account
2025-11-19,17363302,Checking or savings account,Checking or savings account
2025-07-05,14464188,Checking or savings account,Checking or savings account
2025-11-09,17124832,Checking or savings account,Checking or savings account
2025-11-05,17051344,Debt collection,Credit reporting or other personal consumer reports
2025-07-10,14569650,Credit reporting or other personal consumer reports,Credit reporting or other personal consumer reports
2026-01-14,18704268,Checking or savings account,Checking or savings account
2026-01-26,18999241,Checking or savings account,Checking or savings account
2025-07-07,14484792,Checking or savings account,Checking or savings account
2025-10-27,16841812,Credit card,Credit card
2025-08-30,15624423,Credit card,Credit card
2026-01-24,18977336,Checking or savings account,Checking or savings account
2026-01-06,18499622,Credit card,Credit card
2025-11-21,17413035,Checking or savings account,Checking or savings account
2025-08-27,15552070,Credit card,Credit card
2025-07-19,14757004,Checking or savings account,Checking or savings account
2025-09-10,15847946,Checking or savings account,Checking or savings account
2025-09-30,16272180,Checking or savings account,Checking or savings account
2025-09-03,15695839,Checking or savings account,Checking or savings account
2025-10-31,16945223,Checking or savings account,Checking or savings account
2026-01-11,18633940,Checking or savings account,Checking or savings account
2026-01-21,18881516,Credit card,Credit card
2025-10-27,16842659,Checking or savings account,Checking or savings account
2025-07-25,14878127,"Money transfer, virtual currency, or money service","Money transfer, virtual currency, or money service"
2026-01-13,18670563,Checking or savings account,Checking or savings account
2025-10-18,16643665,Debt collection,Credit reporting or other personal consumer reports
2025-09-29,16252925,Checking or savings account,Checking or savings account
2025-11-16,17284876,Checking or savings account,Checking or savings account
2026-01-27,19042356,Checking or savings account,Checking or savings account
2026-01-18,18813628,Mortgage,Mortgage
2025-12-03,18072127,Checking or savings account,Checking or savings account
2025-10-22,16744550,Debt collection,Debt collection
2025-07-16,14679512,Checking or savings account,Checking or savings account
2025-09-17,16001555,Credit card,Credit reporting or other personal consumer reports
2025-08-12,15235557,Checking or savings account,Checking or savings account
2025-11-22,17442757,Vehicle loan or lease,Credit card
2025-12-07,17807535,Credit reporting or other personal consumer reports,Credit reporting or other personal consumer reports
2025-07-02,14400681,Credit card,Credit card
2025-09-15,15928224,Checking or savings account,Checking or savings account
2025-07-25,14884876,Credit reporting or other personal consumer reports,Credit reporting or other personal consumer reports
2025-11-26,17922330,Debt collection,Debt collection
2025-10-01,16279859,Debt collection,Credit reporting or other personal consumer reports
2025-12-24,18266135,Credit reporting or other personal consumer reports,Credit card
2025-11-28,17957126,Checking or savings account,Checking or savings account
2026-01-26,19006275,Credit card,Credit card
2025-07-21,14783945,Credit card,Credit card
2026-01-04,18449079,Checking or savings account,Checking or savings account
2026-01-22,18937667,Checking or savings account,Checking or savings account
2025-10-27,16856007,Debt collection,Credit reporting or other personal consumer reports
2025-07-27,14908677,Credit reporting or other personal consumer reports,Credit reporting or other personal consumer reports
2025-09-08,15796266,Mortgage,Mortgage
2025-10-17,16641741,Credit reporting or other personal consumer reports,Credit reporting or other personal consumer reports
2025-07-19,14753657,Credit reporting or other personal consumer reports,Credit reporting or other personal consumer reports
2025-09-21,16118483,Checking or savings account,Credit card
2025-09-08,15805002,Credit card,Credit card
2025-07-09,14530146,Credit card,Credit card
2025-08-23,15475819,Checking or savings account,Checking or savings account
2025-08-28,15587072,Credit card,Credit card
2025-08-28,15563142,Checking or savings account,Checking or savings account
2025-09-08,15791480,Credit card,Credit card
2025-08-15,15312656,Credit card,Credit card
2025-07-24,14820896,"Money transfer, virtual currency, or money service","Money transfer, virtual currency, or money service"
2025-07-08,14484539,Credit card,Credit card
2025-07-10,14569155,Checking or savings account,Checking or savings account
2025-08-08,15175688,Checking or savings account,Credit card
2025-08-01,15031283,Credit card,Credit card
2025-11-15,17272651,Checking or savings account,Checking or savings account
2025-09-02,15676753,Credit card,Credit card
2025-11-19,17368871,Checking or savings account,Checking or savings account
2025-08-28,15589411,Checking or savings account,Checking or savings account
2026-01-28,19086853,Checking or savings account,Checking or savings account
2025-08-12,15230032,"Money transfer, virtual currency, or money service",Checking or savings account
2025-07-09,14541577,Credit reporting or other personal consumer reports,Credit reporting or other personal consumer reports
2025-07-03,14438857,Checking or savings account,Checking or savings account
2025-07-14,14643089,Credit card,Credit card
2025-11-26,17894032,Credit card,Credit card
2025-11-26,17888263,Credit card,Credit card
2025-09-27,16215787,Checking or savings account,Checking or savings account
2025-08-29,15603178,Checking or savings account,Checking or savings account
2025-10-19,16682056,Debt collection,Credit reporting or other personal consumer reports
2025-11-14,17248648,Checking or savings account,Checking or savings account
2025-11-24,17887288,Checking or savings account,Credit card
2025-07-01,14402829,Checking or savings account,Checking or savings account
2025-09-26,16200082,"Money transfer, virtual currency, or money service","Money transfer, virtual currency, or money service"
2026-01-27,19035880,Checking or savings account,Checking or savings account
2025-11-10,17132421,Credit card,Credit card
2025-12-31,18393126,Checking or savings account,Checking or savings account
2025-10-24,16814106,Credit reporting or other personal consumer reports,Credit reporting or other personal consumer reports
2025-07-02,14411768,Checking or savings account,Checking or savings account
2025-09-19,16063816,Checking or savings account,Checking or savings account
2025-11-05,17036521,Debt collection,Credit reporting or other personal consumer reports
2025-12-03,18105287,"Money transfer, virtual currency, or money service","Money transfer, virtual currency, or money service"
2025-08-22,15428989,Checking or savings account,Checking or savings account
2025-11-08,17089381,"Money transfer, virtual currency, or money service",Checking or savings account
2025-07-02,14419119,"Money transfer, virtual currency, or money service",Checking or savings account
2025-11-14,17249890,Checking or savings account,Checking or savings account
2025-09-16,15979032,Checking or savings account,Checking or savings account
2026-01-07,18535503,Credit card,Credit card
2025-08-14,15292815,Checking or savings account,Checking or savings account
2025-08-17,15340586,Checking or savings account,Checking or savings account
2026-01-21,18888970,Checking or savings account,Checking or savings account
2025-07-09,14531857,Checking or savings account,Checking or savings account
2025-08-06,15117104,Credit reporting or other personal consumer reports,Credit reporting or other personal consumer reports
2025-08-31,15632232,Checking or savings account,Checking or savings account
2026-01-02,18430548,Credit card,Checking or savings account
2025-11-27,17541481,Credit card,Checking or savings account
2025-07-11,14601053,Debt collection,Debt collection
2025-12-07,17812829,Credit reporting or other personal consumer reports,Credit reporting or other personal consumer reports
2025-12-29,18339167,Credit card,Credit card
2025-11-06,17068728,Checking or savings account,Credit card
2025-12-27,18323116,Checking or savings account,Checking or savings account
2025-10-29,16896496,Mortgage,Credit reporting or other personal consumer reports
2025-12-30,18368396,Checking or savings account,Checking or savings account
2025-07-30,14972264,Credit card,Credit card
2025-08-28,15590222,Credit card,Credit card
2025-09-04,15720625,Credit card,Checking or savings account
2025-07-15,14668857,Credit reporting or other personal consumer reports,Credit card
2025-08-08,15158856,Credit card,Credit card
2025-12-30,18375949,Credit card,Credit card
2026-01-21,18900173,Credit card,Credit card
2025-07-01,14403203,Checking or savings account,Checking or savings account
2025-07-04,14468041,"Money transfer, virtual currency, or money service",Checking or savings account
2025-12-03,18071580,Debt collection,Credit reporting or other personal consumer reports
2025-07-24,14858763,Credit card,Credit card
2025-09-04,15720266,Checking or savings account,Checking or savings account
2025-09-04,15731715,Checking or savings account,"Money transfer, virtual currency, or money service"
2025-07-23,14836917,"Money transfer, virtual currency, or money service",Credit card
2025-11-21,17414486,Checking or savings account,Checking or savings account
2026-01-28,19076335,Checking or savings account,Checking or savings account
2025-08-12,15238203,Credit card,Credit card
2025-07-25,14854919,Vehicle loan or lease,Vehicle loan or lease
2025-11-17,17311061,Checking or savings account,Checking or savings account
2025-07-01,14399117,Checking or savings account,Checking or savings account
2025-08-06,15117543,Checking or savings account,Checking or savings account
2025-10-02,16314231,"Money transfer, virtual currency, or money service","Money transfer, virtual currency, or money service"
2026-01-09,18599272,Checking or savings account,Checking or savings account
2025-11-05,17049354,Credit card,Credit card
2026-01-12,18650196,Debt collection,Debt collection
2025-09-26,16212475,Credit reporting or other personal consumer reports,Credit reporting or other personal consumer reports
2025-10-06,16393605,"Money transfer, virtual currency, or money service","Money transfer, virtual currency, or money service"
2025-08-02,15030189,Credit reporting or other personal consumer reports,Credit reporting or other personal consumer reports
2025-08-26,15525332,"Money transfer, virtual currency, or money service","Money transfer, virtual currency, or money service"
2025-12-31,18398141,Credit card,Credit card
2025-11-02,16973124,Checking or savings account,Credit card
2026-01-02,18421552,Credit card,Credit card
2026-01-23,18960207,Credit card,Credit card
2025-07-22,14813675,Vehicle loan or lease,Vehicle loan or lease
2025-07-01,14395179,Checking or savings account,Checking or savings account
2025-10-25,16817930,Credit reporting or other personal consumer reports,Credit reporting or other personal consumer reports
2025-07-10,14557879,Checking or savings account,Checking or savings account
2025-08-01,15049931,Checking or savings account,Checking or savings account
2025-08-06,15122526,Checking or savings account,Checking or savings account
2026-01-22,18913798,Checking or savings account,Checking or savings account
2026-01-27,19048462,Credit card,Credit card
2025-12-29,18341061,"Money transfer, virtual currency, or money service","Money transfer, virtual currency, or money service"
2026-01-29,19108249,Credit card,Credit card
2025-12-22,18210051,Credit card,Credit card
2025-10-29,16858541,Checking or savings account,Checking or savings account
2025-10-28,16865031,Credit card,Credit card
2026-01-27,19042367,Credit card,Credit card
2025-07-25,14883682,Credit card,Credit reporting or other personal consumer reports
2025-12-10,17905302,Credit card,Credit reporting or other personal consumer reports
2025-12-04,18113388,Credit card,Credit card
2025-08-04,15065353,Credit card,Credit card
2025-07-11,14589994,Credit card,Credit card
2026-01-29,19096358,Credit card,Credit card
2025-08-30,15608081,Credit card,Credit card
2025-08-01,15043739,Checking or savings account,Credit card
2025-12-08,17844690,Credit card,Credit reporting or other personal consumer reports
2025-11-07,17105974,Checking or savings account,Checking or savings account
2025-08-13,15275077,Checking or savings account,Checking or savings account
2025-11-11,17170661,"Money transfer, virtual currency, or money service",Checking or savings account
2025-12-08,17837736,Checking or savings account,Checking or savings account
2025-08-07,15144574,Credit card,Checking or savings account
2025-08-06,15121290,Checking or savings account,Checking or savings account
2025-09-23,16131471,Checking or savings account,Checking or savings account
2025-10-13,16552671,Credit card,Credit card
2025-09-04,15684260,Checking or savings account,Checking or savings account
2025-08-21,15440616,Debt collection,Credit reporting or other personal consumer reports
2025-07-30,14939819,Checking or savings account,Checking or savings account
2025-09-18,16011690,Debt collection,Credit reporting or other personal consumer reports
2025-11-09,17120053,Credit card,Credit card
2025-11-05,17031773,Mortgage,Mortgage
2025-08-11,15207183,Checking or savings account,Checking or savings account
2025-10-03,16353397,Checking or savings account,Checking or savings account
2025-07-02,14423067,"Money transfer, virtual currency, or money service","Money transfer, virtual currency, or money service"
2025-09-08,15774586,"Money transfer, virtual currency, or money service","Money transfer, virtual currency, or money service"
2026-01-04,18450737,Credit card,Credit card
2025-07-01,14391826,Credit card,Credit card
2025-07-31,15003018,Checking or savings account,"Money transfer, virtual currency, or money service"
2025-07-29,14916584,Credit reporting or other personal consumer reports,Credit reporting or other personal consumer reports
2025-09-15,18585185,Credit card,Credit reporting or other personal consumer reports
2026-01-25,18993717,Credit card,Credit reporting or other personal consumer reports
2025-12-16,18087281,"Money transfer, virtual currency, or money service",Credit card
2025-12-18,18153931,Checking or savings account,Checking or savings account
2025-12-23,18237142,"Money transfer, virtual currency, or money service",Checking or savings account
2026-01-13,18691070,Checking or savings account,Checking or savings account
2025-09-10,15845590,"Money transfer, virtual currency, or money service","Money transfer, virtual currency, or money service"
2025-10-30,16919890,Credit card,Credit card
2025-08-25,15496257,"Money transfer, virtual currency, or money service","Money transfer, virtual currency, or money service"
2025-11-20,17826205,Checking or savings account,Checking or savings account
2025-10-29,16897636,Credit card,Credit card
2025-12-31,18396548,Credit card,Credit card
2025-11-20,17353054,Credit reporting or other personal consumer reports,Credit reporting or other personal consumer reports
2026-01-13,18699546,Credit card,Checking or savings account
2025-11-18,17340722,Credit card,Credit card
2025-09-26,16203294,Credit reporting or other personal consumer reports,Credit reporting or other personal consumer reports
2025-10-31,16953735,Checking or savings account,Checking or savings account
2025-09-03,15701767,"Money transfer, virtual currency, or money service","Money transfer, virtual currency, or money service"
2025-12-03,18141718,Checking or savings account,Checking or savings account
2025-09-25,16139815,Checking or savings account,Checking or savings account
2025-09-26,16205234,Checking or savings account,Checking or savings account
2025-10-28,16870102,Checking or savings account,Checking or savings account
2025-11-20,17402319,Checking or savings account,Checking or savings account
2025-10-10,16511183,Checking or savings account,Checking or savings account
2025-08-28,15576830,"Money transfer, virtual currency, or money service","Money transfer, virtual currency, or money service"
2025-07-15,14669700,Checking or savings account,Checking or savings account
2025-07-15,14667523,Checking or savings account,Checking or savings account
2025-07-25,14875164,Checking or savings account,Checking or savings account
2025-10-09,16474267,Checking or savings account,Checking or savings account
2025-08-12,15236050,Checking or savings account,Checking or savings account
2025-11-25,17832452,Credit card,Credit card
2025-07-09,14546657,Vehicle loan or lease,Vehicle loan or lease
2025-11-20,17403944,"Money transfer, virtual currency, or money service","Money transfer, virtual currency, or money service"
2025-10-08,16431733,Checking or savings account,Checking or savings account
2025-11-10,17144915,Credit reporting or other personal consumer reports,Credit reporting or other personal consumer reports
2025-07-03,14410275,Checking or savings account,Checking or savings account
2025-08-15,15312711,"Money transfer, virtual currency, or money service","Money transfer, virtual currency, or money service"
2026-01-21,18877511,Checking or savings account,Checking or savings account
2025-10-30,16927192,"Money transfer, virtual currency, or money service","Money transfer, virtual currency, or money service"
2025-07-23,14845962,Checking or savings account,Checking or savings account
2025-09-07,15777717,Credit card,Credit card
2025-10-16,16628167,Checking or savings account,Checking or savings account
2025-12-28,18324988,Credit card,Credit card
2025-10-29,16900208,"Money transfer, virtual currency, or money service","Money transfer, virtual currency, or money service"
2025-07-31,14994277,Checking or savings account,Checking or savings account
2025-09-03,15707108,Checking or savings account,Checking or savings account
2025-10-08,16444040,"Money transfer, virtual currency, or money service","Money transfer, virtual currency, or money service"
2025-07-22,14803866,Checking or savings account,Checking or savings account
2025-07-02,14416884,Checking or savings account,Checking or savings account
2025-09-26,16211577,Checking or savings account,Checking or savings account
2025-08-23,15476108,Checking or savings account,Checking or savings account
2025-09-19,16054442,Checking or savings account,Checking or savings account
2025-11-21,17802729,Checking or savings account,Checking or savings account
2025-08-06,15118625,Credit card,Credit card
2026-01-27,19042465,Credit card,Credit card
2025-12-03,17993812,Credit card,Credit reporting or other personal consumer reports
2026-01-27,19042772,Checking or savings account,"Money transfer, virtual currency, or money service"
2025-12-21,18206475,Credit card,Credit card
2025-11-24,17458725,Checking or savings account,"Money transfer, virtual currency, or money service"
2025-08-17,15338406,Checking or savings account,Checking or savings account
2026-01-03,18438609,Checking or savings account,Checking or savings account
2025-09-18,16036130,Credit card,Credit card
2025-08-25,15490831,Checking or savings account,Checking or savings account
2025-08-22,15459100,Credit card,Credit card
2025-09-24,16151569,Checking or savings account,Checking or savings account
2025-08-14,15281210,Checking or savings account,Checking or savings account
2025-09-03,15703060,Checking or savings account,Credit card
2025-10-28,16836681,Credit card,Credit card
2026-01-14,18706838,"Money transfer, virtual currency, or money service",Checking or savings account
2025-07-01,14388464,Credit card,"Money transfer, virtual currency, or money service"
2026-01-01,18404709,Credit card,Credit card
2025-10-13,16547984,Checking or savings account,Checking or savings account
2025-09-11,15878758,Checking or savings account,Checking or savings account
2025-09-03,15689899,"Money transfer, virtual currency, or money service","Money transfer, virtual currency, or money service"
2025-10-14,16566197,Checking or savings account,Credit card
2025-09-17,16001634,Credit card,Credit card
2025-10-30,16932219,Credit reporting or other personal consumer reports,Credit reporting or other personal consumer reports
2025-11-06,17031224,Credit card,Credit card
2025-07-17,14721362,"Money transfer, virtual currency, or money service",Checking or savings account
2025-08-13,15264104,Debt collection,Credit reporting or other personal consumer reports
2025-09-10,15826339,Checking or savings account,Checking or savings account
2025-11-04,17029778,Checking or savings account,Checking or savings account
2025-11-10,17140288,Checking or savings account,Checking or savings account
2025-07-06,14477305,Credit card,Credit card
2025-08-22,15448849,Checking or savings account,Checking or savings account
2025-08-11,15199220,Credit card,Credit card
2025-12-03,18109169,Credit reporting or other personal consumer reports,Credit card
2025-12-23,18246745,Checking or savings account,Checking or savings account
2025-11-01,16966586,Checking or savings account,Checking or savings account
2025-07-28,14922600,Checking or savings account,Checking or savings account
2025-08-20,15404931,Checking or savings account,Checking or savings account
2025-08-19,15383634,Mortgage,Mortgage
2025-10-01,16288118,Checking or savings account,Checking or savings account
2026-01-20,18857584,Debt collection,Credit reporting or other personal consumer reports
2025-07-28,14925639,Checking or savings account,Checking or savings account
2026-01-08,18551745,Vehicle loan or lease,Vehicle loan or lease
2025-12-29,18348222,Checking or savings account,Checking or savings account
2025-09-15,15946589,Checking or savings account,Checking or savings account
2025-07-23,14839688,Credit card,Credit card
2025-07-26,14896799,Checking or savings account,Credit card
2025-07-15,14641165,Credit reporting or other personal consumer reports,Credit reporting or other personal consumer reports
2025-10-07,16420666,"Money transfer, virtual currency, or money service",Checking or savings account
2025-08-08,15175289,Credit card,Credit card
2025-12-04,18074795,Checking or savings account,Checking or savings account
2025-07-03,14445720,Checking or savings account,Checking or savings account
2025-09-03,15693218,Checking or savings account,Checking or savings account
2025-07-16,14681109,Checking or savings account,Checking or savings account
2025-07-02,14415221,Credit card,Credit card
2025-08-07,15148594,Checking or savings account,Checking or savings account
2025-07-26,14871642,Credit reporting or other personal consumer reports,Credit reporting or other personal consumer reports
2026-01-13,18670092,Checking or savings account,Checking or savings account
2025-12-08,17844136,Checking or savings account,Checking or savings account
2025-11-17,17310129,Credit reporting or other personal consumer reports,Credit reporting or other personal consumer reports
2025-10-03,16359449,Checking or savings account,"Money transfer, virtual currency, or money service"
2026-01-11,18637061,Checking or savings account,Checking or savings account
2025-08-27,15566752,Credit card,Credit card
2025-10-30,16913745,Credit reporting or other personal consumer reports,Credit reporting or other personal consumer reports
2025-11-23,17828225,Credit card,Credit card
2025-12-29,18339342,Credit card,Credit card
2025-07-31,14990927,Credit reporting or other personal consumer reports,Credit card
2025-07-08,14533773,Checking or savings account,Credit card
2025-07-22,14814785,Checking or savings account,Checking or savings account
2025-11-17,17298633,Checking or savings account,Checking or savings account
2025-12-16,18063035,Checking or savings account,Checking or savings account
2025-09-14,15928332,Credit reporting or other personal consumer reports,Credit card
2025-11-06,17031219,Credit reporting or other personal consumer reports,Credit reporting or other personal consumer reports
2025-10-17,17881348,Credit reporting or other personal consumer reports,Credit reporting or other personal consumer reports
2025-08-10,15191847,Debt collection,Credit card
2025-08-24,15507825,"Money transfer, virtual currency, or money service",Checking or savings account
2025-12-15,18032844,Credit card,Credit card
2025-07-28,14909116,"Money transfer, virtual currency, or money service","Money transfer, virtual currency, or money service"
2025-09-04,15722389,Credit card,Credit card
2025-09-03,15697694,Checking or savings account,Checking or savings account
2026-01-30,19137049,Checking or savings account,Checking or savings account
2025-12-03,18042511,Checking or savings account,Checking or savings account
2025-09-19,16053774,Checking or savings account,Checking or savings account
2025-12-03,18114344,Checking or savings account,Checking or savings account
2026-01-07,18539302,Checking or savings account,Checking or savings account
2025-12-08,17842113,Checking or savings account,Checking or savings account
2025-10-20,16678150,Checking or savings account,Checking or savings account
2025-12-04,18145680,Credit card,Checking or savings account
2025-09-02,15676368,Checking or savings account,Checking or savings account
2025-07-02,14420610,Checking or savings account,Checking or savings account
2025-11-18,17318976,Checking or savings account,Checking or savings account
2025-12-18,18151180,Checking or savings account,Checking or savings account
2025-12-02,17826724,"Money transfer, virtual currency, or money service","Money transfer, virtual currency, or money service"
2026-01-24,18974074,Credit card,Credit card
2026-01-13,18691004,Credit card,Credit reporting or other personal consumer reports
2025-07-28,14926669,Vehicle loan or lease,Vehicle loan or lease
2025-07-16,14686061,Checking or savings account,Checking or savings account
2025-07-17,14709704,Checking or savings account,Credit card
2025-07-28,14921996,Checking or savings account,"Money transfer, virtual currency, or money service"
2025-08-29,15604720,Credit card,Credit card
2025-10-13,16548977,Checking or savings account,Checking or savings account
2025-08-25,15502279,Checking or savings account,Checking or savings account
2025-10-05,16372130,Checking or savings account,Checking or savings account
2026-01-22,18911560,Checking or savings account,"Money transfer, virtual currency, or money service"
2026-01-20,18856706,Checking or savings account,Checking or savings account
2025-07-15,14663725,Checking or savings account,Checking or savings account
2025-10-14,16585097,Checking or savings account,Credit card
2025-07-26,14896376,Checking or savings account,Credit card
2025-11-06,17078755,Checking or savings account,Checking or savings account
2025-07-01,14391471,Checking or savings account,Checking or savings account
2025-08-07,15150672,Checking or savings account,Checking or savings account
2025-11-20,17400207,"Money transfer, virtual currency, or money service",Checking or savings account
2025-11-17,17303141,Credit card,Credit card
2025-10-01,16259499,Checking or savings account,Checking or savings account
2025-10-31,16952429,Checking or savings account,"Money transfer, virtual currency, or money service"
2025-12-18,18157459,Credit reporting or other personal consumer reports,Debt collection
2026-01-29,19097120,Checking or savings account,Credit card
2026-01-27,19044114,Credit card,Credit card
2025-10-28,16838546,Credit card,Credit card
2025-07-19,14753215,Checking or savings account,Checking or savings account
2025-12-07,17811593,Credit reporting or other personal consumer reports,Credit reporting or other personal consumer reports
2025-09-11,15886750,Debt collection,Debt collection
2025-07-12,14616595,Credit card,Credit card
2025-12-21,18206596,Credit card,Mortgage
2026-01-01,18404173,Checking or savings account,Checking or savings account
2025-10-30,16914022,Checking or savings account,Checking or savings account
2025-07-23,14845079,"Money transfer, virtual currency, or money service",Checking or savings account
2025-11-05,17042124,"Money transfer, virtual currency, or money service","Money transfer, virtual currency, or money service"
2025-09-16,15962273,Checking or savings account,Checking or savings account
2025-08-07,15152925,Checking or savings account,Checking or savings account
2025-09-06,15767585,Checking or savings account,"Money transfer, virtual currency, or money service"
2025-07-18,14731852,Checking or savings account,Checking or savings account
2025-08-27,15563473,Checking or savings account,Checking or savings account
2025-11-03,16994903,Credit card,Credit card
2026-01-02,18421117,"Money transfer, virtual currency, or money service","Money transfer, virtual currency, or money service"
2025-09-30,16281979,Checking or savings account,Credit card
2025-07-09,14540695,Credit card,Credit card
2025-07-10,14578047,Credit reporting or other personal consumer reports,Credit reporting or other personal consumer reports
2025-12-08,17823630,Checking or savings account,Checking or savings account
2025-12-30,18374749,Checking or savings account,Checking or savings account
2025-09-29,16236753,Checking or savings account,Checking or savings account
2025-10-01,16297843,Checking or savings account,Checking or savings account
2025-09-30,16236122,Checking or savings account,Checking or savings account
2025-11-18,17326170,Checking or savings account,"Money transfer, virtual currency, or money service"
2025-08-15,15311511,Debt collection,Credit card
2025-11-23,17445122,Checking or savings account,Checking or savings account
2025-07-01,14393045,Checking or savings account,Checking or savings account
2025-09-04,15727466,Debt collection,Credit reporting or other personal consumer reports
2025-11-24,17476534,Checking or savings account,Checking or savings account
2025-10-07,16417684,"Money transfer, virtual currency, or money service","Money transfer, virtual currency, or money service"
2025-12-30,18358828,Debt collection,Credit reporting or other personal consumer reports
2025-11-10,17137367,Checking or savings account,Checking or savings account
2025-07-25,14876474,Credit card,Checking or savings account
2026-01-22,18940217,Checking or savings account,Checking or savings account
2025-08-18,15340976,Checking or savings account,Checking or savings account
2025-09-01,15644254,"Money transfer, virtual currency, or money service",Checking or savings account
2025-07-31,15005271,Credit card,Credit card
2025-08-22,15467243,Credit card,Credit card
2025-12-24,18267794,Credit card,Credit card
2026-01-22,18936931,Checking or savings account,Checking or savings account
2025-07-07,14506731,Credit card,Credit card
2025-12-27,18312473,Checking or savings account,Checking or savings account
2025-10-20,16704645,Credit card,Credit card
2025-08-15,15279521,Checking or savings account,Checking or savings account
2025-10-16,16633317,Checking or savings account,Checking or savings account
2025-07-30,14943239,"Money transfer, virtual currency, or money service",Checking or savings account
2025-11-08,17109249,"Money transfer, virtual currency, or money service","Money transfer, virtual currency, or money service"
2025-09-02,15671058,Checking or savings account,Checking or savings account
2025-07-19,14753559,Checking or savings account,Checking or savings account
2025-10-24,16801621,Debt collection,Debt collection
2025-10-25,16793530,Checking or savings account,Checking or savings account
2025-07-20,14786398,Credit card,Credit card
2025-10-02,16329350,Checking or savings account,Credit card
2025-11-08,17115733,Credit card,Credit card
2025-12-10,17909704,Checking or savings account,Checking or savings account
2025-12-02,17952556,Checking or savings account,Checking or savings account
2025-10-13,16547432,Vehicle loan or lease,Vehicle loan or lease
2025-09-11,15883553,Credit card,Checking or savings account
2025-07-30,14977212,"Money transfer, virtual currency, or money service",Checking or savings account
2025-10-06,16387960,Checking or savings account,Checking or savings account
2025-08-19,15386964,Checking or savings account,Checking or savings account
2025-07-04,14433827,Checking or savings account,"Money transfer, virtual currency, or money service"
2025-12-02,18075542,Credit card,Credit card
2025-10-13,16540010,Checking or savings account,Checking or savings account
2025-09-15,15942046,Checking or savings account,Checking or savings account
2025-10-29,16894769,Credit card,Credit card
2025-07-14,14646023,Checking or savings account,Checking or savings account
2025-11-19,17368216,Credit reporting or other personal consumer reports,Credit card
2025-07-23,14836668,Checking or savings account,"Money transfer, virtual currency, or money service"
2025-08-09,15158533,Checking or savings account,Credit card
2025-10-29,16885179,Checking or savings account,Checking or savings account
2026-01-02,18432834,Credit card,Credit card
2025-07-30,14983971,Checking or savings account,Checking or savings account
2025-09-24,16146183,Checking or savings account,Checking or savings account
2025-12-28,18329173,Checking or savings account,Checking or savings account
2026-01-21,18903013,Debt collection,Debt collection
2025-08-24,15508086,Checking or savings account,Checking or savings account
2025-12-31,18396360,Credit card,Credit card
2025-07-30,14969848,Credit card,Credit card
2025-08-20,15412245,Checking or savings account,Checking or savings account
2025-11-30,17987320,Credit reporting or other personal consumer reports,Credit reporting or other personal consumer reports
2025-12-26,18289914,Credit card,Credit card
2025-07-26,14901796,Credit card,Credit card
2025-10-27,16842973,Mortgage,Checking or savings account
2025-11-25,17876009,Checking or savings account,Checking or savings account
2025-11-19,17317753,Credit card,Credit card
2025-07-11,14596399,Mortgage,Mortgage
2025-11-14,17259301,Credit card,Credit card
2025-08-26,15536265,Credit card,Credit card
2025-12-09,17867303,Credit card,Credit card
2025-08-12,15222449,Credit card,Credit card
2025-10-03,16335249,Checking or savings account,Checking or savings account
2025-11-28,17961295,Credit card,Credit card
2026-01-02,18425750,Credit card,Credit card
2025-09-27,16219693,Credit card,Credit card
2025-10-13,16536080,Credit card,Credit card
2025-11-26,17902179,Credit card,Credit card
2025-10-20,16702011,Checking or savings account,Checking or savings account
2026-01-22,18934401,Checking or savings account,Checking or savings account
2025-07-01,14388649,Credit card,Credit card
2025-08-15,15308050,Checking or savings account,Checking or savings account
2025-12-01,17874333,Credit reporting or other personal consumer reports,Credit reporting or other personal consumer reports
2025-10-23,16785498,Checking or savings account,Checking or savings account
2025-11-21,18726058,Debt collection,Debt collection
2025-07-29,14918219,Checking or savings account,Checking or savings account
2025-11-14,17251153,Debt collection,Debt collection
2025-09-09,15823519,Checking or savings account,Checking or savings account
2025-10-21,16724237,Credit card,Credit card
2026-01-29,19100691,Checking or savings account,Checking or savings account
2025-11-14,17261423,Checking or savings account,Checking or savings account
2025-07-10,14563991,Credit reporting or other personal consumer reports,Credit reporting or other personal consumer reports
2025-11-25,17917875,Checking or savings account,Checking or savings account
2025-10-07,16379518,Checking or savings account,Checking or savings account
2025-08-19,15386154,Credit reporting or other personal consumer reports,Credit reporting or other personal consumer reports
2025-09-24,16164063,Credit card,Checking or savings account
2025-07-18,14740034,Checking or savings account,Checking or savings account
2025-07-03,14452620,Credit card,Credit card
2025-07-01,14393002,Credit reporting or other personal consumer reports,Credit reporting or other personal consumer reports
2025-12-22,18216779,Checking or savings account,Checking or savings account
2025-07-29,14954199,Credit card,Credit card
2025-08-01,15040277,Credit card,Credit card
2026-01-24,18982153,Checking or savings account,Checking or savings account
2025-12-18,18150688,Credit card,Credit card
2025-11-07,17108584,Checking or savings account,Checking or savings account
2025-09-08,15804876,Credit card,Credit card
2025-12-18,18151792,Debt collection,Credit reporting or other personal consumer reports
2025-08-04,15068909,Mortgage,Checking or savings account
2025-09-06,15763543,Credit card,Credit card
2025-09-29,16251235,Checking or savings account,Checking or savings account
2025-07-31,14999826,"Money transfer, virtual currency, or money service","Money transfer, virtual currency, or money service"
2025-09-30,16266756,Checking or savings account,Checking or savings account
2025-08-20,15403194,Checking or savings account,Checking or savings account
2025-08-29,15596662,Credit card,Credit reporting or other personal consumer reports
2025-07-02,14419921,Checking or savings account,Checking or savings account
2025-11-19,17362182,Credit card,Credit reporting or other personal consumer reports
2025-07-24,14870216,Checking or savings account,Checking or savings account
2025-11-19,17316961,Checking or savings account,Checking or savings account
2025-07-24,14865017,Credit reporting or other personal consumer reports,Credit card
2025-08-09,15186672,Checking or savings account,Checking or savings account
2025-11-04,17020681,Checking or savings account,Checking or savings account
2025-12-30,18384938,Checking or savings account,Credit card
2026-01-02,18421897,"Money transfer, virtual currency, or money service","Money transfer, virtual currency, or money service"
2025-08-26,15535466,"Money transfer, virtual currency, or money service","Money transfer, virtual currency, or money service"
2025-08-14,15253631,Checking or savings account,Checking or savings account
2025-12-09,17888640,Credit reporting or other personal consumer reports,Credit reporting or other personal consumer reports
2026-01-21,18902209,Debt collection,Credit reporting or other personal consumer reports
2025-12-03,18104805,Checking or savings account,Checking or savings account
2026-01-07,18527881,"Money transfer, virtual currency, or money service",Checking or savings account
2026-01-01,18408691,Checking or savings account,Credit card
2025-11-13,17209030,Checking or savings account,Checking or savings account
2025-12-08,17852343,Checking or savings account,Checking or savings account
2025-11-04,17020226,Checking or savings account,Credit card
2026-01-11,18635672,Checking or savings account,Checking or savings account
2025-12-09,17894143,Checking or savings account,Checking or savings account
2025-07-17,14725235,Credit reporting or other personal consumer reports,Credit reporting or other personal consumer reports
2025-09-30,16264990,Checking or savings account,Checking or savings account
2025-11-06,17069542,Checking or savings account,Checking or savings account
2025-11-13,17209487,Credit card,Credit reporting or other personal consumer reports
2025-09-11,15890778,Credit card,Checking or savings account
2025-11-19,17360996,Debt collection,Credit reporting or other personal consumer reports
2025-12-04,18074368,Checking or savings account,"Money transfer, virtual currency, or money service"
2025-09-28,16228224,Mortgage,Mortgage
2025-12-01,18046799,Debt collection,Credit reporting or other personal consumer reports
2025-12-01,18060033,Checking or savings account,Checking or savings account
2025-12-24,18278065,Credit reporting or other personal consumer reports,Credit card
2025-08-02,15023113,Credit card,Credit card
2025-08-11,15221496,Credit card,Credit card
2025-07-25,14883898,Checking or savings account,Checking or savings account
2025-12-28,18324370,Checking or savings account,Checking or savings account
2026-01-28,19057891,Credit card,Credit reporting or other personal consumer reports
2025-08-04,15068790,Vehicle loan or lease,Vehicle loan or lease
2026-01-03,18442956,Checking or savings account,Checking or savings account
2025-12-15,18049087,Debt collection,Debt collection
2025-08-25,15495283,Checking or savings account,Checking or savings account
2025-09-22,16082282,Credit card,Credit card
2025-09-13,15917494,Checking or savings account,Credit card
2025-09-08,15794922,Credit card,Credit card
2025-07-08,14535613,Checking or savings account,Checking or savings account
2025-12-08,17840146,Checking or savings account,Checking or savings account
2025-09-18,16018047,Checking or savings account,Checking or savings account
2025-07-18,14741319,Vehicle loan or lease,Vehicle loan or lease
2025-12-16,18086088,Credit card,Credit card
2025-12-25,18286676,Checking or savings account,Checking or savings account
2025-11-06,17068533,Credit card,Checking or savings account
2025-08-04,15067621,"Money transfer, virtual currency, or money service","Money transfer, virtual currency, or money service"
2025-11-12,17184835,Credit reporting or other personal consumer reports,Credit reporting or other personal consumer reports
2025-10-29,16904338,Credit reporting or other personal consumer reports,Credit reporting or other personal consumer reports
2025-07-29,14914046,Checking or savings account,Checking or savings account
2025-08-28,15567499,Checking or savings account,Checking or savings account
2026-01-21,18896048,Checking or savings account,Checking or savings account
2025-07-08,14483885,Checking or savings account,Checking or savings account
2025-09-11,15882330,Debt collection,Credit reporting or other personal consumer reports
2025-09-21,16115940,Credit card,Credit card
2025-07-14,14645768,Credit card,Credit card
2025-12-22,18228892,Checking or savings account,Credit card
2025-11-25,17917513,Checking or savings account,Checking or savings account
2025-09-17,15995122,Checking or savings account,Checking or savings account
2025-08-28,15584140,Mortgage,Mortgage
2025-10-10,16463064,Credit card,Credit reporting or other personal consumer reports
2025-11-25,17836255,Credit card,Credit card
2025-11-06,17075533,Checking or savings account,Checking or savings account
2025-07-02,14404397,Credit card,Credit card
2026-01-02,18425879,Credit card,Credit reporting or other personal consumer reports
2025-08-26,15534881,Credit reporting or other personal consumer reports,Credit reporting or other personal consumer reports
2025-07-23,14842677,Credit reporting or other personal consumer reports,Credit card
2025-11-17,17304435,Credit card,Credit card
2025-10-29,16895320,Credit card,Credit card
2025-12-29,18355138,Mortgage,Mortgage
2025-10-13,16542743,Checking or savings account,Checking or savings account
2025-07-30,14985884,Credit card,Credit card
2025-12-30,18360378,Credit card,Credit card
2025-08-05,15102872,"Money transfer, virtual currency, or money service",Checking or savings account
2025-07-19,14752131,Credit reporting or other personal consumer reports,Credit reporting or other personal consumer reports
2025-09-16,15985770,Checking or savings account,Credit card
2025-07-13,14622438,Credit card,Credit card
2025-09-30,16269580,Checking or savings account,Credit card
2026-01-14,18705603,Credit card,Credit card
2025-12-24,18274220,Checking or savings account,Checking or savings account
2025-12-26,18302985,"Money transfer, virtual currency, or money service","Money transfer, virtual currency, or money service"
2025-07-10,14578545,Credit card,Credit card
2025-10-21,16722265,Checking or savings account,Checking or savings account
2025-11-24,17869420,Credit reporting or other personal consumer reports,Credit reporting or other personal consumer reports
2025-07-04,14469781,Checking or savings account,Checking or savings account
2025-11-25,17874316,Credit card,Checking or savings account
2025-11-10,17151116,"Money transfer, virtual currency, or money service",Credit card
2025-11-08,17112548,Checking or savings account,Checking or savings account
2025-12-29,18342138,Checking or savings account,Checking or savings account
2025-08-19,15385117,Credit card,Credit card
2025-10-20,16695905,Credit card,Credit card
2025-12-09,17891301,Credit card,Credit card
2025-11-01,16964816,Checking or savings account,Checking or savings account
2025-09-30,16276194,Checking or savings account,"Money transfer, virtual currency, or money service"
2025-10-20,16703649,Checking or savings account,Checking or savings account
2025-08-22,15456772,Credit reporting or other personal consumer reports,Credit reporting or other personal consumer reports
2026-01-30,19124104,Checking or savings account,Checking or savings account
2025-09-14,15929063,Checking or savings account,Checking or savings account
2026-01-23,18959311,Checking or savings account,Checking or savings account
2026-01-30,19138426,Checking or savings account,Checking or savings account
2025-07-26,14902288,Checking or savings account,Checking or savings account
2025-11-24,17872968,Checking or savings account,Checking or savings account
2025-07-16,14694674,Credit reporting or other personal consumer reports,Credit reporting or other personal consumer reports
2026-01-23,18944622,Credit card,Credit card
2025-12-23,18253984,"Money transfer, virtual currency, or money service",Checking or savings account
2025-12-09,17885029,Checking or savings account,Checking or savings account
2025-10-13,16540940,Checking or savings account,Checking or savings account
2025-11-19,17372258,Credit card,Credit card
2025-09-26,16197507,Checking or savings account,Checking or savings account
2025-10-23,16738677,Checking or savings account,Checking or savings account
2025-12-23,18251537,Credit reporting or other personal consumer reports,Credit card
2025-11-25,17837892,Credit card,Credit card
2025-09-25,16176044,Credit card,Credit card
2025-08-25,15490101,Credit card,Credit card
2026-01-21,18878162,Checking or savings account,Checking or savings account
2025-09-01,15644617,Checking or savings account,Checking or savings account
2025-07-29,14947092,Checking or savings account,Checking or savings account
2025-11-18,17337447,Checking or savings account,Checking or savings account
2025-10-03,16338118,"Money transfer, virtual currency, or money service","Money transfer, virtual currency, or money service"
2025-10-21,16728844,Checking or savings account,"Money transfer, virtual currency, or money service"
2025-12-27,18319128,"Money transfer, virtual currency, or money service",Checking or savings account
2025-11-12,17158754,Credit card,Credit card
2025-09-23,16135427,Credit reporting or other personal consumer reports,Credit reporting or other personal consumer reports
2025-11-12,17196447,Credit reporting or other personal consumer reports,Credit reporting or other personal consumer reports
2025-07-09,14550534,Credit card,Credit card
2025-08-08,15160972,Debt collection,Credit reporting or other personal consumer reports
2025-09-23,16137048,Debt collection,Credit card
2025-08-29,15603495,"Money transfer, virtual currency, or money service",Checking or savings account
2025-12-03,17964565,Credit reporting or other personal consumer reports,Credit reporting or other personal consumer reports
2025-12-23,18237611,Checking or savings account,Checking or savings account
2025-11-26,17527142,Credit card,Credit card
2025-08-29,15577990,Credit card,Credit card
2025-10-31,16939268,Checking or savings account,Checking or savings account
2025-08-19,15383857,Checking or savings account,Checking or savings account
2025-11-13,17226753,Credit reporting or other personal consumer reports,Credit reporting or other personal consumer reports
2025-10-27,16843570,Credit card,Credit card
2025-07-31,14985794,Credit card,Credit card
2026-01-08,18554540,Checking or savings account,Checking or savings account
2025-07-01,14398453,Checking or savings account,Checking or savings account
2025-08-19,15362771,Checking or savings account,Checking or savings account
2025-08-03,15051550,"Money transfer, virtual currency, or money service",Checking or savings account
2025-12-04,18144772,Debt collection,Debt collection
2025-10-03,16353012,Vehicle loan or lease,Vehicle loan or lease
2025-09-18,16016170,Checking or savings account,Mortgage
2025-09-23,16127260,Mortgage,Credit reporting or other personal consumer reports
2025-12-15,18054990,Credit card,Credit card
2025-07-22,14811301,"Money transfer, virtual currency, or money service","Money transfer, virtual currency, or money service"
2025-08-26,15533060,Checking or savings account,Checking or savings account
2025-09-15,15950449,Credit card,Credit card
2025-07-11,14601050,Credit reporting or other personal consumer reports,Credit reporting or other personal consumer reports
2025-11-15,17243600,Checking or savings account,Vehicle loan or lease
2025-11-25,17883130,Credit card,Credit card
2025-12-08,17846450,Checking or savings account,"Money transfer, virtual currency, or money service"
2025-10-01,16279622,Credit card,Credit card
2025-12-27,18310082,Checking or savings account,Checking or savings account
2025-12-18,18134153,Checking or savings account,Checking or savings account
2025-11-24,17829649,Credit reporting or other personal consumer reports,Credit reporting or other personal consumer reports
2025-08-25,15497257,Checking or savings account,Checking or savings account
2025-10-28,16865848,Checking or savings account,Checking or savings account
2025-11-16,17284640,Checking or savings account,Checking or savings account
2025-07-08,14523384,Checking or savings account,Checking or savings account
2025-09-16,15982520,Credit card,Credit card
2025-10-05,16375078,Credit reporting or other personal consumer reports,Credit reporting or other personal consumer reports
2025-09-04,15723953,Credit card,Credit card
2025-11-25,17894701,"Money transfer, virtual currency, or money service",Checking or savings account
2025-12-27,18308841,Checking or savings account,Checking or savings account
2025-07-15,14669306,Checking or savings account,Checking or savings account
2025-12-16,18081707,Checking or savings account,Checking or savings account
2025-08-18,15348462,Credit card,Credit card
2025-12-18,18131194,Mortgage,Mortgage
2025-09-12,15863405,Credit card,Checking or savings account
2025-12-23,18236604,Checking or savings account,Checking or savings account
2026-01-26,19015843,Vehicle loan or lease,Credit reporting or other personal consumer reports
2025-07-14,14641668,Credit card,Credit card
2025-11-21,17415170,Credit card,Credit card
2025-10-22,16752672,Checking or savings account,Checking or savings account
2025-11-12,17190623,Credit card,Credit card
2025-07-09,14544903,Credit card,Credit card
2025-07-11,14567248,Checking or savings account,Checking or savings account
2025-08-19,15379288,Credit card,Credit card
2025-07-18,14729048,Credit card,Credit reporting or other personal consumer reports
2025-09-12,15863312,Checking or savings account,Checking or savings account
2025-11-13,17219887,Checking or savings account,Checking or savings account
2025-09-22,16086444,Credit card,Credit card
2026-01-20,18849614,Credit card,Credit card
2025-09-06,15772353,Debt collection,Credit card
2026-01-23,18949294,Debt collection,Debt collection
2026-01-02,18417204,Credit card,Credit card
2025-07-25,14875348,"Money transfer, virtual currency, or money service","Money transfer, virtual currency, or money service"
2025-11-04,17012244,Checking or savings account,Checking or savings account
2026-01-12,18666497,Debt collection,Credit reporting or other personal consumer reports
2025-07-14,14644271,Credit card,Checking or savings account
2025-11-14,17258934,Checking or savings account,Checking or savings account
2025-08-25,15494373,Vehicle loan or lease,Vehicle loan or lease
2025-09-08,15791370,Credit card,Checking or savings account
2025-08-05,15094109,"Money transfer, virtual currency, or money service",Checking or savings account
2025-12-02,18104082,Checking or savings account,Checking or savings account
2026-01-15,18740762,Checking or savings account,Checking or savings account
2025-08-03,15020015,Credit reporting or other personal consumer reports,Credit reporting or other personal consumer reports
2025-09-15,15949425,Checking or savings account,Checking or savings account
2026-01-18,18817847,Checking or savings account,Credit card
2025-08-14,15280287,Credit card,Credit card
2026-01-30,19123955,Credit card,Credit card
2025-09-01,15645923,Credit card,Credit card
2025-09-16,15963003,Checking or savings account,Credit card
2025-10-09,16462870,Checking or savings account,Checking or savings account
2025-09-19,16017248,Checking or savings account,Checking or savings account
2025-11-10,17135761,"Money transfer, virtual currency, or money service","Money transfer, virtual currency, or money service"
2025-09-19,16058873,Credit card,Credit card
2026-01-02,18415668,Credit card,Checking or savings account
2025-07-08,14528290,"Money transfer, virtual currency, or money service",Checking or savings account
2026-01-22,18928412,Debt collection,Mortgage
2025-09-12,15912422,Credit card,Credit card
2025-08-19,15382554,Checking or savings account,Checking or savings account
2025-10-22,16744414,Checking or savings account,"Money transfer, virtual currency, or money service"
2025-11-14,17248440,"Money transfer, virtual currency, or money service",Checking or savings account
2025-08-02,15030127,Checking or savings account,Checking or savings account
2025-09-02,15674239,Credit card,Credit card
2025-11-05,17031545,Credit card,Credit reporting or other personal consumer reports
2026-01-06,18503219,Credit card,Credit card
2026-01-29,19107285,Checking or savings account,Checking or savings account
2025-09-13,15916992,Checking or savings account,Checking or savings account
2026-01-26,19013976,"Money transfer, virtual currency, or money service","Money transfer, virtual currency, or money service"
2026-01-02,18417925,"Money transfer, virtual currency, or money service","Money transfer, virtual currency, or money service"
2025-09-19,16061581,Checking or savings account,Checking or savings account
2025-07-29,14948444,Checking or savings account,Checking or savings account
2025-07-11,14591468,Debt collection,Credit card
2025-08-21,15396956,Checking or savings account,Checking or savings account
2025-09-06,15768409,"Money transfer, virtual currency, or money service","Money transfer, virtual currency, or money service"
2026-01-14,18700756,"Money transfer, virtual currency, or money service","Money transfer, virtual currency, or money service"
2025-07-10,14581081,Credit card,Credit card
2025-12-22,18223069,Credit card,Credit card
2025-08-01,15032114,"Money transfer, virtual currency, or money service","Money transfer, virtual currency, or money service"
2025-11-05,17048687,Credit card,Credit card
2025-08-29,15613332,Debt collection,Credit reporting or other personal consumer reports
2025-07-01,14403532,Checking or savings account,Checking or savings account
2025-10-06,16396444,Checking or savings account,Checking or savings account
2025-10-22,16752206,Checking or savings account,Checking or savings account
2025-09-10,15845436,Credit reporting or other personal consumer reports,Debt collection
2025-11-11,17132263,Credit card,Credit card
2025-09-02,15672554,Checking or savings account,Checking or savings account
2025-07-16,14681479,Debt collection,Debt collection
2025-07-03,14443031,"Money transfer, virtual currency, or money service","Money transfer, virtual currency, or money service"
2025-09-17,16006162,Credit card,Checking or savings account
2025-08-21,15440775,Checking or savings account,Checking or savings account
2025-11-24,17478510,Checking or savings account,Checking or savings account
2025-10-03,16351854,Checking or savings account,Checking or savings account
2025-11-12,17192932,Credit card,Credit card
2025-10-14,16563382,Credit card,Credit card
2025-10-01,16302140,Checking or savings account,Checking or savings account
2026-01-28,19082630,Checking or savings account,Checking or savings account
2025-09-01,15639860,Credit card,Credit card
2025-11-08,17113932,Credit reporting or other personal consumer reports,Credit reporting or other personal consumer reports
2025-08-11,15213715,Checking or savings account,Checking or savings account
2025-07-30,14939892,Credit card,Checking or savings account
2025-12-04,18109607,"Money transfer, virtual currency, or money service","Money transfer, virtual currency, or money service"
2025-09-26,16166380,Checking or savings account,Checking or savings account
2025-09-06,15737695,Checking or savings account,Checking or savings account
2025-11-20,18109134,"Money transfer, virtual currency, or money service","Money transfer, virtual currency, or money service"
2025-08-28,15575580,Checking or savings account,Checking or savings account
2025-09-14,15933286,Checking or savings account,Checking or savings account
2025-10-14,16561276,Checking or savings account,Checking or savings account
2026-01-11,18633515,Credit card,Credit card
2025-10-16,16626376,Credit card,Checking or savings account
2025-09-27,16224650,Checking or savings account,Credit card
2025-07-22,14809974,Credit card,Checking or savings account
2025-08-14,15299581,Checking or savings account,Credit card
2025-10-17,16644932,Checking or savings account,Checking or savings account
2025-09-02,15669248,Checking or savings account,Checking or savings account
2025-09-05,15748128,Checking or savings account,Checking or savings account
2025-07-17,14707533,Checking or savings account,Checking or savings account
2025-11-03,16991665,Checking or savings account,Checking or savings account
2025-09-10,15854135,Checking or savings account,Checking or savings account
2025-09-23,16125833,Checking or savings account,"Money transfer, virtual currency, or money service"
2025-07-10,14578887,Checking or savings account,Checking or savings account
2025-10-27,16848471,Checking or savings account,Checking or savings account
2025-08-12,15238362,Credit card,Credit card
2025-10-21,16686377,Checking or savings account,Checking or savings account
2025-07-28,14932392,Checking or savings account,Checking or savings account
2025-09-19,16039653,Credit card,Credit reporting or other personal consumer reports
2025-08-18,15352282,Checking or savings account,Checking or savings account
2025-11-14,17261243,Credit card,Checking or savings account
2025-08-19,15378398,Credit card,Credit card
2025-10-09,16477493,"Money transfer, virtual currency, or money service",Checking or savings account
2025-08-12,15232612,Checking or savings account,Credit card
2025-11-03,16984776,Checking or savings account,Checking or savings account
2025-07-17,14724795,Credit card,Credit card
2025-11-06,17076137,Checking or savings account,Credit card
2025-09-03,15690966,Checking or savings account,"Money transfer, virtual currency, or money service"
2025-12-01,17981139,Credit card,Credit card
2025-07-29,14961300,Vehicle loan or lease,Credit reporting or other personal consumer reports
2025-12-03,18042378,Checking or savings account,Checking or savings account
2025-11-10,17148502,Debt collection,Credit reporting or other personal consumer reports
2026-01-07,18548029,Credit card,Credit card
2025-12-22,18215807,Checking or savings account,Credit reporting or other personal consumer reports
2026-01-11,18636224,Checking or savings account,Checking or savings account
2025-09-05,15736582,Checking or savings account,Checking or savings account
2026-01-08,18557441,Checking or savings account,Checking or savings account
2026-01-30,19139333,Credit card,Credit card
2025-07-16,14684496,Checking or savings account,Checking or savings account
2025-07-01,14395943,Credit card,Credit card
2026-01-25,18992056,Checking or savings account,Checking or savings account
2025-08-16,15333090,Checking or savings account,Checking or savings account
2025-09-15,15956543,Checking or savings account,Checking or savings account
2025-10-02,16331640,Credit card,Credit card
2025-12-02,18084829,Credit card,Checking or savings account
2025-07-18,14730955,Checking or savings account,Checking or savings account
2025-12-27,18319206,Checking or savings account,Checking or savings account
2026-01-21,18882181,Checking or savings account,Checking or savings account
2025-08-13,15259230,Checking or savings account,Checking or savings account
2025-11-25,17895322,Checking or savings account,Checking or savings account
2025-08-21,15419597,Credit card,Credit card
2025-09-09,15813070,Checking or savings account,Credit card
2025-11-20,17387808,Checking or savings account,Checking or savings account
2026-01-14,18711116,Debt collection,Debt collection
2026-01-08,18583135,Credit card,Credit card
2026-01-06,18512571,Credit card,Credit card
2025-12-18,18143790,Checking or savings account,Checking or savings account
2025-08-22,15456424,Checking or savings account,Checking or savings account
2025-07-22,14812401,Checking or savings account,Checking or savings account
2025-10-24,16789872,Credit card,Credit card
2025-07-31,14992684,Checking or savings account,Checking or savings account
2025-12-25,18282936,Debt collection,Debt collection
2025-07-24,14855840,Credit reporting or other personal consumer reports,Credit reporting or other personal consumer reports
2025-07-17,14712496,Checking or savings account,Checking or savings account
2025-10-16,16629764,Debt collection,Debt collection
2025-07-17,14711932,Checking or savings account,Checking or savings account
2025-12-15,18034592,Credit card,Credit card
2026-01-18,18815381,Credit card,Credit card
2025-09-10,15808869,Checking or savings account,Checking or savings account
2025-08-06,15121556,Checking or savings account,Checking or savings account
2025-09-08,15795880,Credit card,Credit card
2025-08-08,15171504,Credit reporting or other personal consumer reports,Credit reporting or other personal consumer reports
2025-07-13,14620830,Checking or savings account,Credit reporting or other personal consumer reports
2025-11-21,17430713,Credit reporting or other personal consumer reports,Credit reporting or other personal consumer reports
2025-09-13,15916902,Credit reporting or other personal consumer reports,Credit reporting or other personal consumer reports
2025-08-29,15603678,Checking or savings account,Checking or savings account
2025-07-28,14908274,Checking or savings account,Checking or savings account
2025-07-27,14911052,Checking or savings account,Checking or savings account
2025-09-05,15734013,Credit card,Credit card
2025-11-20,17386248,Checking or savings account,Checking or savings account
2025-12-18,18129191,Credit card,Credit card
2026-01-02,18433835,Checking or savings account,Checking or savings account
2025-08-08,15172568,Credit reporting or other personal consumer reports,Credit card
2026-01-01,18409834,Checking or savings account,Credit card
2025-09-13,15917615,Checking or savings account,Checking or savings account
2025-07-02,14418996,"Money transfer, virtual currency, or money service","Money transfer, virtual currency, or money service"
2025-12-18,18157392,Credit card,Credit card
2025-12-29,18332590,Checking or savings account,Checking or savings account
2026-01-27,19049570,Checking or savings account,Checking or savings account
2025-11-24,17452667,Checking or savings account,Credit card
2025-10-13,16538052,Credit card,Credit card
2025-11-24,17845553,"Money transfer, virtual currency, or money service","Money transfer, virtual currency, or money service"
2025-12-27,18320073,Credit card,Credit card
2025-11-28,17957523,Credit card,Checking or savings account
2026-01-28,19056185,Checking or savings account,Checking or savings account
2025-08-21,15419712,Checking or savings account,"Money transfer, virtual currency, or money service"
2026-01-07,18520427,Checking or savings account,Credit card
2025-11-14,17216620,Credit card,Checking or savings account
2025-12-23,18248985,Credit reporting or other personal consumer reports,Credit reporting or other personal consumer reports
2025-11-18,17344472,Checking or savings account,Checking or savings account
2025-09-04,15684342,Credit reporting or other personal consumer reports,Credit reporting or other personal consumer reports
2025-10-27,16854259,Checking or savings account,Checking or savings account
2025-07-04,14467764,Checking or savings account,Checking or savings account
2025-10-09,16466138,Checking or savings account,Checking or savings account
2025-07-29,14945702,Checking or savings account,Checking or savings account
2025-08-06,15117559,Credit card,Checking or savings account
2025-09-16,15962250,Checking or savings account,Checking or savings account
2025-07-14,14650645,Credit card,Credit card
2025-11-24,17830111,Credit card,Checking or savings account
2026-01-28,19081399,Mortgage,Mortgage
2025-08-08,15180375,Credit reporting or other personal consumer reports,Credit reporting or other personal consumer reports
2025-11-21,17432322,"Money transfer, virtual currency, or money service",Checking or savings account
2025-11-24,17773475,"Money transfer, virtual currency, or money service",Checking or savings account
2026-01-08,18561884,Checking or savings account,Checking or savings account
2025-08-28,15587301,Credit card,Credit card
2025-10-25,16815375,Checking or savings account,Checking or savings account
2025-11-28,17985330,Checking or savings account,Checking or savings account
2025-08-03,15017300,Checking or savings account,Checking or savings account
2025-12-22,18229131,Credit card,Credit card
2025-09-16,15978830,"Money transfer, virtual currency, or money service","Money transfer, virtual currency, or money service"
2025-08-02,15021537,Checking or savings account,Vehicle loan or lease
2025-07-02,14407995,Checking or savings account,Checking or savings account
2025-08-23,15469838,Mortgage,Mortgage
2026-01-09,18607078,Checking or savings account,Credit card
2025-09-04,15719997,Credit card,Credit card
2025-07-02,14412740,Checking or savings account,Checking or savings account
2025-10-30,16917649,Checking or savings account,Checking or savings account
2025-07-13,14620708,"Money transfer, virtual currency, or money service","Money transfer, virtual currency, or money service"
2025-11-11,17157941,Checking or savings account,Checking or savings account
2025-08-03,15017883,Credit reporting or other personal consumer reports,Credit reporting or other personal consumer reports
2025-07-18,14739042,Credit card,Credit reporting or other personal consumer reports
2025-11-26,17898707,Checking or savings account,Checking or savings account
2025-09-27,16218306,Checking or savings account,Checking or savings account
2025-08-08,15180222,Credit card,Credit card
2025-11-11,17164001,"Money transfer, virtual currency, or money service",Checking or savings account
2025-12-09,17897661,Checking or savings account,Debt collection
2025-07-02,14423924,Credit card,Credit card
2025-07-07,14485182,Checking or savings account,Checking or savings account
2025-10-07,16417686,Checking or savings account,Checking or savings account
2025-08-16,15332663,Credit card,Credit card
2025-10-29,16900310,Credit card,Checking or savings account
2025-10-13,16551521,Credit card,Credit card
2025-07-16,14703234,Credit card,Credit card
2025-12-03,18004924,Credit card,Credit reporting or other personal consumer reports
2025-11-06,17034608,Credit card,Credit card
2025-11-23,17446229,Credit reporting or other personal consumer reports,Vehicle loan or lease
2026-01-12,18647643,Credit card,Credit reporting or other personal consumer reports
2025-09-05,15744128,"Money transfer, virtual currency, or money service",Checking or savings account
2025-08-28,15584851,Checking or savings account,Credit card
2025-12-27,18313877,Checking or savings account,Checking or savings account
2025-09-16,15962308,Credit card,Credit card
2025-07-12,14612422,Credit card,Credit card
2025-12-01,18051305,Checking or savings account,Checking or savings account
2025-07-19,14758959,Credit card,Credit card
2025-07-03,14443746,Checking or savings account,Checking or savings account
2025-09-30,16261045,Checking or savings account,Checking or savings account
2025-08-12,15224178,Checking or savings account,Checking or savings account
2025-11-28,17957798,Credit card,Credit card
2025-10-20,16696294,Checking or savings account,Credit reporting or other personal consumer reports
2025-12-30,18357473,Checking or savings account,Checking or savings account
2025-07-23,14818740,Checking or savings account,Checking or savings account
2025-12-04,18154054,Credit card,Credit card
2025-11-25,17878049,Credit card,Credit reporting or other personal consumer reports
2025-09-08,15805943,"Money transfer, virtual currency, or money service",Credit card
2025-09-25,16171213,Credit reporting or other personal consumer reports,Credit reporting or other personal consumer reports
2025-07-09,14544572,Credit card,Credit card
2025-08-04,15077385,Checking or savings account,Checking or savings account
2025-10-22,16746508,Credit card,Credit card
2025-11-11,17175080,Credit card,Credit card
2025-10-27,16844269,Checking or savings account,"Money transfer, virtual currency, or money service"
2026-01-09,18595389,"Money transfer, virtual currency, or money service","Money transfer, virtual currency, or money service"
2025-09-22,16082840,Credit card,Checking or savings account
2025-11-11,18379588,Checking or savings account,Checking or savings account
2025-07-08,14527876,Credit card,Credit card
2025-10-05,16372802,Checking or savings account,"Money transfer, virtual currency, or money service"
2025-08-22,15427208,Checking or savings account,Checking or savings account
2025-09-28,16227548,Debt collection,Debt collection
2025-07-02,14400883,Credit reporting or other personal consumer reports,Credit reporting or other personal consumer reports
2025-09-10,15842332,Credit card,Credit card
2025-12-10,17905990,Checking or savings account,Checking or savings account
2025-07-19,14752525,Checking or savings account,Checking or savings account
2025-11-18,17313879,Credit card,Credit card
2025-08-21,15437045,Checking or savings account,Checking or savings account
2025-09-25,16181261,Checking or savings account,Checking or savings account
2025-07-07,14508439,Checking or savings account,Checking or savings account
2026-01-12,18650234,Credit card,Credit card
2025-08-01,15050313,Checking or savings account,Checking or savings account
2026-01-11,18638963,Checking or savings account,Checking or savings account
2025-09-12,15892931,Checking or savings account,Checking or savings account
2025-07-29,14955998,Mortgage,Mortgage
2025-07-25,14878590,Credit card,Credit card
2025-07-15,14665885,Credit reporting or other personal consumer reports,Credit reporting or other personal consumer reports
2025-07-23,14795407,Debt collection,Credit card
2025-07-03,14450969,Credit reporting or other personal consumer reports,Credit reporting or other personal consumer reports
2026-01-07,18545524,Checking or savings account,Credit card
2025-08-08,15165881,Debt collection,Debt collection
2025-12-15,18057021,Credit card,Credit card
2025-11-08,17090203,Credit reporting or other personal consumer reports,Credit reporting or other personal consumer reports
2026-01-02,18429574,Checking or savings account,Checking or savings account
2025-10-12,16527741,Credit card,Credit card
2025-11-30,17995492,Checking or savings account,Checking or savings account
2025-07-14,14649538,Checking or savings account,Checking or savings account
2025-09-25,16143649,Checking or savings account,Checking or savings account
2025-07-23,14835548,Checking or savings account,Checking or savings account
2025-10-25,16816643,Checking or savings account,Checking or savings account
2025-07-23,14817807,"Money transfer, virtual currency, or money service","Money transfer, virtual currency, or money service"
2025-08-27,15549113,Checking or savings account,Checking or savings account
2025-11-18,17332637,Checking or savings account,Checking or savings account
2025-07-14,14649544,Debt collection,Debt collection
2025-11-03,16982614,Checking or savings account,Checking or savings account
2025-07-13,14622331,Checking or savings account,Checking or savings account
2026-01-06,18497138,Checking or savings account,Checking or savings account
2025-10-12,16529113,Credit card,Credit card
2026-01-09,18608019,Checking or savings account,Checking or savings account
2026-01-20,18867227,Checking or savings account,Checking or savings account
2025-08-16,15326957,Credit card,Credit card
2025-07-08,14492685,Credit card,Credit card
2025-09-13,15922184,"Money transfer, virtual currency, or money service","Money transfer, virtual currency, or money service"
2025-12-23,18249799,Credit card,Credit card
2025-08-09,15160543,Credit reporting or other personal consumer reports,Credit reporting or other personal consumer reports
2025-08-15,15314700,Checking or savings account,"Money transfer, virtual currency, or money service"
2025-07-11,14602371,Checking or savings account,Checking or savings account
2025-07-31,14986008,Checking or savings account,Credit card
2025-10-08,16443001,Debt collection,Credit card
2025-07-10,14576652,Credit reporting or other personal consumer reports,Credit reporting or other personal consumer reports
2025-07-29,14951571,Checking or savings account,Checking or savings account
2025-12-23,18238803,Checking or savings account,Checking or savings account
2025-12-23,18234561,Mortgage,Mortgage
2025-07-14,14649667,Checking or savings account,Checking or savings account
2025-10-28,16875531,Checking or savings account,Checking or savings account
2025-12-15,18049393,Credit card,Credit card
2025-09-17,15996478,Checking or savings account,Checking or savings account
2025-12-30,18375202,Vehicle loan or lease,Debt collection
2025-08-07,15150660,Credit reporting or other personal consumer reports,Credit reporting or other personal consumer reports
2025-10-27,16841400,Checking or savings account,Checking or savings account
2025-08-18,15344752,Checking or savings account,Checking or savings account
2025-07-12,14611838,Checking or savings account,Checking or savings account
2025-08-10,15195080,"Money transfer, virtual currency, or money service","Money transfer, virtual currency, or money service"
2025-12-26,18295706,Credit reporting or other personal consumer reports,Credit reporting or other personal consumer reports
2025-08-13,15260948,Credit card,Credit card
2025-11-14,17261545,"Money transfer, virtual currency, or money service","Money transfer, virtual currency, or money service"
2025-10-12,16528261,Checking or savings account,Checking or savings account
2025-10-30,16911674,Debt collection,Debt collection
2025-12-22,18226389,Checking or savings account,Checking or savings account
2025-10-08,16444638,Checking or savings account,Checking or savings account
2025-10-22,16747665,Checking or savings account,Checking or savings account
2025-12-31,18395075,Credit card,Credit card
2025-08-15,15318487,Checking or savings account,Checking or savings account
2025-09-08,15774550,Credit reporting or other personal consumer reports,Credit reporting or other personal consumer reports
2025-08-02,15030696,Credit card,Credit card
2025-07-02,14423160,"Money transfer, virtual currency, or money service",Checking or savings account
2025-07-12,14614243,Credit reporting or other personal consumer reports,Credit reporting or other personal consumer reports
2026-01-27,19053357,Checking or savings account,Checking or savings account
2025-07-29,14953664,Checking or savings account,Checking or savings account
2025-12-15,18031922,Checking or savings account,Checking or savings account
2025-07-29,14959067,Credit card,Checking or savings account
2025-12-30,18384655,Credit card,Credit card
2026-01-13,18677180,Vehicle loan or lease,Vehicle loan or lease
2025-11-02,16977083,Checking or savings account,Checking or savings account
2026-01-25,18990405,"Money transfer, virtual currency, or money service","Money transfer, virtual currency, or money service"
2025-11-10,17141950,"Money transfer, virtual currency, or money service",Credit card
2026-01-21,18885203,Checking or savings account,Checking or savings account
2025-09-25,16189608,Credit card,Credit reporting or other personal consumer reports
2025-07-22,14806523,Checking or savings account,Checking or savings account
2025-12-08,17826919,Checking or savings account,Checking or savings account
2025-07-02,14408375,Credit card,Credit card
2025-08-12,15229437,Checking or savings account,Checking or savings account
2026-01-07,18525735,Checking or savings account,Checking or savings account
2025-12-30,18378913,Credit card,Credit card
2025-10-14,16561499,Checking or savings account,Checking or savings account
2026-01-09,18614128,Checking or savings account,Checking or savings account
2026-01-06,18489939,Mortgage,Mortgage
2025-10-23,16773401,Checking or savings account,Checking or savings account
2026-01-18,18813219,Vehicle loan or lease,Vehicle loan or lease
2025-07-31,15004288,Credit card,Credit card
2025-10-12,16528050,Credit card,Credit card
2025-11-19,17374769,Checking or savings account,Checking or savings account
2025-07-16,14695494,Credit reporting or other personal consumer reports,Credit reporting or other personal consumer reports
2025-11-17,17313944,Credit reporting or other personal consumer reports,Credit reporting or other personal consumer reports
2025-12-18,18149120,Checking or savings account,Checking or savings account
2026-01-20,18875604,Credit card,Credit card
2025-09-09,15822050,Credit card,Credit card
2025-07-23,14793778,Checking or savings account,Checking or savings account
2025-09-26,16207366,Credit card,Credit card
2025-10-03,16316639,Credit card,Credit reporting or other personal consumer reports
2025-12-22,18221818,Credit card,Credit card
2025-07-25,14886278,Checking or savings account,Checking or savings account
2025-09-27,16218896,Credit reporting or other personal consumer reports,Credit card
2025-10-15,16596550,Checking or savings account,Checking or savings account
2025-07-24,14860507,Credit card,Credit card
2025-09-22,16084877,Credit card,Credit card
2025-11-20,17357483,Credit card,Credit card
2025-07-22,14806056,Checking or savings account,Checking or savings account
2025-07-09,14555951,Credit reporting or other personal consumer reports,Credit card
2025-07-12,14608993,Checking or savings account,Checking or savings account
2025-12-26,18296292,Checking or savings account,Checking or savings account
2025-09-04,15721221,Checking or savings account,Checking or savings account
2026-01-13,18697693,Credit card,Credit reporting or other personal consumer reports
2026-01-06,18513213,Credit card,Credit card
2025-09-03,15656926,Mortgage,Mortgage
2025-07-20,14784915,Credit card,Credit card
2025-10-22,16730950,Credit card,Credit card
2025-12-04,18145980,Credit reporting or other personal consumer reports,Credit reporting or other personal consumer reports
2025-07-06,14498530,Credit reporting or other personal consumer reports,Vehicle loan or lease
2025-07-24,14846244,Checking or savings account,Checking or savings account
2025-09-09,15787574,Credit card,Credit card
2026-01-27,19047577,Credit card,Credit card
2025-07-01,14395685,Checking or savings account,Checking or savings account
2025-08-04,15071627,Credit reporting or other personal consumer reports,Credit reporting or other personal consumer reports
2025-10-27,16842634,Credit card,Credit card
2025-12-26,18298244,Checking or savings account,Checking or savings account
2026-01-15,18737447,Checking or savings account,Checking or savings account
2025-07-13,14610666,Credit card,Checking or savings account
2025-08-09,15187622,Debt collection,Debt collection
2025-10-21,16694477,Checking or savings account,Checking or savings account
2025-08-15,15277328,Checking or savings account,Checking or savings account
2025-07-02,14408227,Checking or savings account,Checking or savings account
2025-07-08,14493363,Credit card,Credit card
2025-10-23,16780644,Checking or savings account,Checking or savings account
2025-11-21,17407787,Checking or savings account,Checking or savings account
2025-09-16,15935149,Checking or savings account,Checking or savings account
2025-10-30,16933333,Checking or savings account,Checking or savings account
2025-08-13,15249408,"Money transfer, virtual currency, or money service",Vehicle loan or lease
2025-07-10,14577297,Credit card,Credit card
2025-11-21,17399992,Checking or savings account,Checking or savings account
2025-12-23,18262363,Vehicle loan or lease,Vehicle loan or lease
2026-01-11,18636868,Mortgage,Mortgage
2025-08-15,15310850,Credit card,Credit card
2025-07-14,14641147,Checking or savings account,Checking or savings account
2025-12-01,18049995,Checking or savings account,Checking or savings account
2025-10-28,16879864,Credit card,Credit card
2025-07-18,14726470,Checking or savings account,Checking or savings account
2025-08-22,15457669,Credit reporting or other personal consumer reports,Credit reporting or other personal consumer reports
2025-07-01,14405479,Credit reporting or other personal consumer reports,Credit reporting or other personal consumer reports
2025-09-23,16099588,Checking or savings account,Checking or savings account
2025-10-20,16698097,Checking or savings account,Checking or savings account
2025-11-17,17287438,Credit card,Credit card
2025-07-16,14681712,Checking or savings account,Credit reporting or other personal consumer reports
2025-11-06,17067659,Credit reporting or other personal consumer reports,Checking or savings account
2025-11-19,17360703,Credit card,Credit card
2025-09-10,15843006,Credit card,Credit card
2025-10-01,16296035,Checking or savings account,Checking or savings account
2025-08-20,15388275,Checking or savings account,"Money transfer, virtual currency, or money service"
2025-10-09,16474674,Credit reporting or other personal consumer reports,Credit reporting or other personal consumer reports
2025-08-30,15619074,Credit card,Credit card
2025-08-28,15590196,Credit reporting or other personal consumer reports,Credit reporting or other personal consumer reports
2025-10-13,16555858,Checking or savings account,Checking or savings account
2025-10-22,16756691,Checking or savings account,Checking or savings account
2025-09-17,16000612,Checking or savings account,Checking or savings account
2025-11-20,17386889,"Money transfer, virtual currency, or money service","Money transfer, virtual currency, or money service"
2025-11-11,17168314,Checking or savings account,Checking or savings account
2025-09-26,16210872,Mortgage,Credit reporting or other personal consumer reports
2025-11-22,17784694,Checking or savings account,Checking or savings account
2025-11-01,16965703,Credit card,Credit card
2026-01-25,18992588,Credit card,Credit card
2025-10-21,16723530,Checking or savings account,Checking or savings account
2025-12-30,18378167,Checking or savings account,Checking or savings account
2026-01-24,18979613,Checking or savings account,Checking or savings account
2025-07-02,14411872,Checking or savings account,Checking or savings account
2025-07-17,14706478,Debt collection,Debt collection
2025-10-31,16951919,Credit card,Credit card
2025-08-21,15396987,Credit reporting or other personal consumer reports,Credit reporting or other personal consumer reports
2025-09-12,15896542,Vehicle loan or lease,Vehicle loan or lease
2025-07-28,14924908,Credit card,Credit card
2025-10-26,16824884,Credit card,Credit card
2025-11-23,17447225,Checking or savings account,Checking or savings account
2025-11-25,17516656,Credit reporting or other personal consumer reports,Credit reporting or other personal consumer reports
2025-11-23,17837371,"Money transfer, virtual currency, or money service",Checking or savings account
2025-11-05,17008398,Checking or savings account,Checking or savings account
2026-01-14,18723436,Credit card,Credit card
2025-09-10,15856753,Credit reporting or other personal consumer reports,Credit reporting or other personal consumer reports
2025-08-28,15579959,Checking or savings account,Credit card
2025-08-19,15365083,Checking or savings account,Checking or savings account
2025-07-04,14466686,Credit card,Credit card
2025-10-30,16930428,Credit card,Credit card
2025-07-07,14474306,Checking or savings account,"Money transfer, virtual currency, or money service"
2026-01-26,19017116,"Money transfer, virtual currency, or money service","Money transfer, virtual currency, or money service"
2025-08-13,15251868,Credit card,Credit card
2025-12-08,17850331,Credit card,Credit card
2025-08-21,15443901,Checking or savings account,Checking or savings account
2025-12-31,18386085,Checking or savings account,Checking or savings account
2025-11-30,17962112,Credit reporting or other personal consumer reports,Credit reporting or other personal consumer reports
2025-10-30,16919761,Credit card,Credit card
2025-09-23,16130256,Credit card,Checking or savings account
2025-07-05,14478194,"Money transfer, virtual currency, or money service",Checking or savings account
2025-07-14,14648003,Credit card,Credit card
2025-09-15,15957473,Checking or savings account,Checking or savings account
2025-07-17,14719764,Checking or savings account,Checking or savings account
2025-07-09,14550598,"Money transfer, virtual currency, or money service",Checking or savings account
2025-12-26,18287714,"Money transfer, virtual currency, or money service",Checking or savings account
2025-09-15,15940963,Credit card,Credit reporting or other personal consumer reports
2025-12-29,18340097,Checking or savings account,Checking or savings account
2025-09-04,15722175,Credit reporting or other personal consumer reports,Credit reporting or other personal consumer reports
2025-08-23,15477036,Credit card,Credit card
2025-09-02,15666671,Credit card,Credit card
2025-11-07,17061210,Debt collection,Credit reporting or other personal consumer reports
2025-09-17,15991164,"Money transfer, virtual currency, or money service","Money transfer, virtual currency, or money service"
2025-11-13,17226244,Checking or savings account,Credit card
2025-12-19,18162521,Checking or savings account,Checking or savings account
2025-12-23,18251106,Checking or savings account,Checking or savings account
2025-07-18,14741251,Vehicle loan or lease,Credit card
2025-10-28,16874572,Credit card,Credit card
2025-07-31,14963388,Checking or savings account,Checking or savings account
2026-01-24,18980563,Checking or savings account,Checking or savings account
2025-10-06,16390459,Checking or savings account,Checking or savings account
2025-08-17,15335391,"Money transfer, virtual currency, or money service","Money transfer, virtual currency, or money service"
2025-07-23,14842937,Checking or savings account,Checking or savings account
2026-01-18,18816872,"Money transfer, virtual currency, or money service","Money transfer, virtual currency, or money service"
2026-01-30,19123944,Credit card,Credit card
2025-10-15,16598094,"Money transfer, virtual currency, or money service","Money transfer, virtual currency, or money service"
2025-08-21,15436672,Checking or savings account,Checking or savings account
2025-08-29,15595846,Checking or savings account,Checking or savings account
2025-07-11,14598583,Credit card,Credit card
2025-07-14,14646716,Credit card,Credit card
2025-11-17,17303096,Mortgage,Mortgage
2025-12-04,17758796,Mortgage,Mortgage
2025-08-11,15206391,Credit card,Credit card
2025-08-05,15101614,Credit card,Credit card
2025-07-30,14973786,Credit card,Credit card
2025-07-22,14805502,Checking or savings account,Checking or savings account
2025-09-24,16145969,Credit card,Credit reporting or other personal consumer reports
2025-07-02,14384636,Checking or savings account,Checking or savings account
2025-10-09,16475978,Checking or savings account,Checking or savings account
2025-11-21,17428855,"Money transfer, virtual currency, or money service","Money transfer, virtual currency, or money service"
2026-01-18,18815691,Checking or savings account,Checking or savings account
2025-07-09,14540469,Credit card,Checking or savings account
2025-11-21,17797937,Checking or savings account,Credit reporting or other personal consumer reports
2025-08-19,15381860,Credit card,Checking or savings account
2025-07-27,14911479,Vehicle loan or lease,Vehicle loan or lease
2025-10-03,16353973,Checking or savings account,Credit card
2025-10-19,16685931,Credit card,Credit card
2025-11-11,17171576,Checking or savings account,Checking or savings account
2025-09-17,16002556,Credit card,Credit reporting or other personal consumer reports
2025-07-24,14859042,Checking or savings account,Checking or savings account
2026-01-13,18683220,Checking or savings account,Checking or savings account
2025-07-21,14778365,Checking or savings account,Checking or savings account
2025-11-26,17916554,"Money transfer, virtual currency, or money service",Credit card
2025-07-22,14798443,Checking or savings account,Checking or savings account
2025-07-10,14573209,Checking or savings account,Checking or savings account
2025-12-21,18206920,Credit card,Credit card
2025-11-18,17328244,Checking or savings account,Checking or savings account
2025-08-06,15125239,Checking or savings account,"Money transfer, virtual currency, or money service"
2025-08-19,15373024,Credit card,Credit card
2025-09-22,16083636,Checking or savings account,Checking or savings account
2025-11-30,18038322,Mortgage,Mortgage
2025-07-15,14676449,Debt collection,Credit card
2025-07-03,14455075,"Money transfer, virtual currency, or money service","Money transfer, virtual currency, or money service"
2025-12-14,18027609,Credit card,Credit card
2025-09-17,16003951,Credit card,Credit card
2025-11-06,17077621,Checking or savings account,Checking or savings account
2026-01-23,18948005,Checking or savings account,Checking or savings account
2025-11-11,17178345,Credit card,Credit card
2025-11-28,17952919,Checking or savings account,Checking or savings account
2025-11-07,17095748,Checking or savings account,Checking or savings account
2025-11-17,17302753,Checking or savings account,Checking or savings account
2025-11-12,17874288,Checking or savings account,Checking or savings account
2025-09-11,15873889,Checking or savings account,Credit card
2025-12-25,18283889,Credit card,Credit card
2025-11-22,17406762,Credit reporting or other personal consumer reports,Debt collection
2025-09-03,15701269,Credit card,Credit reporting or other personal consumer reports
2026-01-28,19083000,Checking or savings account,Checking or savings account
2025-12-03,18045554,Checking or savings account,Checking or savings account
2026-01-02,18413625,Checking or savings account,Checking or savings account
2025-09-24,16096222,Credit card,Credit card
2025-09-18,16037797,Credit card,Credit card
2025-09-23,16099600,Credit reporting or other personal consumer reports,Credit card
2025-12-31,18387314,Checking or savings account,Checking or savings account
2025-12-01,18045822,Checking or savings account,Checking or savings account
2025-11-21,17421903,Checking or savings account,Checking or savings account
2026-01-28,19070699,"Money transfer, virtual currency, or money service",Checking or savings account
2025-11-18,17335775,Checking or savings account,Checking or savings account
2025-07-31,14991122,Checking or savings account,Checking or savings account
2025-11-03,16991275,Credit card,Credit card
2025-10-18,16648703,Checking or savings account,Checking or savings account
2025-09-22,16085959,Checking or savings account,Mortgage
2025-08-18,15352215,Credit reporting or other personal consumer reports,Credit reporting or other personal consumer reports
2025-11-25,17879001,Credit card,Credit reporting or other personal consumer reports
2025-10-08,16432631,Credit reporting or other personal consumer reports,Credit reporting or other personal consumer reports
2025-07-30,14938330,Credit card,Credit card
2025-12-16,18073783,Checking or savings account,Checking or savings account
2026-01-11,18636133,Checking or savings account,Checking or savings account
2025-07-02,14409690,Checking or savings account,Checking or savings account
2025-07-23,14841438,Credit reporting or other personal consumer reports,Credit reporting or other personal consumer reports
2025-11-05,17050185,Checking or savings account,Checking or savings account
2025-11-25,17902367,Checking or savings account,Credit card
2025-10-24,16798251,Checking or savings account,Checking or savings account
2025-07-26,14903117,Checking or savings account,Credit card
2025-07-02,14428116,Credit card,Credit reporting or other personal consumer reports
2026-01-25,18998419,Checking or savings account,Checking or savings account
2025-08-22,15428878,Checking or savings account,Checking or savings account
2025-07-21,14774801,Credit reporting or other personal consumer reports,Credit reporting or other personal consumer reports
2026-01-13,18696979,"Money transfer, virtual currency, or money service",Checking or savings account
2025-11-11,17170793,Credit card,Credit card
2026-01-26,19018384,Checking or savings account,Checking or savings account
2025-07-08,14531498,Credit card,Credit card
2025-10-14,16585413,Checking or savings account,Checking or savings account
2025-07-10,14577504,Credit card,Credit card
2025-07-14,14629546,Credit card,Credit card
2025-11-10,17140670,Credit card,Credit card
2025-11-02,16976840,Checking or savings account,Checking or savings account
2025-08-16,15324511,Debt collection,Credit reporting or other personal consumer reports
2025-07-01,14389405,Checking or savings account,Checking or savings account
2026-01-01,18405259,Checking or savings account,Checking or savings account
2025-07-18,14726099,Checking or savings account,Credit card
2025-10-14,16570407,Checking or savings account,Checking or savings account
2025-07-24,14850043,Checking or savings account,Checking or savings account
2025-08-08,15168799,Credit card,Credit card
2025-08-06,15119611,Checking or savings account,Credit card
2026-01-28,19086208,Checking or savings account,Checking or savings account
2025-12-26,18308797,Vehicle loan or lease,Vehicle loan or lease
2025-12-09,17897239,Checking or savings account,Checking or savings account
2025-09-27,16217868,Checking or savings account,Checking or savings account
2025-10-24,16802863,Checking or savings account,Credit card
2025-10-30,16925772,Checking or savings account,Checking or savings account
2025-07-04,14467525,Credit card,Checking or savings account
2025-11-27,17960557,Credit reporting or other personal consumer reports,Credit card
2025-11-26,17918073,Debt collection,Credit reporting or other personal consumer reports
2025-12-25,18286027,Mortgage,Mortgage
2025-12-16,18068307,Credit card,Credit card
2025-10-24,16811020,Debt collection,Credit reporting or other personal consumer reports
2025-09-15,15927156,Credit card,Credit reporting or other personal consumer reports
2025-09-15,15948768,Checking or savings account,Checking or savings account
2025-09-27,16217927,Checking or savings account,Checking or savings account
2025-07-26,14870604,Checking or savings account,"Money transfer, virtual currency, or money service"
2025-09-16,15964467,Credit card,Checking or savings account
2025-10-29,16890990,Checking or savings account,Checking or savings account
2025-09-10,15850764,Credit reporting or other personal consumer reports,Credit reporting or other personal consumer reports
2025-09-26,16168395,Credit card,Credit card
2025-07-18,14744320,Checking or savings account,Checking or savings account
2026-01-13,18692881,Debt collection,Debt collection
2025-12-23,18238216,Credit reporting or other personal consumer reports,Credit reporting or other personal consumer reports
2025-07-18,14743473,Credit card,Checking or savings account
2025-12-18,18157295,Checking or savings account,Checking or savings account
2025-11-21,17800969,Checking or savings account,Checking or savings account
2025-07-17,14677003,Vehicle loan or lease,Credit reporting or other personal consumer reports
2025-12-09,17872130,Credit card,Credit card
2025-08-26,15521038,Credit card,Credit card
2025-07-04,14472315,Checking or savings account,Checking or savings account
2025-12-01,17923343,Checking or savings account,Checking or savings account
2025-12-09,17879706,Checking or savings account,Checking or savings account
2026-01-09,18592917,Checking or savings account,Checking or savings account
2025-08-01,15040134,Checking or savings account,"Money transfer, virtual currency, or money service"
2025-08-25,15497776,Checking or savings account,Checking or savings account
2025-07-30,14982194,Checking or savings account,Checking or savings account
2025-12-16,18075995,Checking or savings account,Credit card
2026-01-19,18825100,Checking or savings account,Checking or savings account
2025-07-21,14769747,Checking or savings account,Checking or savings account
2025-12-30,18377938,Credit card,Credit card
2025-09-06,15771783,Credit card,Credit reporting or other personal consumer reports
2025-10-21,16718238,Credit card,Credit card
2025-10-03,16359080,Credit card,Credit card
2025-11-07,17062257,Checking or savings account,"Money transfer, virtual currency, or money service"
2025-11-05,17047835,Checking or savings account,Credit card
2025-09-29,16236220,"Money transfer, virtual currency, or money service","Money transfer, virtual currency, or money service"
2025-10-15,16584010,Checking or savings account,Checking or savings account
2025-07-25,14876079,Credit card,Credit card
2025-07-30,14981127,Vehicle loan or lease,Vehicle loan or lease
2025-11-23,17826715,"Money transfer, virtual currency, or money service","Money transfer, virtual currency, or money service"
2025-11-11,17131739,Credit card,Credit card
2025-12-25,18278437,Mortgage,Mortgage
2025-09-26,16194040,Mortgage,Mortgage
2025-12-25,18279144,Credit card,Checking or savings account
2025-09-10,15852888,Mortgage,Mortgage
2026-01-23,18968265,"Money transfer, virtual currency, or money service",Checking or savings account
2025-10-01,16291816,Checking or savings account,Checking or savings account
2025-09-28,16227650,Credit card,Credit reporting or other personal consumer reports
2025-12-18,18155518,"Money transfer, virtual currency, or money service","Money transfer, virtual currency, or money service"
2025-11-02,16972633,Credit card,Credit card
2025-08-22,15449101,Debt collection,Vehicle loan or lease
2025-10-27,16824461,Credit card,Credit reporting or other personal consumer reports
2026-01-08,18576572,Credit card,Credit card
2025-08-15,15316169,Credit reporting or other personal consumer reports,Credit reporting or other personal consumer reports
2025-10-03,16346932,Debt collection,Debt collection
2026-01-08,18578823,"Money transfer, virtual currency, or money service",Checking or savings account
2025-09-26,16195118,Checking or savings account,"Money transfer, virtual currency, or money service"
2025-08-29,15602060,Credit card,Credit card
2025-11-05,17036751,Credit card,Credit card
2025-10-16,16590812,Checking or savings account,Checking or savings account
2025-10-02,16328151,Credit reporting or other personal consumer reports,Credit reporting or other personal consumer reports
2025-08-05,15092007,"Money transfer, virtual currency, or money service","Money transfer, virtual currency, or money service"
2025-07-23,14834011,Credit card,Credit card
2025-09-17,15998924,Credit card,Credit card
2025-11-28,17952355,Checking or savings account,Checking or savings account
2025-10-14,16561439,Credit card,Credit card
2025-10-14,16562003,Checking or savings account,Checking or savings account
2025-12-08,17846089,Credit card,Credit card
2025-10-29,16905097,Credit card,Credit card
2025-07-29,14952200,Credit card,Checking or savings account
2025-11-21,17797882,Checking or savings account,Checking or savings account
2025-09-07,15778292,Checking or savings account,Checking or savings account
2025-09-05,15742540,Credit card,Credit card
2025-07-04,14434155,Checking or savings account,Checking or savings account
2025-09-01,15646745,Checking or savings account,Checking or savings account
2025-09-06,15763610,Credit card,Credit card
2025-08-29,15599569,Checking or savings account,Checking or savings account
2025-12-25,18286080,Checking or savings account,Checking or savings account
2025-10-08,16453599,Credit card,Credit card
2026-01-27,19025147,Credit card,Credit card
2026-01-07,18520706,Credit card,Credit card
2025-10-29,16893101,"Money transfer, virtual currency, or money service",Checking or savings account
2025-10-10,16512048,Credit card,Credit reporting or other personal consumer reports
2025-09-13,15916180,Checking or savings account,Checking or savings account
2025-07-22,14766905,Checking or savings account,Checking or savings account
2025-11-10,17152698,Credit card,Credit card
2026-01-20,18863105,"Money transfer, virtual currency, or money service",Checking or savings account
2025-11-07,17090807,Checking or savings account,Checking or savings account
2025-08-06,15089692,Credit reporting or other personal consumer reports,Credit reporting or other personal consumer reports
2025-10-31,16960909,Credit card,Checking or savings account
2025-11-10,17136751,Credit card,Credit card
2025-08-06,15125127,Checking or savings account,Checking or savings account
2025-11-10,17135989,Checking or savings account,Credit card
2025-08-02,15027413,"Money transfer, virtual currency, or money service",Checking or savings account
2025-12-02,18043956,Checking or savings account,Checking or savings account
2025-11-12,17190870,Credit card,Credit card
2025-07-28,14920761,Mortgage,Mortgage
2025-11-18,17329632,Checking or savings account,Checking or savings account
2026-01-30,19143409,Debt collection,Debt collection
2025-11-11,17164473,Credit card,Credit card
2025-11-21,17434159,Credit card,Credit card
2025-12-14,18029007,Credit card,Credit card
2025-11-08,17090215,Credit card,Credit card
2025-08-22,15468572,Credit card,Credit card
2026-01-20,18861167,Mortgage,Mortgage
2025-07-09,14544667,Checking or savings account,"Money transfer, virtual currency, or money service"
2025-11-16,17281821,Debt collection,Debt collection
2025-12-23,18261264,Checking or savings account,Checking or savings account
2025-08-13,15255967,Checking or savings account,Credit card
2025-09-12,15913329,Checking or savings account,Checking or savings account
2025-07-17,14711411,Credit reporting or other personal consumer reports,Credit reporting or other personal consumer reports
2025-11-08,17115342,Checking or savings account,Checking or savings account
2025-12-01,18053625,Checking or savings account,"Money transfer, virtual currency, or money service"
2025-08-27,15564473,"Money transfer, virtual currency, or money service","Money transfer, virtual currency, or money service"
2025-10-15,16584384,Credit reporting or other personal consumer reports,Credit reporting or other personal consumer reports
2025-09-17,15997984,Checking or savings account,Checking or savings account
2025-11-08,17114140,Credit reporting or other personal consumer reports,Credit card
2025-10-27,16844840,Checking or savings account,Credit card
2025-07-29,14959716,Checking or savings account,Checking or savings account
2025-10-30,16926389,"Money transfer, virtual currency, or money service","Money transfer, virtual currency, or money service"
2025-07-16,14694711,Credit card,Credit card
2025-08-26,15534606,Credit reporting or other personal consumer reports,Credit card
2025-09-03,15706448,Credit card,Credit card
2026-01-01,18399448,Credit card,Debt collection
2025-07-12,14617502,Credit card,Credit card
2025-12-16,18084765,Checking or savings account,Checking or savings account
2025-10-09,16475508,Checking or savings account,Checking or savings account
2026-01-09,18585632,Credit card,Checking or savings account
2026-01-26,19015755,Checking or savings account,Checking or savings account
2025-07-19,14757130,Credit card,Credit card
2025-07-30,14972391,Checking or savings account,Checking or savings account
2025-07-23,14838032,Checking or savings account,Checking or savings account
2025-07-15,14636657,Checking or savings account,Checking or savings account
2025-07-29,14946465,Mortgage,Mortgage
2025-11-12,17201794,Credit card,Credit reporting or other personal consumer reports
2025-12-09,17859188,Credit card,Credit card
2025-12-23,18235794,Checking or savings account,Checking or savings account
2026-01-03,18438085,"Money transfer, virtual currency, or money service",Checking or savings account
2025-07-18,14736711,Checking or savings account,Checking or savings account
2025-10-01,16296301,Checking or savings account,Checking or savings account
2025-10-02,16313893,Mortgage,Mortgage
2025-12-30,18368172,Credit card,Credit card
2025-11-06,17083788,"Money transfer, virtual currency, or money service",Checking or savings account
2025-09-25,16168911,Checking or savings account,Checking or savings account
2025-09-22,16081401,Checking or savings account,Checking or savings account
2025-09-02,15669141,Checking or savings account,Credit card
2025-07-19,14735395,Credit reporting or other personal consumer reports,Debt collection
2025-07-10,14573388,Checking or savings account,Checking or savings account
2025-08-14,15285171,Credit reporting or other personal consumer reports,Credit reporting or other personal consumer reports
2025-07-14,14646545,Credit card,Credit card
2025-11-02,16977126,Credit card,Credit reporting or other personal consumer reports
2025-08-05,15060232,Credit card,Credit reporting or other personal consumer reports
2025-10-31,16913287,Checking or savings account,Checking or savings account
2025-11-20,17353698,Checking or savings account,Checking or savings account
2025-07-11,14596887,Checking or savings account,"Money transfer, virtual currency, or money service"
2025-11-20,17893223,Checking or savings account,Checking or savings account
2025-10-29,16898550,Debt collection,Checking or savings account
2025-07-03,14411942,Checking or savings account,Checking or savings account
2025-07-16,14686503,"Money transfer, virtual currency, or money service",Checking or savings account
2025-10-24,16795867,Checking or savings account,Checking or savings account
2025-12-23,18258029,Checking or savings account,Checking or savings account
2025-07-09,14543994,Checking or savings account,Checking or savings account
2026-01-24,18975088,Credit card,Credit card
2025-11-04,17011281,Checking or savings account,Checking or savings account
2025-07-02,14400889,Credit reporting or other personal consumer reports,Credit reporting or other personal consumer reports
2025-12-01,18054296,Checking or savings account,Checking or savings account
2025-09-22,16082798,Checking or savings account,Checking or savings account
2025-09-11,15840913,Checking or savings account,Checking or savings account
2025-11-04,17025420,Credit card,Credit card
2026-01-24,18981557,Debt collection,Credit reporting or other personal consumer reports
2026-01-03,18446932,Credit card,Credit card
2025-11-27,17985599,Checking or savings account,Checking or savings account
2025-07-22,14767578,Checking or savings account,Checking or savings account
2025-09-24,16156612,Checking or savings account,Checking or savings account
2025-09-22,16078952,Checking or savings account,Credit reporting or other personal consumer reports
2025-11-24,17837026,Debt collection,Debt collection
2025-11-14,17264583,Credit card,Credit reporting or other personal consumer reports
2025-12-23,18257957,Credit card,Credit card
2025-09-24,16097417,Checking or savings account,Credit reporting or other personal consumer reports
2025-11-28,17955564,Credit card,Credit card
2025-09-23,16077458,Checking or savings account,Checking or savings account
2025-11-12,17180271,Credit card,Credit card
2025-07-20,14788993,Checking or savings account,Credit reporting or other personal consumer reports
2025-11-28,17971030,Credit card,Credit card
2025-12-15,18043841,Credit reporting or other personal consumer reports,Credit reporting or other personal consumer reports
2025-12-08,17837325,Checking or savings account,Checking or savings account
2025-12-03,18085086,Checking or savings account,Checking or savings account
2025-08-04,15069877,Checking or savings account,"Money transfer, virtual currency, or money service"
2025-07-29,14957871,Mortgage,Mortgage
2026-01-29,19090958,Checking or savings account,Checking or savings account
2025-09-23,16124819,Credit reporting or other personal consumer reports,Credit reporting or other personal consumer reports
2025-12-24,18276213,Credit card,Credit card
2025-07-02,14427818,Credit card,Credit card
2025-09-27,16193102,Credit card,Credit card
2026-01-27,19046464,"Money transfer, virtual currency, or money service","Money transfer, virtual currency, or money service"
2025-11-05,17036966,"Money transfer, virtual currency, or money service","Money transfer, virtual currency, or money service"
2025-10-09,16485872,Checking or savings account,Checking or savings account
2026-01-08,18557985,Credit card,Credit reporting or other personal consumer reports
2025-12-22,18211269,Credit card,Credit card
2025-07-16,14691584,Credit card,Credit card
2025-09-26,16167126,Checking or savings account,Checking or savings account
2025-09-03,15701093,Checking or savings account,Checking or savings account
2026-01-07,18542442,Checking or savings account,Checking or savings account
2025-09-23,16097570,Credit reporting or other personal consumer reports,Credit card
2025-11-13,17225362,Credit card,Checking or savings account
2025-12-05,17761072,Credit card,Credit card
2025-09-15,15925959,Credit card,Credit reporting or other personal consumer reports
2025-12-30,18379312,"Money transfer, virtual currency, or money service",Checking or savings account
2025-11-06,17081167,Checking or savings account,Checking or savings account
2025-10-28,16873032,Credit card,Credit card
2025-08-10,15194882,Credit reporting or other personal consumer reports,Credit reporting or other personal consumer reports
2025-09-15,15926794,Checking or savings account,"Money transfer, virtual currency, or money service"
2025-10-19,16685547,Checking or savings account,Checking or savings account
2025-12-29,18339239,Credit card,Credit card
2025-07-16,14684456,Checking or savings account,Checking or savings account
2025-08-04,15072839,Checking or savings account,Checking or savings account
2025-10-09,16463061,Checking or savings account,Checking or savings account
2025-10-01,16293754,Checking or savings account,Checking or savings account
2025-07-06,14479188,Credit reporting or other personal consumer reports,Credit reporting or other personal consumer reports
2025-12-01,18047003,Credit card,Checking or savings account
2025-10-13,16526467,Checking or savings account,Checking or savings account
2025-11-18,17337638,Credit card,Credit card
2026-01-30,19131452,Vehicle loan or lease,Credit reporting or other personal consumer reports
2025-08-01,15046434,Credit card,Credit card
2026-01-21,18899946,Checking or savings account,Checking or savings account
2025-12-08,17844665,Checking or savings account,Checking or savings account
2026-01-13,18698679,Checking or savings account,Checking or savings account
2025-07-10,14569742,Credit reporting or other personal consumer reports,Credit reporting or other personal consumer reports
2025-09-16,15980098,Checking or savings account,Checking or savings account
2025-07-01,14388860,"Money transfer, virtual currency, or money service",Credit card
2025-12-27,18312754,Checking or savings account,Checking or savings account
2025-07-25,14874960,Checking or savings account,Checking or savings account
2025-09-17,16006195,Credit card,Credit reporting or other personal consumer reports
2025-09-23,16097967,Credit reporting or other personal consumer reports,Checking or savings account
2025-12-16,18087888,Checking or savings account,Checking or savings account
2025-11-25,17836603,Checking or savings account,Checking or savings account
2025-11-18,17337858,Credit card,Checking or savings account
2025-08-22,15449509,Checking or savings account,Checking or savings account
2025-11-20,17401705,Credit card,Credit card
2025-11-23,17835382,Checking or savings account,Checking or savings account
2025-08-25,15492354,Checking or savings account,Checking or savings account
2025-09-16,15983002,Checking or savings account,Checking or savings account
2025-11-08,17117519,Checking or savings account,Credit card
2025-08-24,15482231,Checking or savings account,Checking or savings account
2025-11-07,17103697,Checking or savings account,Checking or savings account
2025-10-16,16637573,Credit card,Credit card
2025-09-05,15728908,"Money transfer, virtual currency, or money service","Money transfer, virtual currency, or money service"
2025-12-09,17886725,Credit card,Credit card
2026-01-13,18692486,Checking or savings account,Credit card
2026-01-15,18742949,Checking or savings account,Checking or savings account
2026-01-14,18717388,Credit card,Credit card
2025-07-31,14996692,"Money transfer, virtual currency, or money service","Money transfer, virtual currency, or money service"
2025-08-18,15350173,Credit card,Credit reporting or other personal consumer reports
2025-08-11,15209520,"Money transfer, virtual currency, or money service",Checking or savings account
2026-01-20,18866907,Credit card,Credit card
2025-10-15,16604897,Credit card,Credit card
2025-10-02,16315854,Credit reporting or other personal consumer reports,Credit reporting or other personal consumer reports
2025-10-28,16863239,Credit reporting or other personal consumer reports,Credit reporting or other personal consumer reports
2025-09-15,15943547,Checking or savings account,Checking or savings account
2025-12-24,18273738,Checking or savings account,Checking or savings account
2025-09-07,15773331,Credit card,Credit card
2025-09-16,15962539,Mortgage,Mortgage
2025-08-12,15244927,Credit card,Credit card
2025-08-04,15074593,Credit reporting or other personal consumer reports,Credit reporting or other personal consumer reports
2025-12-29,18347786,Checking or savings account,Checking or savings account
2025-12-04,18139481,Credit reporting or other personal consumer reports,Credit reporting or other personal consumer reports
2025-07-31,15001058,Checking or savings account,Checking or savings account
2025-08-01,15034496,Credit card,Credit card
2025-08-21,15444564,Credit reporting or other personal consumer reports,Credit reporting or other personal consumer reports
2026-01-09,18610097,Credit card,Credit card
2025-07-17,14676622,Credit reporting or other personal consumer reports,Credit reporting or other personal consumer reports
2025-07-25,14875767,Credit card,Credit card
2025-09-12,15914487,Checking or savings account,Checking or savings account
2026-01-01,18403686,Checking or savings account,Credit card
2025-07-02,14425243,Checking or savings account,Checking or savings account
2026-01-27,19051470,Credit card,Credit card
2025-12-24,18273581,Credit reporting or other personal consumer reports,Credit reporting or other personal consumer reports
2025-11-16,17282850,Credit card,Credit reporting or other personal consumer reports
2025-09-26,16203797,Checking or savings account,Checking or savings account
2025-09-25,16178751,Checking or savings account,"Money transfer, virtual currency, or money service"
2025-12-08,17850906,Mortgage,Credit reporting or other personal consumer reports
2026-01-18,18817347,Checking or savings account,Checking or savings account
2026-01-12,18652556,Checking or savings account,"Money transfer, virtual currency, or money service"
2025-10-14,16571206,Checking or savings account,Checking or savings account
2025-10-14,16533344,Checking or savings account,Checking or savings account
2026-01-29,19097994,Credit card,Credit card
2025-08-28,15586174,Checking or savings account,Checking or savings account
2025-10-14,16577705,Checking or savings account,Checking or savings account
2025-11-13,17234525,Checking or savings account,"Money transfer, virtual currency, or money service"
2025-10-18,16643804,Credit reporting or other personal consumer reports,Credit reporting or other personal consumer reports
2025-09-30,16268564,Credit card,Credit card
2025-08-27,15558214,Checking or savings account,Checking or savings account
2026-01-08,18558762,Checking or savings account,Checking or savings account
2025-10-03,16343670,Checking or savings account,Checking or savings account
2025-11-11,17170101,"Money transfer, virtual currency, or money service","Money transfer, virtual currency, or money service"
2025-09-06,15754712,Credit reporting or other personal consumer reports,Credit reporting or other personal consumer reports
2025-09-28,16228001,Credit card,Credit card
2025-07-02,14417503,Checking or savings account,Checking or savings account
2025-08-15,15310006,Checking or savings account,Checking or savings account
2025-11-24,17881940,Checking or savings account,Checking or savings account
2025-12-21,18207691,Checking or savings account,Checking or savings account
2025-08-28,15575263,Credit reporting or other personal consumer reports,Credit reporting or other personal consumer reports
2025-10-08,16450597,Checking or savings account,Checking or savings account
2025-12-08,17838357,"Money transfer, virtual currency, or money service",Checking or savings account
2025-09-25,16171100,"Money transfer, virtual currency, or money service","Money transfer, virtual currency, or money service"
2025-10-08,16456541,Checking or savings account,Checking or savings account
2025-10-10,16465036,Checking or savings account,Checking or savings account
2025-07-21,14776220,"Money transfer, virtual currency, or money service",Checking or savings account
2025-12-24,18277086,Credit card,Credit card
2025-10-28,16873839,"Money transfer, virtual currency, or money service",Checking or savings account
2025-10-29,16895945,Checking or savings account,Checking or savings account
2025-08-20,15401179,Credit card,Credit card
2026-01-30,19127401,Vehicle loan or lease,Checking or savings account
2026-01-26,19021632,Mortgage,Mortgage
2025-11-06,17082637,Checking or savings account,Checking or savings account
2026-01-22,18928893,Checking or savings account,Checking or savings account
2025-11-19,17372820,Checking or savings account,"Money transfer, virtual currency, or money service"
2025-10-29,16903676,Checking or savings account,Checking or savings account
2025-12-23,18253440,Credit reporting or other personal consumer reports,Vehicle loan or lease
2025-11-12,17191208,Credit card,Credit card
2025-09-17,15996054,Checking or savings account,Checking or savings account
2025-12-22,18226774,Checking or savings account,Checking or savings account
2025-10-22,16755750,Checking or savings account,Checking or savings account
2025-09-30,16274366,Credit card,Credit card
2025-09-03,15663522,Checking or savings account,Checking or savings account
2025-08-12,15228582,Credit reporting or other personal consumer reports,Credit reporting or other personal consumer reports
2025-08-15,15276470,Checking or savings account,Credit card
2025-09-30,16274040,Credit card,Credit card
2025-08-25,15496119,Checking or savings account,Checking or savings account
2025-10-29,16858086,Checking or savings account,Checking or savings account
2026-01-24,18986033,Checking or savings account,Checking or savings account
2025-10-02,16337052,Credit card,Credit card
2025-07-04,14469703,"Money transfer, virtual currency, or money service","Money transfer, virtual currency, or money service"
2025-08-23,15475136,Credit card,Credit card
2025-07-02,14402453,Credit card,Credit card
2025-09-27,16220725,Checking or savings account,Checking or savings account
2025-11-16,17282909,Checking or savings account,Checking or savings account
2025-08-02,15021300,Checking or savings account,Credit card
2025-10-02,16314636,Checking or savings account,Checking or savings account
2025-08-06,15118944,Checking or savings account,Checking or savings account
2025-07-03,14441726,"Money transfer, virtual currency, or money service","Money transfer, virtual currency, or money service"
2025-07-01,14393512,Checking or savings account,Checking or savings account
2025-12-09,17900538,Checking or savings account,Checking or savings account
2026-01-21,18898065,"Money transfer, virtual currency, or money service","Money transfer, virtual currency, or money service"
2025-08-21,15429644,Checking or savings account,Checking or savings account
2026-01-25,18991084,"Money transfer, virtual currency, or money service","Money transfer, virtual currency, or money service"
2025-08-03,15053082,Credit reporting or other personal consumer reports,Credit card
2025-07-26,14896621,Checking or savings account,Checking or savings account
2025-11-23,17447000,Checking or savings account,Checking or savings account
2025-07-31,14995218,"Money transfer, virtual currency, or money service","Money transfer, virtual currency, or money service"
2025-07-18,14740049,Credit card,Checking or savings account
2025-09-04,15712335,Credit card,Credit reporting or other personal consumer reports
2025-10-01,16302312,Credit card,Credit card
2025-11-21,17801306,"Money transfer, virtual currency, or money service",Checking or savings account
2025-09-24,16161968,Credit card,Checking or savings account
2026-01-02,18424044,Credit card,Credit card
2025-08-17,15338074,Credit card,Credit card
2025-11-28,17918624,Checking or savings account,Checking or savings account
2025-09-11,15866194,Credit reporting or other personal consumer reports,Credit reporting or other personal consumer reports
2025-10-06,16395928,Vehicle loan or lease,Vehicle loan or lease
2025-12-23,18240331,Checking or savings account,Checking or savings account
2025-12-31,18394955,Credit card,Credit card
2025-08-10,15195988,Credit reporting or other personal consumer reports,Credit reporting or other personal consumer reports
2025-11-10,17146723,Checking or savings account,Checking or savings account
2026-01-30,19135175,Credit card,Credit card
2025-10-28,16867183,"Money transfer, virtual currency, or money service","Money transfer, virtual currency, or money service"
2025-07-01,14405326,"Money transfer, virtual currency, or money service","Money transfer, virtual currency, or money service"
2026-01-09,18604718,Checking or savings account,Checking or savings account
2026-01-17,18803575,"Money transfer, virtual currency, or money service","Money transfer, virtual currency, or money service"
2025-08-16,15328867,Credit reporting or other personal consumer reports,Debt collection
2026-01-25,18994131,"Money transfer, virtual currency, or money service","Money transfer, virtual currency, or money service"
2025-11-01,16968314,Checking or savings account,Checking or savings account
2025-12-04,18145562,Credit card,Credit reporting or other personal consumer reports
2025-11-10,17135957,Checking or savings account,Checking or savings account
2025-08-21,15442568,Credit reporting or other personal consumer reports,Credit reporting or other personal consumer reports
2025-10-06,16371510,Checking or savings account,Checking or savings account
2026-01-25,18994640,Checking or savings account,Checking or savings account
2025-12-25,18278765,Credit card,Credit card
2025-07-23,14794580,Credit card,Credit card
2025-08-12,15233171,Credit card,Credit card
2025-09-15,15956858,Credit card,Credit card
2025-09-12,15914573,Checking or savings account,Checking or savings account
2025-10-06,16372368,Debt collection,Debt collection
2025-10-28,16863184,Checking or savings account,Checking or savings account
2026-01-30,19128522,Checking or savings account,Checking or savings account
2026-01-26,19009310,Checking or savings account,Checking or savings account
2025-07-05,14498710,Checking or savings account,Checking or savings account
2026-01-01,18402435,Checking or savings account,Checking or savings account
2025-08-07,15145779,Credit card,Checking or savings account
2025-08-05,15080181,"Money transfer, virtual currency, or money service","Money transfer, virtual currency, or money service"
2025-08-19,15365299,"Money transfer, virtual currency, or money service","Money transfer, virtual currency, or money service"
2025-09-14,15930310,Checking or savings account,Checking or savings account
2025-08-28,15589775,Debt collection,Debt collection
2025-08-08,15164309,Checking or savings account,Checking or savings account
2025-11-19,17316580,Checking or savings account,Credit card
2026-01-08,18574717,Checking or savings account,Checking or savings account
2025-08-23,15476024,Checking or savings account,Checking or savings account
2025-10-13,16542944,Checking or savings account,Checking or savings account
2025-11-21,17413343,Credit card,Credit card
2025-09-21,16111547,Credit reporting or other personal consumer reports,Credit card
2025-10-30,16891664,Credit reporting or other personal consumer reports,Credit reporting or other personal consumer reports
2025-09-04,15725620,Credit card,Credit card
2025-11-21,17801716,Checking or savings account,Checking or savings account
2025-11-14,17256449,Credit card,Credit card
2025-11-11,17162612,Credit card,Credit card
2026-01-27,19055458,Checking or savings account,Checking or savings account
2025-11-22,17764006,Checking or savings account,Checking or savings account
2025-09-30,16259538,Credit card,Credit card
2025-10-30,16927381,Checking or savings account,Checking or savings account
2025-08-02,15021548,Debt collection,Credit reporting or other personal consumer reports
2025-10-15,16605709,Credit card,Credit card
2025-07-13,14621054,Checking or savings account,Checking or savings account
2025-09-16,15979635,Credit card,Debt collection
2026-01-30,19120868,"Money transfer, virtual currency, or money service","Money transfer, virtual currency, or money service"
2025-10-21,16729212,Checking or savings account,Checking or savings account
2025-10-03,16358728,Credit card,Credit reporting or other personal consumer reports
2025-07-10,14567768,Checking or savings account,Credit card
2025-08-16,15327047,Credit reporting or other personal consumer reports,Credit card
2025-09-09,15823594,Mortgage,Mortgage
2025-11-19,17361925,"Money transfer, virtual currency, or money service",Checking or savings account
2025-07-19,14735276,Credit card,Credit card
2025-08-06,15121314,Credit card,Credit card
2025-08-14,15280184,Credit card,Checking or savings account
2026-01-02,18419665,Credit card,Credit card
2026-01-21,18908051,Checking or savings account,"Money transfer, virtual currency, or money service"
2025-10-30,16885695,Checking or savings account,Checking or savings account
2025-08-07,15144366,Checking or savings account,Checking or savings account
2025-10-09,16470548,Checking or savings account,Checking or savings account
2026-01-14,18717279,Credit card,Credit card
2025-09-08,15791683,Credit card,Credit card
2025-12-01,17874332,Credit card,Credit reporting or other personal consumer reports
2026-01-30,19130416,Checking or savings account,"Money transfer, virtual currency, or money service"
2025-12-02,18104441,Checking or savings account,Checking or savings account
2025-09-29,16236421,Debt collection,Debt collection
2025-10-02,16287899,Checking or savings account,Checking or savings account
2025-08-14,15286640,Checking or savings account,Checking or savings account
2025-12-15,18042816,Credit card,Credit card
2026-01-30,19142501,Credit card,Credit card
2025-07-31,15008084,Credit reporting or other personal consumer reports,Credit reporting or other personal consumer reports
2025-10-21,16693859,Checking or savings account,Checking or savings account
2025-12-09,17893459,Checking or savings account,Checking or savings account
2025-08-07,15150704,Checking or savings account,Checking or savings account
2026-01-02,18410828,Credit card,Credit card
2025-12-01,18069617,Credit card,Credit reporting or other personal consumer reports
2025-11-02,16974054,Checking or savings account,Checking or savings account
2026-01-27,19028066,Credit card,Credit card
2025-09-09,15812976,Checking or savings account,Credit card
2025-09-27,16219328,Checking or savings account,Checking or savings account
2026-01-29,19091515,Credit card,Credit card
2025-12-22,18230811,Checking or savings account,Checking or savings account
2026-01-21,18890346,Credit card,Credit card
2025-08-01,15011426,Checking or savings account,Checking or savings account
2025-08-15,15311937,Checking or savings account,Checking or savings account
2026-01-07,18533529,Checking or savings account,Checking or savings account
2025-09-17,15995977,Checking or savings account,Checking or savings account
2025-12-09,17886223,Checking or savings account,Checking or savings account
2025-11-19,17369069,Debt collection,Debt collection
2025-07-03,14452208,Checking or savings account,Checking or savings account
2025-07-06,14479044,Checking or savings account,Checking or savings account
2025-08-22,15460522,Checking or savings account,Checking or savings account
2025-07-31,14990129,"Money transfer, virtual currency, or money service",Checking or savings account
2025-12-21,18208789,Checking or savings account,Checking or savings account
2025-07-17,14720605,Checking or savings account,Checking or savings account
2025-12-21,18208931,Checking or savings account,Checking or savings account
2025-12-16,18071585,"Money transfer, virtual currency, or money service",Checking or savings account
2025-11-21,17801252,Checking or savings account,Checking or savings account
2025-12-02,17930975,Debt collection,Debt collection
2025-10-16,16623765,Checking or savings account,Credit reporting or other personal consumer reports
2025-10-10,16464028,Credit card,Credit card
2025-11-05,17047332,Checking or savings account,"Money transfer, virtual currency, or money service"
2025-11-19,17357019,Credit card,Credit card
2025-10-15,16606884,Checking or savings account,Checking or savings account
2025-07-17,14708695,Credit card,Credit card
2025-07-03,14445436,Debt collection,Credit reporting or other personal consumer reports
2025-07-22,14805943,Mortgage,Mortgage
2025-11-04,17016306,Checking or savings account,Credit card
2025-08-23,15476485,Credit card,Credit card
2025-11-01,16965605,Checking or savings account,Checking or savings account
2025-11-28,17953798,Checking or savings account,Checking or savings account
2025-07-09,14561727,Checking or savings account,Checking or savings account
2025-09-13,15918476,Checking or savings account,Checking or savings account
2025-07-11,14596863,Checking or savings account,Checking or savings account
2025-11-19,17360840,Debt collection,Credit card
2025-11-28,18954868,Credit card,Credit card
2025-09-12,15890268,Checking or savings account,Checking or savings account
2025-09-27,16220016,Mortgage,Mortgage
2025-07-03,14454789,Credit reporting or other personal consumer reports,Credit card
2025-09-25,16183004,Checking or savings account,Checking or savings account
2025-07-24,14857116,Checking or savings account,Checking or savings account
2025-07-22,14802795,Credit card,Credit card
2026-01-08,18569367,Checking or savings account,"Money transfer, virtual currency, or money service"
2025-07-11,14595409,Checking or savings account,Checking or savings account
2025-12-21,18204770,Credit card,Credit card
2025-12-26,18294676,Checking or savings account,Checking or savings account
2025-10-28,16883702,Credit card,Credit card
2025-08-22,15466990,Checking or savings account,Checking or savings account
2025-07-16,14662506,Checking or savings account,Checking or savings account
2025-09-27,16192275,Checking or savings account,Checking or savings account
2025-12-22,18227240,Debt collection,Credit reporting or other personal consumer reports
2025-07-21,14759992,Mortgage,Mortgage
2025-10-13,16527625,Credit card,Checking or savings account
2025-11-10,17129246,Checking or savings account,Checking or savings account
2025-07-28,14935180,"Money transfer, virtual currency, or money service","Money transfer, virtual currency, or money service"
2025-10-28,16880110,Checking or savings account,Credit card
2025-09-06,15768867,Credit card,Credit card
2025-11-17,17309391,"Money transfer, virtual currency, or money service","Money transfer, virtual currency, or money service"
2025-08-14,15286614,"Money transfer, virtual currency, or money service",Checking or savings account
2025-08-05,15098725,Checking or savings account,Checking or savings account
2025-08-20,15388050,Credit reporting or other personal consumer reports,Debt collection
2025-08-28,15575612,Checking or savings account,Checking or savings account
2025-10-07,16421182,Credit card,Checking or savings account
2025-12-09,17899758,Credit card,Credit card
2025-07-28,14929437,Checking or savings account,Checking or savings account
2025-12-05,17762785,Checking or savings account,Checking or savings account
2026-01-19,18836981,Credit reporting or other personal consumer reports,Credit reporting or other personal consumer reports
2025-07-29,14957039,"Money transfer, virtual currency, or money service",Checking or savings account
2025-09-29,16252285,Debt collection,Debt collection
2025-09-03,15662108,Credit reporting or other personal consumer reports,Credit card
2025-12-02,18107651,Checking or savings account,Checking or savings account
2025-10-31,16957017,Checking or savings account,Checking or savings account
2025-10-05,16373799,Checking or savings account,Checking or savings account
2025-10-14,16569209,Credit card,Credit card
2025-10-18,16675731,Credit card,Credit card
2025-11-06,17030388,Checking or savings account,Checking or savings account
2025-07-30,14966456,Checking or savings account,Checking or savings account
2025-10-07,16402517,Checking or savings account,Checking or savings account
2026-01-20,18856251,Checking or savings account,Checking or savings account
2025-11-03,16987411,Checking or savings account,Checking or savings account
2025-10-14,16564653,Checking or savings account,Checking or savings account
2025-11-16,17267433,Credit card,Credit card
2025-11-25,17895052,Checking or savings account,Checking or savings account
2025-08-27,15563505,Checking or savings account,Credit card
2025-11-28,17883163,"Money transfer, virtual currency, or money service","Money transfer, virtual currency, or money service"
2025-09-04,15712542,Checking or savings account,"Money transfer, virtual currency, or money service"
2025-07-31,14990966,Checking or savings account,Checking or savings account
2025-11-13,17231743,Checking or savings account,Checking or savings account
2025-08-01,15032685,Checking or savings account,Checking or savings account
2026-01-20,18863585,Checking or savings account,Checking or savings account
2025-10-08,16452638,Credit reporting or other personal consumer reports,Credit card
2025-08-13,15249495,Checking or savings account,Checking or savings account
2025-11-17,17302622,Credit card,Credit card
2025-11-06,17075705,Checking or savings account,Checking or savings account
2025-07-16,14673890,Credit reporting or other personal consumer reports,Credit reporting or other personal consumer reports
2025-11-20,17390275,Checking or savings account,Checking or savings account
2025-07-26,14902566,Checking or savings account,Checking or savings account
2025-09-21,16119004,Checking or savings account,Checking or savings account
2025-09-17,15997825,Checking or savings account,Checking or savings account
2025-08-29,15601707,Checking or savings account,Checking or savings account
2025-08-13,15249045,Checking or savings account,Checking or savings account
2025-07-28,14922426,Checking or savings account,Checking or savings account
2025-11-21,18086380,Credit card,Credit card
2025-12-14,18030033,Checking or savings account,Checking or savings account
2025-08-06,15123458,Credit card,Credit card
2025-07-24,14860921,Checking or savings account,Checking or savings account
2025-08-08,15169046,Checking or savings account,Checking or savings account
2025-12-18,18145477,Checking or savings account,Checking or savings account
2025-11-20,17350908,Credit card,Credit card
2025-08-02,15027177,Checking or savings account,Checking or savings account
2025-12-29,18343634,Credit card,Credit card
2025-07-30,14970193,Credit card,Credit card
2025-07-18,14740795,Mortgage,Mortgage
2025-09-10,15828369,Credit card,Credit card
2025-10-31,16955901,Credit reporting or other personal consumer reports,Credit reporting or other personal consumer reports
2025-08-26,15524268,Credit card,Credit card
2025-12-01,18039947,Credit card,Credit card
2025-08-07,15148381,"Money transfer, virtual currency, or money service",Credit card
2025-12-23,18255691,Debt collection,Debt collection
2025-09-18,16011673,Checking or savings account,Checking or savings account
2025-10-31,16949821,Checking or savings account,Checking or savings account
2025-11-09,17110995,Checking or savings account,Checking or savings account
2025-10-14,16562267,Checking or savings account,Checking or savings account
2026-01-09,18604154,Mortgage,Mortgage
2025-12-26,18288134,Mortgage,Mortgage
2026-01-07,18532582,Credit card,Credit card
2025-08-02,15025199,Checking or savings account,Checking or savings account
2025-07-01,14387408,"Money transfer, virtual currency, or money service",Checking or savings account
2026-01-20,18861320,Checking or savings account,Checking or savings account
2025-10-18,16644079,Mortgage,Credit reporting or other personal consumer reports
2026-01-29,19092977,Credit card,Credit card
2026-01-27,19040530,Checking or savings account,Checking or savings account
2025-08-06,15121134,Checking or savings account,Checking or savings account
2025-07-02,14411772,Checking or savings account,Checking or savings account
2025-09-03,15707700,Credit card,Credit card
2026-01-07,18544102,"Money transfer, virtual currency, or money service","Money transfer, virtual currency, or money service"
2025-10-30,16933268,Credit card,Credit card
2026-01-22,18928511,Credit card,Credit reporting or other personal consumer reports
2025-11-24,17830673,Credit card,Credit card
2025-10-28,16860102,Checking or savings account,Checking or savings account
2025-08-08,15170931,Credit card,Credit card
2025-08-19,15375095,Checking or savings account,Checking or savings account
2026-01-12,18657198,Checking or savings account,Checking or savings account
2025-12-24,18271279,Checking or savings account,Checking or savings account
2025-11-10,17142950,Checking or savings account,Checking or savings account
2025-12-23,18257917,Checking or savings account,Checking or savings account
2025-07-24,14858244,Credit card,Credit card
2025-08-29,15598253,Checking or savings account,Checking or savings account
2025-09-02,15680202,Credit reporting or other personal consumer reports,Credit card
2025-07-05,14459353,Credit card,Credit card
2026-01-13,18684119,Checking or savings account,Checking or savings account
2025-10-29,16859003,Credit card,Credit reporting or other personal consumer reports
2025-10-27,16850782,Credit reporting or other personal consumer reports,Credit reporting or other personal consumer reports
2025-12-15,18054779,Credit card,Credit card
2026-01-02,18425273,"Money transfer, virtual currency, or money service","Money transfer, virtual currency, or money service"
2025-10-30,16931008,Credit card,Credit card
2025-08-05,15081979,Mortgage,Checking or savings account
2025-11-26,17897125,Checking or savings account,Checking or savings account
2025-07-07,14484735,Checking or savings account,Checking or savings account
2025-09-23,16135068,Checking or savings account,"Money transfer, virtual currency, or money service"
2026-01-13,18682144,Credit card,Credit card
2025-08-23,15476672,Checking or savings account,Checking or savings account
2025-10-21,16734639,Checking or savings account,Checking or savings account
2025-08-06,15122983,Checking or savings account,Checking or savings account
2025-12-23,18238924,Credit card,Credit card
2025-07-07,14475965,Credit reporting or other personal consumer reports,Credit card
2025-12-31,18396641,Checking or savings account,Checking or savings account
2025-07-28,14922280,Checking or savings account,Checking or savings account
2025-11-05,17047673,Checking or savings account,Checking or savings account
2026-01-29,19097415,Checking or savings account,Checking or savings account
2025-07-13,14609739,Checking or savings account,Checking or savings account
2025-09-05,15741984,Credit reporting or other personal consumer reports,Credit reporting or other personal consumer reports
2025-10-30,16890234,Checking or savings account,Checking or savings account
2025-08-19,15377429,"Money transfer, virtual currency, or money service","Money transfer, virtual currency, or money service"
2025-11-17,17301750,Checking or savings account,Checking or savings account
2025-11-20,17391726,Debt collection,Credit reporting or other personal consumer reports
2025-09-19,16054008,Checking or savings account,Checking or savings account
2025-09-23,16132484,Credit card,Credit card
2026-01-08,18573021,Credit card,Credit card
2025-07-25,14882146,Credit card,Credit card
2026-01-22,18909815,Checking or savings account,Checking or savings account
2025-11-19,17376195,Credit card,Credit card
2025-09-06,15771425,Credit card,Credit card
2025-10-29,16899913,Checking or savings account,Checking or savings account
2025-11-17,17304711,"Money transfer, virtual currency, or money service",Checking or savings account
2025-08-04,15075936,Credit card,Credit card
2025-12-30,18374106,Checking or savings account,Checking or savings account
2025-07-09,14551633,Checking or savings account,Checking or savings account
2025-07-12,14615404,Credit card,Credit card
2025-10-15,16604283,Checking or savings account,Checking or savings account
2025-07-07,14509778,Checking or savings account,Checking or savings account
2025-07-25,14884300,Credit card,Credit card
2025-09-02,15675064,Checking or savings account,Checking or savings account
2025-08-11,15217077,Checking or savings account,Checking or savings account
2025-11-04,17015897,Checking or savings account,Checking or savings account
2025-07-01,14387924,Checking or savings account,"Money transfer, virtual currency, or money service"
2025-09-03,15657147,Checking or savings account,Checking or savings account
2025-09-04,15722475,Checking or savings account,Checking or savings account
2025-11-08,17110720,Checking or savings account,Checking or savings account
2025-07-23,14834248,Credit card,Credit card
2026-01-21,18878072,Checking or savings account,Checking or savings account
2025-11-09,17120051,Checking or savings account,Checking or savings account
2026-01-20,18872978,"Money transfer, virtual currency, or money service",Checking or savings account
2025-09-02,15680473,Checking or savings account,Checking or savings account
2025-10-31,17950537,"Money transfer, virtual currency, or money service","Money transfer, virtual currency, or money service"
2025-12-22,18228103,Checking or savings account,"Money transfer, virtual currency, or money service"
2025-07-27,14908571,Checking or savings account,Checking or savings account
2025-08-20,15407607,Checking or savings account,Checking or savings account
2025-09-12,15901423,Credit card,Credit card
2025-09-25,16170996,Credit card,Credit reporting or other personal consumer reports
2025-10-24,16798496,Checking or savings account,Checking or savings account
2025-11-14,17259026,Checking or savings account,Checking or savings account
2026-01-13,18690934,Checking or savings account,Checking or savings account
2025-12-04,18111360,Checking or savings account,Checking or savings account
2025-09-16,15982964,Credit card,Credit card
2025-10-26,16828807,"Money transfer, virtual currency, or money service",Checking or savings account
2025-09-24,16156941,Checking or savings account,Checking or savings account
2026-01-21,18903613,Checking or savings account,Checking or savings account
2025-09-26,16198815,Checking or savings account,Checking or savings account
2025-11-14,17251148,Credit card,Credit card
2025-11-20,17926442,Checking or savings account,Checking or savings account
2025-08-29,15603707,Credit card,Credit card
2025-09-04,15723873,Checking or savings account,Checking or savings account
2025-10-27,16838937,Credit reporting or other personal consumer reports,Credit reporting or other personal consumer reports
2026-01-14,18716613,Mortgage,Checking or savings account
2025-10-24,16804938,Checking or savings account,Checking or savings account
2025-10-10,16505553,Credit card,Credit card
2025-09-13,15917320,Debt collection,Checking or savings account
2025-07-29,14913807,Checking or savings account,Checking or savings account
2025-09-09,15819716,Credit card,Credit reporting or other personal consumer reports
2025-10-15,17844345,"Money transfer, virtual currency, or money service","Money transfer, virtual currency, or money service"
2025-10-28,16871704,Vehicle loan or lease,Vehicle loan or lease
2025-10-02,16320436,Credit card,Credit card
2025-11-10,17146258,Credit card,Credit card
2025-08-28,15591358,"Money transfer, virtual currency, or money service","Money transfer, virtual currency, or money service"
2025-08-24,15472361,Credit reporting or other personal consumer reports,Credit reporting or other personal consumer reports
2025-07-19,14757201,Checking or savings account,Checking or savings account
2025-09-08,15802173,Checking or savings account,Checking or savings account
2025-08-22,15456909,Checking or savings account,Checking or savings account
2025-09-12,15895423,Checking or savings account,Checking or savings account
2025-10-08,16446369,Credit card,Checking or savings account
2025-11-10,17128683,Credit card,Credit card
2026-01-08,18553887,Checking or savings account,Checking or savings account
2025-07-01,14387137,Checking or savings account,Credit reporting or other personal consumer reports
2025-12-02,18043798,Credit card,Credit reporting or other personal consumer reports
2025-08-30,15625538,Checking or savings account,Checking or savings account
2026-01-06,18501485,Checking or savings account,Checking or savings account
2025-12-15,18053232,Checking or savings account,Checking or savings account
2025-10-29,16896071,Credit card,Credit card
2026-01-07,18524479,Vehicle loan or lease,Vehicle loan or lease
2025-08-06,15129951,Credit reporting or other personal consumer reports,Credit reporting or other personal consumer reports
2025-12-24,18267986,Checking or savings account,"Money transfer, virtual currency, or money service"
2025-11-04,17021786,Checking or savings account,Checking or savings account
2025-12-23,18245454,Credit card,Credit card
2025-08-17,15340122,Credit card,Credit card
2025-10-30,16929442,Checking or savings account,Credit card
2025-12-18,18152915,Debt collection,Credit card
2025-11-12,17203451,Checking or savings account,Checking or savings account
2026-01-22,18931454,Credit card,Credit card
2025-10-10,16466003,Credit card,Credit reporting or other personal consumer reports
2025-08-28,15588703,Checking or savings account,Checking or savings account
2026-01-13,18686781,Checking or savings account,Checking or savings account
2025-08-29,15599490,Checking or savings account,Checking or savings account
2025-08-11,15208187,Credit card,Credit card
2025-12-23,18238858,Checking or savings account,Checking or savings account
2025-11-05,17047674,Credit card,Credit card
2025-08-22,15447310,Credit card,Credit card
2025-12-25,18284763,Checking or savings account,Checking or savings account
2025-07-21,14776771,Credit card,Credit card
2026-01-19,18840886,Credit card,Credit card
2025-08-31,15629866,"Money transfer, virtual currency, or money service",Credit card
2025-09-19,16060655,Credit card,Credit card
2025-09-25,16185888,Credit card,Credit reporting or other personal consumer reports
2025-07-24,14866570,Credit card,Credit card
2026-01-13,18699602,Checking or savings account,Checking or savings account
2025-11-25,17891159,Checking or savings account,Checking or savings account
2025-09-04,15718098,Credit card,Credit card
2025-10-05,16376591,Credit card,Credit card
2026-01-26,18996016,Checking or savings account,"Money transfer, virtual currency, or money service"
2025-07-29,14956920,Checking or savings account,Checking or savings account
2025-11-19,17874311,"Money transfer, virtual currency, or money service",Checking or savings account
2026-01-03,18447302,Checking or savings account,Checking or savings account
2025-10-20,16700509,Checking or savings account,Checking or savings account
2026-01-20,18862324,Credit card,Credit card
2025-07-24,14857028,Checking or savings account,Credit card
2025-10-20,16704313,Credit reporting or other personal consumer reports,Checking or savings account
2025-10-16,16625381,Checking or savings account,Checking or savings account
2025-09-08,15806456,Credit card,Credit card
2026-01-19,18841276,"Money transfer, virtual currency, or money service","Money transfer, virtual currency, or money service"
2025-11-02,16974741,Credit card,Credit card
2025-12-09,17854890,Checking or savings account,Checking or savings account
2025-08-08,15173876,Credit card,Checking or savings account
2025-11-11,17168751,Checking or savings account,Checking or savings account
2026-01-12,18658865,Credit card,Credit card
2025-07-06,14477009,Checking or savings account,Checking or savings account
2025-11-04,17028203,Checking or savings account,Checking or savings account
2025-07-05,14501269,Checking or savings account,Checking or savings account
2025-09-02,15680296,Credit card,Credit card
2026-01-18,18814424,Checking or savings account,Credit card
2025-07-09,14552220,Mortgage,Mortgage
2026-01-29,19116727,"Money transfer, virtual currency, or money service","Money transfer, virtual currency, or money service"
2025-07-20,14786559,Credit card,Credit card
2025-10-01,16300153,Credit card,Credit card
2025-11-04,17011399,Credit card,Credit card
2025-08-02,15022572,"Money transfer, virtual currency, or money service","Money transfer, virtual currency, or money service"
2025-09-10,15853310,Credit reporting or other personal consumer reports,Mortgage
2025-09-10,15852319,Checking or savings account,Checking or savings account
2025-08-11,15209940,"Money transfer, virtual currency, or money service",Checking or savings account
2025-12-01,18038040,Checking or savings account,Checking or savings account
2025-09-09,15813673,Checking or savings account,Checking or savings account
2026-01-29,19113566,Checking or savings account,Checking or savings account
2025-11-25,17882989,Credit card,Credit card
2025-10-18,16649013,Checking or savings account,Checking or savings account
2025-10-30,16919871,Checking or savings account,Checking or savings account
2025-07-09,14559017,Credit card,Credit card
2025-07-06,14479575,Credit card,Credit card
2025-12-25,18281179,Credit card,Credit card
2025-08-04,15073579,Checking or savings account,Checking or savings account
2025-10-29,16902836,Credit card,Credit card
2025-09-02,15636511,Credit card,Credit card
2025-10-22,16730649,Checking or savings account,Checking or savings account
2025-08-27,15554854,Checking or savings account,Checking or savings account
2026-01-22,18915583,Checking or savings account,"Money transfer, virtual currency, or money service"
2025-07-12,14612035,Credit card,Checking or savings account
2025-11-17,17308170,Checking or savings account,Checking or savings account
2026-01-11,18638450,Vehicle loan or lease,Credit reporting or other personal consumer reports
2026-01-28,19081522,Checking or savings account,Checking or savings account
2025-11-14,17251845,Credit card,Credit card
2025-08-11,15207247,Checking or savings account,Checking or savings account
2025-10-08,16452258,Checking or savings account,Credit card
2025-09-01,15635012,Credit card,Credit card
2025-10-17,16644433,Vehicle loan or lease,Vehicle loan or lease
2025-07-16,14674064,Debt collection,Credit reporting or other personal consumer reports
2025-10-08,16446475,Checking or savings account,Checking or savings account
2025-07-31,14995012,Checking or savings account,Credit card
2025-09-05,15747817,Checking or savings account,Checking or savings account
2025-12-16,18081356,Credit reporting or other personal consumer reports,Credit reporting or other personal consumer reports
2025-07-08,14490551,Credit reporting or other personal consumer reports,Credit card
2026-01-03,18434290,Credit card,Credit card
2025-09-26,16168655,Checking or savings account,Checking or savings account
2025-07-26,14903911,Checking or savings account,Checking or savings account
2025-08-20,15408976,Credit card,Credit card
2025-10-20,16698345,Checking or savings account,Checking or savings account
2026-01-21,18900120,Checking or savings account,Checking or savings account
2025-09-15,15950478,Checking or savings account,Credit card
2025-09-23,16124064,Checking or savings account,Checking or savings account
2025-12-31,18392441,Checking or savings account,Checking or savings account
2025-10-01,16297492,Credit card,Credit card
2025-11-10,17147075,Debt collection,Debt collection
2026-01-08,18571913,Checking or savings account,Checking or savings account
2025-07-07,14505625,Checking or savings account,"Money transfer, virtual currency, or money service"
2026-01-02,18426590,Checking or savings account,Checking or savings account
2025-11-09,17122523,Checking or savings account,Checking or savings account
2025-07-15,14668034,Credit card,Credit card
2026-01-03,18436791,Credit card,Credit card
2025-10-03,16351466,Checking or savings account,Checking or savings account
2025-09-12,15894601,Checking or savings account,Checking or savings account
2025-10-10,16464371,Mortgage,Mortgage
2025-11-06,17064504,Credit card,Credit card
2025-11-23,17828898,"Money transfer, virtual currency, or money service","Money transfer, virtual currency, or money service"
2025-11-24,17827065,"Money transfer, virtual currency, or money service",Checking or savings account
2026-01-02,18428314,Credit card,Credit card
2025-08-21,15397339,Credit card,Credit card
2025-07-31,15001327,Debt collection,Debt collection
2025-11-06,17072794,Credit reporting or other personal consumer reports,Credit card
2025-07-10,14568196,Credit reporting or other personal consumer reports,Credit reporting or other personal consumer reports
2025-12-30,18367652,Checking or savings account,Checking or savings account
2025-07-19,14753186,Credit card,Credit card
2025-11-15,17266286,Checking or savings account,Checking or savings account
2025-10-31,16943220,Credit card,Checking or savings account
2025-12-01,17841563,Credit card,Credit card
2026-01-27,19048349,Credit card,Credit card
2025-09-30,16272059,Credit card,Checking or savings account
2026-01-26,19014126,Credit card,Credit reporting or other personal consumer reports
2025-08-26,15523838,Checking or savings account,Checking or savings account
2025-07-15,14663983,Checking or savings account,Checking or savings account
2025-11-08,17112226,Checking or savings account,Checking or savings account
2025-08-17,15339878,"Money transfer, virtual currency, or money service","Money transfer, virtual currency, or money service"
2025-08-04,15078048,Checking or savings account,Credit card
2025-10-01,16306505,Checking or savings account,Checking or savings account
2025-07-31,14993349,"Money transfer, virtual currency, or money service","Money transfer, virtual currency, or money service"
2025-08-07,15149920,Debt collection,Debt collection
2026-01-01,18407798,Credit card,Debt collection
2025-11-15,17272813,Checking or savings account,Checking or savings account
2025-07-29,14949244,Checking or savings account,Checking or savings account
2025-11-25,17831351,Debt collection,Checking or savings account
2025-11-17,17294100,Credit card,Credit card
2025-11-27,17960494,Credit reporting or other personal consumer reports,Credit reporting or other personal consumer reports
2025-09-08,15808164,"Money transfer, virtual currency, or money service",Checking or savings account
2025-09-03,15695922,Checking or savings account,Checking or savings account
2025-09-08,15790870,Checking or savings account,Checking or savings account
2025-09-06,15771448,Credit card,Credit card
2025-09-29,16238819,Credit card,Credit card
2025-12-03,18110534,Credit reporting or other personal consumer reports,Credit reporting or other personal consumer reports
2026-01-18,18812930,Credit card,Credit card
2025-10-01,16288691,Credit reporting or other personal consumer reports,Credit reporting or other personal consumer reports
2025-08-07,15148432,Credit card,Credit card
2025-08-01,15044753,Credit card,Credit reporting or other personal consumer reports
2025-07-28,14925743,Checking or savings account,Checking or savings account
2026-01-02,18420460,Credit card,Credit card
2026-01-20,18857818,Checking or savings account,Checking or savings account
2025-11-06,17058092,Checking or savings account,Checking or savings account
2025-07-19,14757030,Credit reporting or other personal consumer reports,Checking or savings account
2025-08-03,15018749,Checking or savings account,Checking or savings account
2025-07-10,14564837,Credit reporting or other personal consumer reports,Credit reporting or other personal consumer reports
2025-12-04,18107279,Credit card,Credit card
2025-09-18,16010818,Credit card,Credit reporting or other personal consumer reports
2025-10-23,16788393,Credit card,Checking or savings account
2025-07-23,14839358,Credit card,Credit card
2025-08-11,15215400,"Money transfer, virtual currency, or money service",Checking or savings account
2026-01-28,19075069,Checking or savings account,"Money transfer, virtual currency, or money service"
2025-07-06,14478046,Checking or savings account,Checking or savings account
2025-10-06,16398427,Checking or savings account,Checking or savings account
2025-08-27,15559268,Credit card,Credit card
2025-08-06,15121191,Checking or savings account,Checking or savings account
2025-10-19,16681855,Checking or savings account,Checking or savings account
2025-07-15,14664011,Credit reporting or other personal consumer reports,Credit reporting or other personal consumer reports
2026-01-25,18990762,Checking or savings account,Checking or savings account
2025-09-15,15941299,Checking or savings account,Credit reporting or other personal consumer reports
2025-08-29,15599491,Checking or savings account,Checking or savings account
2025-11-25,17904325,Checking or savings account,Checking or savings account
2025-07-24,14859569,Checking or savings account,Checking or savings account
2025-10-28,16875615,Checking or savings account,Checking or savings account
2025-11-28,17984795,Checking or savings account,Checking or savings account
2025-07-16,14695460,Checking or savings account,Checking or savings account
2025-12-27,18313598,Credit card,"Money transfer, virtual currency, or money service"
2025-10-06,16394769,Checking or savings account,Checking or savings account
2025-07-08,14535050,Checking or savings account,Credit card
2025-07-03,14445332,Checking or savings account,Checking or savings account
2026-01-27,19041296,Credit card,Credit card
2025-09-11,15883045,Checking or savings account,Checking or savings account
2025-09-15,15944125,Credit card,Credit card
2025-08-09,15186677,Checking or savings account,Checking or savings account
2025-12-29,18347050,Credit card,Credit card
2025-09-28,16216612,Credit card,Credit card
2025-07-09,14561712,Vehicle loan or lease,Vehicle loan or lease
2025-09-25,16171306,Checking or savings account,Checking or savings account
2025-11-07,17063019,Checking or savings account,Checking or savings account
2025-08-22,15452858,Credit card,Credit card
2025-08-04,15067480,"Money transfer, virtual currency, or money service","Money transfer, virtual currency, or money service"
2025-11-21,17917581,Checking or savings account,Checking or savings account
2025-09-26,16210466,Credit card,Credit card
2025-07-11,14589707,"Money transfer, virtual currency, or money service",Checking or savings account
2025-10-15,16597067,Credit reporting or other personal consumer reports,Credit reporting or other personal consumer reports
2025-07-03,14445930,Checking or savings account,Checking or savings account
2025-07-24,14849604,Checking or savings account,Checking or savings account
2025-11-08,17115090,Checking or savings account,Checking or savings account
2026-01-29,19114911,Credit card,Checking or savings account
2025-07-05,14499879,Credit card,Credit reporting or other personal consumer reports
2025-10-16,16631442,Credit card,Credit card
2025-07-31,14997151,Checking or savings account,Checking or savings account
2025-08-15,15308191,Credit reporting or other personal consumer reports,Credit reporting or other personal consumer reports
2025-07-21,14784892,Credit card,Credit card
2025-07-10,14577268,Credit reporting or other personal consumer reports,Credit reporting or other personal consumer reports
2025-07-19,14753608,Checking or savings account,Checking or savings account
2025-11-02,16974585,Credit reporting or other personal consumer reports,Credit reporting or other personal consumer reports
2025-09-10,15848877,Checking or savings account,Checking or savings account
2025-10-02,16285477,Credit card,Credit card
2025-07-22,14815113,Credit reporting or other personal consumer reports,Credit reporting or other personal consumer reports
2025-09-28,16230572,Credit card,Credit card
2025-11-03,16990710,Credit card,Credit card
2026-01-09,18597918,Checking or savings account,Credit card
2025-08-16,15328434,Credit card,Credit card
2025-08-05,15100673,Checking or savings account,Checking or savings account
2025-11-04,17024126,Credit card,Credit card
2025-11-28,17927236,Checking or savings account,Checking or savings account
2025-09-07,15779935,Credit card,Credit card
2025-09-22,16082569,Checking or savings account,Checking or savings account
2025-10-23,16791285,"Money transfer, virtual currency, or money service","Money transfer, virtual currency, or money service"
2025-11-22,17775780,Credit card,Credit card
2025-12-18,18135063,Debt collection,Credit reporting or other personal consumer reports
2025-10-23,16774285,Checking or savings account,Checking or savings account
2025-10-07,16426185,Checking or savings account,Checking or savings account
2025-08-13,15257778,Checking or savings account,Credit card
2025-08-05,15094810,"Money transfer, virtual currency, or money service","Money transfer, virtual currency, or money service"
2025-07-04,14472759,Checking or savings account,"Money transfer, virtual currency, or money service"
2025-10-28,16873429,Checking or savings account,Checking or savings account
2025-11-29,17936233,Credit reporting or other personal consumer reports,Credit card
2025-09-26,16203409,Checking or savings account,Checking or savings account
2025-09-13,15916206,Credit reporting or other personal consumer reports,Credit reporting or other personal consumer reports
2025-07-23,14835752,Credit card,Checking or savings account
2025-11-04,16980550,Checking or savings account,Checking or savings account
2025-07-24,14859936,Credit card,Credit card
2026-01-13,18676373,Credit card,Checking or savings account
2025-10-28,16880290,"Money transfer, virtual currency, or money service",Checking or savings account
2025-11-15,17245452,Credit card,Credit card
2025-09-21,16093350,Checking or savings account,Checking or savings account
2026-01-02,18424075,Credit card,Credit card
2025-08-07,15113847,Checking or savings account,Checking or savings account
2026-01-14,18723792,Checking or savings account,Checking or savings account
2026-01-26,19015924,Checking or savings account,Checking or savings account
2025-11-25,17917457,Checking or savings account,Checking or savings account
2025-11-12,17192851,Credit card,Credit card
2025-12-19,18163848,Checking or savings account,Checking or savings account
2025-09-10,15844025,Credit reporting or other personal consumer reports,Credit card
2025-07-22,14765254,"Money transfer, virtual currency, or money service",Checking or savings account
2025-08-16,15329948,"Money transfer, virtual currency, or money service","Money transfer, virtual currency, or money service"
2025-12-03,18075084,Credit card,Credit card
2025-11-18,17340670,Credit reporting or other personal consumer reports,Credit reporting or other personal consumer reports
2025-09-05,15745594,Checking or savings account,Checking or savings account
2025-11-24,17836228,Credit card,Credit card
2025-07-25,14881710,Credit reporting or other personal consumer reports,Credit reporting or other personal consumer reports
2025-10-21,16717473,"Money transfer, virtual currency, or money service","Money transfer, virtual currency, or money service"
2025-08-19,15378772,Credit card,Checking or savings account
2025-10-28,16876110,Credit card,Credit card
2025-07-30,14986632,Debt collection,Debt collection
2026-01-07,18530486,Checking or savings account,Credit card
2026-01-28,19058431,Checking or savings account,Checking or savings account
2026-01-01,18400452,Credit card,Credit card
2025-10-14,16578294,Credit reporting or other personal consumer reports,Vehicle loan or lease
2025-07-29,14958156,Checking or savings account,Checking or savings account
2025-09-23,16119679,Credit card,Credit card
2025-07-20,14787660,Credit card,Credit card
2025-11-19,17361882,Debt collection,Credit reporting or other personal consumer reports
2026-01-06,18493306,Checking or savings account,Checking or savings account
2025-11-20,17403863,Credit reporting or other personal consumer reports,Credit reporting or other personal consumer reports
2025-09-26,16201350,Credit card,"Money transfer, virtual currency, or money service"
2025-07-07,14494919,Credit reporting or other personal consumer reports,Credit reporting or other personal consumer reports
2025-11-07,17092686,Credit card,Credit card
2025-07-22,14811522,Checking or savings account,Checking or savings account
2025-07-09,14561042,Checking or savings account,Checking or savings account
2025-08-07,15133832,Credit card,Credit card
2026-01-26,19011453,Checking or savings account,Checking or savings account
2025-11-10,17136574,Mortgage,Mortgage
2026-01-22,18931683,Credit card,Credit card
2025-10-03,16347090,Debt collection,Debt collection
2025-10-30,16937178,"Money transfer, virtual currency, or money service","Money transfer, virtual currency, or money service"
2025-10-31,16947650,Checking or savings account,Checking or savings account
2025-07-18,14743573,Checking or savings account,Checking or savings account
2026-01-02,18429139,Credit card,Credit card
2025-11-25,17828303,Credit card,Credit card
2025-09-10,15853674,Credit card,Credit card
2025-10-12,16517141,Credit card,Credit card
2025-11-08,17112716,Checking or savings account,Checking or savings account
2025-11-20,17348793,Checking or savings account,Checking or savings account
2025-07-09,14559202,"Money transfer, virtual currency, or money service","Money transfer, virtual currency, or money service"
2025-09-04,15721789,Credit card,Credit card
2025-12-31,18394230,Checking or savings account,"Money transfer, virtual currency, or money service"
2025-11-18,17325846,Credit card,Credit card
2025-07-18,14726291,Checking or savings account,Checking or savings account
2025-12-04,18173181,"Money transfer, virtual currency, or money service",Checking or savings account
2025-08-21,15440607,Credit card,Credit card
2025-09-25,16141097,Credit card,Credit card
2025-12-05,17761539,Checking or savings account,Checking or savings account
2026-01-20,18876095,Checking or savings account,Checking or savings account
2025-11-26,17941288,"Money transfer, virtual currency, or money service","Money transfer, virtual currency, or money service"
2025-11-24,17886665,Checking or savings account,Checking or savings account
2026-01-05,18464450,Checking or savings account,Checking or savings account
2025-07-01,14398291,Checking or savings account,Checking or savings account
2025-08-09,15188209,Credit reporting or other personal consumer reports,Credit reporting or other personal consumer reports
2025-08-18,15349758,Checking or savings account,Checking or savings account
2025-07-23,14837595,Checking or savings account,"Money transfer, virtual currency, or money service"
2025-10-25,16819258,Credit card,Credit card
2025-09-27,16196643,Checking or savings account,Checking or savings account
2025-09-27,16221174,Checking or savings account,Checking or savings account
2025-08-29,15617754,Checking or savings account,Checking or savings account
2025-11-14,17246973,Credit card,Credit card
2025-10-21,16693089,Credit reporting or other personal consumer reports,Debt collection
2025-09-04,15713263,Debt collection,Debt collection
2025-11-25,17916660,Checking or savings account,Checking or savings account
2026-01-19,18823941,Checking or savings account,Checking or savings account
2025-09-22,16082577,Checking or savings account,"Money transfer, virtual currency, or money service"
2025-09-23,16127459,Checking or savings account,Checking or savings account
2025-08-20,15404591,Checking or savings account,Checking or savings account
2025-09-11,15873435,Checking or savings account,Checking or savings account
2025-08-03,15016442,Checking or savings account,Checking or savings account
2025-12-22,18228860,Checking or savings account,Checking or savings account
2025-07-25,14880829,Checking or savings account,Checking or savings account
2026-01-29,19109350,Checking or savings account,Checking or savings account
2025-10-03,16343602,Credit card,Credit card
2025-12-02,18044601,"Money transfer, virtual currency, or money service","Money transfer, virtual currency, or money service"
2025-09-01,15651315,Checking or savings account,Checking or savings account
2025-12-09,17864994,Checking or savings account,Checking or savings account
2025-12-23,18254444,Credit reporting or other personal consumer reports,Credit reporting or other personal consumer reports
2025-12-01,18057300,Checking or savings account,Checking or savings account
2025-07-24,14860253,Debt collection,Debt collection
2025-12-26,18298634,Checking or savings account,Checking or savings account
2025-09-01,15645756,"Money transfer, virtual currency, or money service",Checking or savings account
2025-10-23,16741633,Credit card,Credit card
2025-11-07,17099613,Checking or savings account,Checking or savings account
2025-07-15,14655447,Credit card,Credit card
2025-10-17,16656903,Vehicle loan or lease,Vehicle loan or lease
2025-10-03,16355241,Checking or savings account,Checking or savings account
2025-10-31,16944277,Checking or savings account,Checking or savings account
2025-09-23,16125723,"Money transfer, virtual currency, or money service","Money transfer, virtual currency, or money service"
2025-12-08,17852925,Checking or savings account,Checking or savings account
2025-08-26,15487722,Checking or savings account,Checking or savings account
2025-08-10,15194961,Debt collection,Debt collection
2026-01-01,18401815,Credit card,Credit card
2025-08-30,15623168,Credit card,Credit card
2026-01-26,19016736,Credit card,Credit card
2025-12-25,18281265,Checking or savings account,Checking or savings account
2025-12-09,17863494,Credit card,Credit card
2025-09-27,16222008,Credit card,Credit card
2025-09-23,16134740,Checking or savings account,Checking or savings account
2025-11-28,17986719,Checking or savings account,Checking or savings account
2026-01-18,18816972,Credit card,Credit card
2025-07-09,14555991,Checking or savings account,Checking or savings account
2025-10-28,16836725,Checking or savings account,Checking or savings account
2026-01-01,18398965,Checking or savings account,Checking or savings account
2025-07-01,14398850,Credit reporting or other personal consumer reports,Credit reporting or other personal consumer reports
2026-01-28,19076919,Checking or savings account,Checking or savings account
2025-07-06,14478221,Credit reporting or other personal consumer reports,Credit reporting or other personal consumer reports
2025-11-04,17020708,Mortgage,Mortgage
2025-11-14,17212642,Credit reporting or other personal consumer reports,Credit reporting or other personal consumer reports
2025-07-26,14897586,Checking or savings account,Checking or savings account
2025-09-17,16011937,Mortgage,Mortgage
2025-12-08,17841805,Credit card,Checking or savings account
2025-08-22,15457546,Credit card,Credit card
2025-10-02,16334301,Checking or savings account,Checking or savings account
2025-08-11,15210594,Credit card,Credit card
2025-07-05,14473328,Credit reporting or other personal consumer reports,Credit card
2025-11-02,16976609,Checking or savings account,Checking or savings account
2025-07-29,14946977,Credit card,Credit card
2025-11-02,16977453,Credit card,Credit card
2026-01-06,18511009,Credit card,Credit card
2025-08-06,15118895,Credit reporting or other personal consumer reports,Credit reporting or other personal consumer reports
2025-08-01,15041716,Checking or savings account,Checking or savings account
2026-01-11,18638325,Credit card,Credit card
2025-11-10,17140200,Checking or savings account,Checking or savings account
2025-10-24,16798498,Credit reporting or other personal consumer reports,Credit card
2026-01-06,18500003,Vehicle loan or lease,Vehicle loan or lease
2025-07-17,14714381,Checking or savings account,Checking or savings account
2025-10-16,16630464,Checking or savings account,Checking or savings account
2025-10-03,16348229,Credit card,Credit card
2025-08-22,15464081,Checking or savings account,Checking or savings account
2025-08-14,15253315,Checking or savings account,Checking or savings account
2025-10-28,16836660,Credit card,Credit card
2026-01-23,18941991,Credit card,Credit card
2025-11-30,17993230,Debt collection,Debt collection
2025-12-15,18045480,Credit card,Credit card
2025-08-26,15539530,Checking or savings account,Checking or savings account
2025-12-22,18219973,Credit card,Credit card
2025-08-08,15173975,Credit card,Credit card
2025-12-29,18355177,Checking or savings account,Checking or savings account
2025-11-20,17354217,Checking or savings account,Checking or savings account
2025-08-15,15310389,Credit reporting or other personal consumer reports,Credit reporting or other personal consumer reports
2025-07-16,14682618,Checking or savings account,Checking or savings account
2026-01-07,18529531,Credit card,Credit card
2025-12-16,18061346,Checking or savings account,Checking or savings account
2025-12-26,18300641,Checking or savings account,Checking or savings account
2025-12-29,18351863,Vehicle loan or lease,Vehicle loan or lease
2025-12-04,17758700,Checking or savings account,Checking or savings account
2025-07-14,14643683,Checking or savings account,Credit card
2025-09-08,15808209,Credit card,Credit card
2025-09-28,16217683,Credit reporting or other personal consumer reports,Credit reporting or other personal consumer reports
2025-11-24,17870893,Credit card,Credit card
2025-09-12,15907613,Checking or savings account,Checking or savings account
2026-01-30,19132434,Credit card,Credit card
2025-10-26,16829168,Credit reporting or other personal consumer reports,Credit reporting or other personal consumer reports
2025-08-06,15125317,Checking or savings account,Checking or savings account
2025-07-29,14956725,Checking or savings account,Checking or savings account
2025-12-02,18048537,Credit card,Credit card
2025-07-22,14795457,Checking or savings account,Checking or savings account
2025-12-03,18118426,Checking or savings account,Checking or savings account
2025-07-25,14874948,Credit reporting or other personal consumer reports,Credit reporting or other personal consumer reports
2025-10-13,16527204,Credit card,Credit card
2025-07-17,14714528,Checking or savings account,Checking or savings account
2026-01-29,19111067,Checking or savings account,"Money transfer, virtual currency, or money service"
2025-11-28,17966740,Checking or savings account,Checking or savings account
2025-07-15,14675260,Credit reporting or other personal consumer reports,Credit reporting or other personal consumer reports
2025-10-12,16526735,Mortgage,Mortgage
2026-01-22,18923708,Credit card,Credit card
2025-11-17,17306433,Checking or savings account,Checking or savings account
2025-10-30,16916053,Credit card,Credit card
2025-09-25,16170577,Checking or savings account,Checking or savings account
2025-09-10,15846760,Checking or savings account,"Money transfer, virtual currency, or money service"
2025-07-21,14782144,Credit reporting or other personal consumer reports,Credit card
2025-12-02,17989497,Checking or savings account,Checking or savings account
2026-01-09,18600868,Checking or savings account,Checking or savings account
2025-10-31,16942043,Credit card,Credit card
2025-11-20,17391665,Checking or savings account,Checking or savings account
2025-07-24,14862622,Credit card,Credit card
2026-01-29,19114774,Checking or savings account,Checking or savings account
2026-01-06,18508886,Checking or savings account,Checking or savings account
2025-09-18,16029427,Credit card,Credit card
2025-12-07,17814329,Checking or savings account,Checking or savings account
2025-08-04,15068360,"Money transfer, virtual currency, or money service","Money transfer, virtual currency, or money service"
2025-07-29,14961676,Credit card,Credit card
2025-12-03,18125956,"Money transfer, virtual currency, or money service","Money transfer, virtual currency, or money service"
2025-09-16,15980474,Credit card,Credit card
2025-08-16,15326979,Credit reporting or other personal consumer reports,Debt collection
2025-12-14,18026219,Checking or savings account,Checking or savings account
2026-01-24,18981970,Credit card,Credit card
2025-07-15,14669576,Credit card,Credit card
2025-08-24,15474718,Checking or savings account,Checking or savings account
2025-12-09,17891810,Credit card,Credit reporting or other personal consumer reports
2026-01-26,19011578,Checking or savings account,Checking or savings account
2025-09-12,15907981,Mortgage,Mortgage
2025-07-27,14911127,Checking or savings account,Checking or savings account
2025-07-02,14417778,Checking or savings account,Debt collection
2025-07-16,14682088,Checking or savings account,Checking or savings account
2025-07-24,14862273,Checking or savings account,Checking or savings account
2025-07-02,14418655,Credit card,Credit card
2025-10-15,16601581,Mortgage,"Money transfer, virtual currency, or money service"
2025-11-19,17363785,Mortgage,Mortgage
2026-01-21,18897343,Credit card,Credit card
2025-08-06,15119188,Credit reporting or other personal consumer reports,Credit reporting or other personal consumer reports
2025-07-24,14864781,Credit reporting or other personal consumer reports,Credit reporting or other personal consumer reports
2025-08-06,15120210,Debt collection,Debt collection
2025-09-04,15711874,Credit card,Credit card
2025-08-26,15488146,Checking or savings account,Checking or savings account
2025-10-16,16632150,Checking or savings account,Checking or savings account
2025-07-08,14530449,Credit reporting or other personal consumer reports,Credit reporting or other personal consumer reports
2025-09-10,15854960,Credit card,Credit card
2025-10-20,16708722,"Money transfer, virtual currency, or money service","Money transfer, virtual currency, or money service"
2025-12-21,18209288,Credit card,Credit card
2026-01-30,19139295,Checking or savings account,Checking or savings account
2025-08-01,15041708,Credit card,Credit card
2025-10-20,16696689,Checking or savings account,Checking or savings account
2025-11-20,17393605,Credit reporting or other personal consumer reports,Credit reporting or other personal consumer reports
2025-12-23,18238793,Checking or savings account,Checking or savings account
2025-11-01,16968702,Credit card,Credit card
2025-09-29,16244006,Credit card,Credit card
2026-01-13,18672108,Checking or savings account,Checking or savings account
2025-07-28,14931114,Credit card,Credit card
2025-08-14,15294411,Checking or savings account,Checking or savings account
2025-11-06,17073470,"Money transfer, virtual currency, or money service","Money transfer, virtual currency, or money service"
2025-12-04,18106993,Mortgage,Checking or savings account
2025-09-08,15797452,Credit card,Credit card
2025-08-08,15141328,Checking or savings account,Checking or savings account
2025-10-24,16802455,Checking or savings account,Checking or savings account
2025-08-19,15375264,Credit card,Credit card
2025-12-30,18376821,Credit card,Credit card
2025-09-19,16056124,Credit card,Credit card
2025-12-16,18079408,Debt collection,Credit card
2025-12-15,18045092,Credit card,Credit card
2025-09-12,15865920,Mortgage,Mortgage
2025-11-23,17841176,Credit reporting or other personal consumer reports,Credit reporting or other personal consumer reports
2025-09-16,15964201,Checking or savings account,Checking or savings account
2026-01-20,18875644,Mortgage,Mortgage
2025-09-08,15794360,Checking or savings account,Checking or savings account
2025-09-04,15711488,"Money transfer, virtual currency, or money service","Money transfer, virtual currency, or money service"
2025-12-07,17808883,Credit card,Credit card
2025-11-21,17799788,Credit card,Checking or savings account
2025-07-24,14856460,Credit card,Credit card
2025-10-10,16463588,Credit card,Credit reporting or other personal consumer reports
2025-09-02,15666974,Checking or savings account,Checking or savings account
2025-08-02,15026842,"Money transfer, virtual currency, or money service","Money transfer, virtual currency, or money service"
2025-08-19,15374851,"Money transfer, virtual currency, or money service",Checking or savings account
2025-07-22,14766955,"Money transfer, virtual currency, or money service",Checking or savings account
2025-10-30,16921142,Credit card,Credit card
2025-11-19,17318237,Debt collection,Debt collection
2025-07-17,14720804,Checking or savings account,Checking or savings account
2025-12-24,18277565,Checking or savings account,Checking or savings account
2025-12-22,18230039,Checking or savings account,Checking or savings account
2026-01-01,18398511,Credit card,Credit card
2025-11-04,17017764,Checking or savings account,Checking or savings account
2025-12-03,18140929,Debt collection,Debt collection
2025-09-17,16010467,Checking or savings account,"Money transfer, virtual currency, or money service"
2025-12-23,18250200,Credit reporting or other personal consumer reports,Credit reporting or other personal consumer reports
2025-12-27,18314708,Checking or savings account,Checking or savings account
2025-11-26,17868019,Credit card,Credit card
2025-08-07,15131678,"Money transfer, virtual currency, or money service","Money transfer, virtual currency, or money service"
2025-12-02,18038102,Credit card,Checking or savings account
2026-01-30,19136846,Checking or savings account,Checking or savings account
2025-08-13,15255564,Checking or savings account,Checking or savings account
2025-11-14,17257296,Checking or savings account,Checking or savings account
2025-10-29,16898828,Credit card,Credit card
2025-09-02,15676246,Checking or savings account,Checking or savings account
2025-12-24,18273965,Checking or savings account,Checking or savings account
2025-09-23,16136491,Checking or savings account,Checking or savings account
2025-10-23,16782440,Credit reporting or other personal consumer reports,Credit reporting or other personal consumer reports
2025-07-18,14732298,Credit reporting or other personal consumer reports,Credit reporting or other personal consumer reports
2025-10-27,16851152,Credit card,Credit card
2025-07-18,14733652,Checking or savings account,Checking or savings account
2025-08-27,15565027,Checking or savings account,Checking or savings account
2025-12-21,18203609,Credit reporting or other personal consumer reports,Debt collection
2025-09-12,15905822,Credit card,Credit card
2026-01-10,18628464,Credit card,Credit card
2025-10-03,16356949,Checking or savings account,Checking or savings account
2026-01-06,18497902,Credit card,Credit card
2025-07-02,14407821,Checking or savings account,Credit card
2025-09-04,15727118,Mortgage,Mortgage
2025-12-01,17996870,Checking or savings account,Checking or savings account
2025-10-14,16556677,Checking or savings account,Checking or savings account
2025-11-18,17325026,"Money transfer, virtual currency, or money service","Money transfer, virtual currency, or money service"
2025-08-06,15126573,Credit card,Credit card
2025-09-18,16022795,Credit card,Credit card
2025-12-25,18278558,Checking or savings account,Checking or savings account
2025-12-07,17813487,Credit reporting or other personal consumer reports,Credit reporting or other personal consumer reports
2025-12-29,18353014,Checking or savings account,Checking or savings account
2025-10-28,16881976,Credit card,Credit card
2025-07-24,14849565,"Money transfer, virtual currency, or money service",Checking or savings account
2025-10-22,16758916,Credit reporting or other personal consumer reports,Credit reporting or other personal consumer reports
2025-12-25,18279311,Checking or savings account,Checking or savings account
2025-07-18,14735664,Credit card,Credit card
2025-09-07,15773087,"Money transfer, virtual currency, or money service",Checking or savings account
2025-07-28,14935880,Credit reporting or other personal consumer reports,Credit reporting or other personal consumer reports
2026-01-25,18994597,Checking or savings account,Checking or savings account
2025-11-29,17958083,Checking or savings account,Checking or savings account
2025-07-26,14902960,"Money transfer, virtual currency, or money service","Money transfer, virtual currency, or money service"
2026-01-12,18658575,Checking or savings account,Checking or savings account
2025-10-06,16387487,Credit card,Credit card
2025-08-31,15634827,Checking or savings account,Checking or savings account
2025-11-17,17297095,Checking or savings account,Checking or savings account
2025-08-21,15392845,Debt collection,Debt collection
2025-07-17,14702870,Credit reporting or other personal consumer reports,Credit reporting or other personal consumer reports
2025-09-30,16266197,Checking or savings account,Checking or savings account
2025-08-08,15156266,Credit card,Credit card
2025-07-08,14513915,Credit reporting or other personal consumer reports,Credit reporting or other personal consumer reports
2025-12-09,17898474,Mortgage,Mortgage
2026-01-21,18898999,"Money transfer, virtual currency, or money service","Money transfer, virtual currency, or money service"
2025-10-17,16644209,Credit card,Credit card
2025-12-31,18394138,Checking or savings account,Checking or savings account
2025-07-31,14995313,Credit card,Credit card
2025-09-11,15883132,Checking or savings account,Checking or savings account
2025-10-15,18074074,Credit reporting or other personal consumer reports,Credit card
2025-08-16,15331514,Debt collection,Credit reporting or other personal consumer reports
2025-07-11,14590417,Credit reporting or other personal consumer reports,Credit card
2026-01-30,19137534,Credit card,"Money transfer, virtual currency, or money service"
2025-11-15,17244859,"Money transfer, virtual currency, or money service",Checking or savings account
2025-08-12,15227721,Credit reporting or other personal consumer reports,Mortgage
2025-09-13,15919011,Checking or savings account,Checking or savings account
2026-01-23,18947336,Checking or savings account,Checking or savings account
2025-08-05,15091470,Credit reporting or other personal consumer reports,Credit reporting or other personal consumer reports
2025-09-26,16199818,Checking or savings account,Checking or savings account
2025-07-02,14415194,Checking or savings account,Checking or savings account
2025-09-06,15769695,Checking or savings account,Checking or savings account
2025-11-04,17019156,"Money transfer, virtual currency, or money service",Checking or savings account
2025-10-28,16870980,Credit card,Mortgage
2025-11-12,17204035,Debt collection,Debt collection
2025-11-26,17916653,Credit reporting or other personal consumer reports,Credit reporting or other personal consumer reports
2025-12-08,17828748,Credit card,Credit card
2025-11-14,17247030,Checking or savings account,Checking or savings account
2025-12-03,18105767,Checking or savings account,Checking or savings account
2025-08-25,15495452,Checking or savings account,Checking or savings account
2025-08-25,15488345,Credit card,Credit card
2025-08-25,15508652,Checking or savings account,Checking or savings account
2025-07-16,14658816,Debt collection,Debt collection
2025-07-07,14510522,Credit card,Credit card
2026-01-30,19122306,Checking or savings account,Checking or savings account
2025-12-30,18360110,Credit card,Credit card
2025-11-25,17837050,Checking or savings account,Checking or savings account
2025-11-29,17953956,Credit reporting or other personal consumer reports,Credit reporting or other personal consumer reports
2025-12-03,18111702,Credit card,Credit card
2025-07-30,14972694,Credit reporting or other personal consumer reports,Debt collection
2025-07-17,14715828,Checking or savings account,Checking or savings account
2025-08-23,15476192,Credit reporting or other personal consumer reports,Credit reporting or other personal consumer reports
2026-01-26,19016174,Credit card,Credit card
2025-09-12,15897996,Checking or savings account,Checking or savings account
2025-12-03,18127098,Checking or savings account,Checking or savings account
2025-09-18,16025668,Credit card,Credit card
2025-10-29,16904560,Checking or savings account,Checking or savings account
2025-09-21,16113499,Checking or savings account,Checking or savings account
2025-10-15,16606315,Credit card,Credit card
2025-07-30,14986409,"Money transfer, virtual currency, or money service",Checking or savings account
2025-08-29,15606484,Credit card,Credit card
2026-01-12,18654000,Checking or savings account,Checking or savings account
2025-07-13,14623268,"Money transfer, virtual currency, or money service","Money transfer, virtual currency, or money service"
2025-08-08,15170745,Checking or savings account,Checking or savings account
2025-10-28,16866945,"Money transfer, virtual currency, or money service","Money transfer, virtual currency, or money service"
2026-01-03,18446219,"Money transfer, virtual currency, or money service","Money transfer, virtual currency, or money service"
2025-07-14,14619552,Checking or savings account,Checking or savings account
2026-01-09,18586878,Credit card,Credit reporting or other personal consumer reports
2025-11-26,17929013,Checking or savings account,Checking or savings account
2025-11-18,17324305,Checking or savings account,Checking or savings account
2025-09-16,15965959,Debt collection,Credit card
2025-11-04,17015428,Credit card,Credit card
2025-09-03,15700340,Checking or savings account,Credit card
2025-12-30,18369685,Checking or savings account,Checking or savings account
2026-01-15,18745000,Debt collection,Credit reporting or other personal consumer reports
2025-08-25,15494229,Credit reporting or other personal consumer reports,Vehicle loan or lease
2025-07-16,14687015,Checking or savings account,"Money transfer, virtual currency, or money service"
2025-10-08,16432279,Credit reporting or other personal consumer reports,Credit reporting or other personal consumer reports
2025-09-02,15679427,Checking or savings account,Checking or savings account
2025-08-22,15448895,Credit card,Credit card
2025-10-21,16733193,Checking or savings account,"Money transfer, virtual currency, or money service"
2025-07-16,14691887,Credit reporting or other personal consumer reports,Credit reporting or other personal consumer reports
2025-07-25,14849911,Checking or savings account,Credit card
2025-08-16,15304013,Vehicle loan or lease,Vehicle loan or lease
2025-10-15,16598573,Checking or savings account,Checking or savings account
2025-10-13,16538608,Credit card,Credit card
2025-07-17,14717346,Checking or savings account,Checking or savings account
2025-08-25,15504605,Checking or savings account,Checking or savings account
2025-10-03,16314570,Checking or savings account,Checking or savings account
2025-07-17,14710664,Credit card,Credit card
2025-09-11,15869097,Checking or savings account,Checking or savings account
2026-01-14,18719906,Debt collection,Vehicle loan or lease
2025-11-03,16987174,Credit card,Credit card
2025-10-02,16315245,Checking or savings account,Checking or savings account
2025-09-29,16253474,Checking or savings account,Checking or savings account
2025-12-30,18369486,Credit card,Credit card
2025-07-24,14856181,Credit reporting or other personal consumer reports,Credit reporting or other personal consumer reports
2025-08-11,15213283,Checking or savings account,Checking or savings account
2025-08-26,15526309,Credit card,Credit card
2025-09-30,16267454,Credit card,Credit reporting or other personal consumer reports
2026-01-26,19013682,Checking or savings account,Checking or savings account
2025-10-28,16881090,Checking or savings account,Checking or savings account
2026-01-21,18881745,Credit card,Credit card
2026-01-15,18739103,Credit card,Credit card
2025-07-18,14737703,Checking or savings account,Checking or savings account
2025-07-24,14861318,Vehicle loan or lease,Vehicle loan or lease
2025-12-28,18323734,Checking or savings account,Checking or savings account
2025-12-22,18221582,Credit card,Credit card
2025-11-03,16984598,Mortgage,Mortgage
2025-12-19,18161788,Credit card,Checking or savings account
2025-09-15,15942246,Credit card,Credit card
2025-08-22,15452596,Checking or savings account,Checking or savings account
2025-11-09,17123013,Credit card,Credit card
2025-12-01,18046623,Credit card,Credit card
2025-12-18,18149844,Checking or savings account,Checking or savings account
2025-08-12,15205490,Credit card,Credit card
2026-01-08,18555811,Checking or savings account,Checking or savings account
2025-12-26,18306253,Checking or savings account,Checking or savings account
2025-07-15,14656959,Checking or savings account,Checking or savings account
2025-09-09,15810313,Credit card,Credit card
2026-01-29,19118813,Checking or savings account,Checking or savings account
2025-11-14,17263256,Credit reporting or other personal consumer reports,Credit card
2025-11-15,17268189,Mortgage,Mortgage
2025-08-14,15289715,Credit card,Credit card
2025-12-30,18380038,Checking or savings account,"Money transfer, virtual currency, or money service"
2025-08-22,15458371,Checking or savings account,Checking or savings account
2025-11-10,17138417,Credit card,Credit card
2025-09-25,16178283,Checking or savings account,Checking or savings account
2025-08-29,15616613,Credit card,Credit card
2025-12-01,18044078,Credit card,Credit card
2025-09-07,15780128,Checking or savings account,Checking or savings account
2025-10-01,16280031,"Money transfer, virtual currency, or money service","Money transfer, virtual currency, or money service"
2025-07-28,14933513,Checking or savings account,Checking or savings account
2025-07-20,14787378,"Money transfer, virtual currency, or money service","Money transfer, virtual currency, or money service"
2025-10-08,16447602,Credit reporting or other personal consumer reports,Credit reporting or other personal consumer reports
2025-10-19,16680558,Credit reporting or other personal consumer reports,Vehicle loan or lease
2025-10-21,16726190,Checking or savings account,Checking or savings account
2025-11-09,17124252,Credit reporting or other personal consumer reports,Credit reporting or other personal consumer reports
2025-09-08,15797908,Checking or savings account,Checking or savings account
2025-12-08,17836373,Checking or savings account,Checking or savings account
2025-07-28,14918325,Checking or savings account,Checking or savings account
2025-10-24,16795486,Checking or savings account,Checking or savings account
2025-08-19,15374663,Credit card,Credit card
2025-12-16,18064604,Credit card,Credit card
2025-07-26,14896336,Credit card,Credit card
2025-12-04,18153312,Checking or savings account,Checking or savings account
2026-01-27,19045924,Checking or savings account,Checking or savings account
2025-09-26,16213153,Credit card,Credit card
2025-09-16,15965208,Checking or savings account,Checking or savings account
2025-12-16,18086273,Credit card,Credit card
2025-09-17,15992004,Credit card,Credit card
2025-10-06,16384304,"Money transfer, virtual currency, or money service","Money transfer, virtual currency, or money service"
2026-01-09,18585637,Checking or savings account,Checking or savings account
2025-07-27,14911597,Checking or savings account,Checking or savings account
2025-08-06,15116541,Credit reporting or other personal consumer reports,Credit reporting or other personal consumer reports
2025-11-03,16982222,Checking or savings account,Checking or savings account
2025-11-20,17352689,"Money transfer, virtual currency, or money service","Money transfer, virtual currency, or money service"
2025-10-02,16303818,Credit card,Credit reporting or other personal consumer reports
2025-07-24,14865787,Checking or savings account,Checking or savings account
2025-11-16,17283575,Checking or savings account,Checking or savings account
2025-07-03,14448914,Checking or savings account,Checking or savings account
2025-08-13,15224068,Credit card,Credit card
2026-01-25,18992334,Checking or savings account,Checking or savings account
2025-11-01,16966362,Credit card,Credit card
2025-08-25,15497253,Checking or savings account,Checking or savings account
2025-09-23,16124666,Checking or savings account,Checking or savings account
2025-12-09,17889178,Credit card,Credit card
2025-09-05,15759038,Checking or savings account,Checking or savings account
2025-09-30,16267112,Checking or savings account,Checking or savings account
2025-09-23,16131834,"Money transfer, virtual currency, or money service",Checking or savings account
2025-11-17,17314814,Checking or savings account,Checking or savings account
2025-08-08,15167469,Vehicle loan or lease,Vehicle loan or lease
2025-07-25,14876461,Credit card,Credit card
2025-09-23,16130600,Credit card,Credit card
2025-07-10,14575993,Checking or savings account,Checking or savings account
2025-11-07,17092721,Credit card,Credit card
2025-09-17,15990687,Checking or savings account,Checking or savings account
2025-12-19,18163921,Credit card,Credit card
2025-09-24,16165203,Debt collection,Debt collection
2025-07-15,14641572,Credit card,Credit card
2025-08-18,15353415,Checking or savings account,Checking or savings account
2025-08-13,15258233,Checking or savings account,Checking or savings account
2025-09-09,15819316,Debt collection,Debt collection
2025-08-26,15524371,Checking or savings account,Checking or savings account
2025-08-30,15624763,Checking or savings account,Checking or savings account
2025-12-30,18363772,Checking or savings account,Credit reporting or other personal consumer reports
2025-08-05,15101165,Credit card,Credit card
2026-01-01,18407692,Credit card,Credit card
2025-09-06,15771525,Checking or savings account,Checking or savings account
2025-08-25,15487715,Credit card,Credit card
2025-11-10,17145775,Debt collection,Debt collection
2025-07-03,14443684,"Money transfer, virtual currency, or money service","Money transfer, virtual currency, or money service"
2025-10-29,16894726,"Money transfer, virtual currency, or money service","Money transfer, virtual currency, or money service"
2025-08-17,15340217,Debt collection,Debt collection
2025-07-11,14596453,Checking or savings account,Checking or savings account
2025-08-14,15295571,"Money transfer, virtual currency, or money service","Money transfer, virtual currency, or money service"
2025-08-08,15174518,Checking or savings account,Checking or savings account
2025-10-07,16423655,Checking or savings account,Checking or savings account
2025-07-23,14842379,Credit card,Credit card
2025-11-10,17138058,Mortgage,Mortgage
2025-08-10,15191728,Credit card,Credit card
2025-11-14,17248896,"Money transfer, virtual currency, or money service","Money transfer, virtual currency, or money service"
2025-11-21,17425163,Credit card,Credit card
2025-09-26,16200790,"Money transfer, virtual currency, or money service","Money transfer, virtual currency, or money service"
2025-08-06,15122068,Credit card,Credit card
2025-07-08,14535388,Vehicle loan or lease,Vehicle loan or lease
2026-01-01,18409318,Credit card,Credit card
2025-10-18,16672924,Checking or savings account,Checking or savings account
2025-08-25,15507714,"Money transfer, virtual currency, or money service",Checking or savings account
2025-09-30,16264447,Credit card,Credit card
2025-08-28,15584637,Checking or savings account,"Money transfer, virtual currency, or money service"
2025-11-05,17006365,"Money transfer, virtual currency, or money service","Money transfer, virtual currency, or money service"
2025-12-30,18376513,Credit card,Credit card
2026-01-27,19043133,Mortgage,Mortgage
2025-11-01,16963591,Checking or savings account,Checking or savings account
2026-01-25,18992495,Credit card,Credit card
2025-11-25,17922719,Checking or savings account,Checking or savings account
2025-10-15,16600391,Credit card,Checking or savings account
2025-08-09,15187085,Checking or savings account,Checking or savings account
2025-12-21,18205984,Checking or savings account,Checking or savings account
2025-07-03,14451734,Credit reporting or other personal consumer reports,Credit reporting or other personal consumer reports
2025-09-30,16259135,Debt collection,Credit reporting or other personal consumer reports
2025-12-02,17931269,Debt collection,Debt collection
2025-07-07,14484664,Checking or savings account,Checking or savings account
2025-08-02,15021427,Checking or savings account,Checking or savings account
2025-07-18,14705842,Credit card,Credit card
2025-09-08,15796401,Checking or savings account,Checking or savings account
2025-07-08,14535298,Checking or savings account,Checking or savings account
2025-11-17,17314817,Checking or savings account,Checking or savings account
2025-11-24,17870021,Credit card,Credit reporting or other personal consumer reports
2025-12-24,18278076,Credit card,Credit reporting or other personal consumer reports
2025-10-17,16649751,Credit reporting or other personal consumer reports,Credit reporting or other personal consumer reports
2025-07-31,14996846,Credit card,Credit card
2025-11-01,16961982,Credit card,Credit card
2025-09-24,16158555,Credit card,Credit card
2026-01-14,18728683,Checking or savings account,Checking or savings account
2025-07-08,14513354,Checking or savings account,Checking or savings account
2025-08-14,15289915,Credit reporting or other personal consumer reports,Credit reporting or other personal consumer reports
2025-10-27,16831775,Credit card,Credit reporting or other personal consumer reports
2025-07-03,14454971,"Money transfer, virtual currency, or money service","Money transfer, virtual currency, or money service"
2025-08-01,15044833,Credit card,Credit card
2025-11-24,17873706,Credit reporting or other personal consumer reports,Credit reporting or other personal consumer reports
2025-07-11,14591357,Credit reporting or other personal consumer reports,Credit reporting or other personal consumer reports
2025-11-14,17263797,Checking or savings account,Credit card
2025-09-14,15930515,Checking or savings account,Checking or savings account
2025-09-10,15854407,Credit card,Credit card
2026-01-17,18801663,"Money transfer, virtual currency, or money service","Money transfer, virtual currency, or money service"
2025-10-01,16305646,Credit card,Credit card
2025-09-23,16097855,Credit card,Credit card
2025-10-17,16640878,Vehicle loan or lease,Vehicle loan or lease
2026-01-13,18698146,Credit card,Credit card
2025-09-05,15742134,"Money transfer, virtual currency, or money service","Money transfer, virtual currency, or money service"
2025-10-02,16322674,Checking or savings account,Credit card
2026-01-22,18932881,Checking or savings account,Checking or savings account
2025-09-02,15682626,Checking or savings account,Checking or savings account
2025-07-15,14675789,Checking or savings account,"Money transfer, virtual currency, or money service"
2025-07-28,14928048,"Money transfer, virtual currency, or money service","Money transfer, virtual currency, or money service"
2025-10-22,16757116,Credit card,Credit card
2025-09-08,15775550,Credit card,Credit card
2025-09-13,15922213,Checking or savings account,"Money transfer, virtual currency, or money service"
2025-09-25,16176731,Credit card,Credit card
2025-09-03,15691974,Checking or savings account,Checking or savings account
2025-10-31,16948658,Debt collection,Debt collection
2025-10-02,16317203,Credit card,Credit reporting or other personal consumer reports
2025-08-07,15150705,"Money transfer, virtual currency, or money service",Checking or savings account
2025-07-03,14450309,Credit card,Credit card
2025-12-25,18283180,Credit card,Checking or savings account
2025-09-14,15930744,Checking or savings account,Checking or savings account
2025-08-01,15010116,Checking or savings account,Checking or savings account
2026-01-06,18498990,"Money transfer, virtual currency, or money service","Money transfer, virtual currency, or money service"
2026-01-29,19115745,Vehicle loan or lease,Vehicle loan or lease
2025-12-02,17990439,Checking or savings account,Checking or savings account
2025-12-15,18039551,Checking or savings account,Checking or savings account
2025-10-20,16699902,Checking or savings account,Checking or savings account
2025-07-10,14563687,Checking or savings account,Debt collection
2025-10-23,16778022,Checking or savings account,Checking or savings account
2025-10-18,16643999,Checking or savings account,Checking or savings account
2025-11-13,17235242,Checking or savings account,Checking or savings account
2025-07-20,14786191,Credit card,Checking or savings account
2025-09-21,16093554,Debt collection,Checking or savings account
2025-10-09,16473683,Checking or savings account,Checking or savings account
2025-08-10,15195640,Credit card,Credit card
2025-09-09,15786586,Credit reporting or other personal consumer reports,Checking or savings account
2026-01-14,18701514,Credit card,Credit card
2025-08-27,15563713,Checking or savings account,Checking or savings account
2025-12-28,18329327,Credit reporting or other personal consumer reports,Credit card
2025-11-07,17101747,Checking or savings account,Checking or savings account
2025-07-13,14619002,Credit card,Credit card
2025-10-27,16831808,Checking or savings account,Checking or savings account
2025-08-18,15354893,Credit card,Credit card
2025-11-19,17357989,Credit card,Credit card
2025-10-24,16793967,Checking or savings account,"Money transfer, virtual currency, or money service"
2025-07-21,14768458,Debt collection,Credit reporting or other personal consumer reports
2025-10-17,16649492,Checking or savings account,Credit card
2025-09-10,15848068,Debt collection,Credit reporting or other personal consumer reports
2026-01-22,18932671,Credit card,Credit card
2025-10-29,16896017,Checking or savings account,Checking or savings account
2025-09-04,15723204,Credit card,Credit card
2025-10-07,16403542,Credit card,Credit reporting or other personal consumer reports
2025-10-14,16532617,Checking or savings account,Checking or savings account
2025-10-12,16531108,Credit card,Credit card
2025-09-02,15668904,Checking or savings account,Checking or savings account
2025-09-25,16140870,Checking or savings account,Checking or savings account
2025-12-24,18274024,"Money transfer, virtual currency, or money service",Checking or savings account
2025-10-23,16767803,Credit card,Credit card
2025-07-23,14842666,Credit card,Credit card
2025-08-28,15589629,Credit card,Credit card
2025-07-02,14425456,Checking or savings account,Checking or savings account
2025-08-15,15314883,"Money transfer, virtual currency, or money service","Money transfer, virtual currency, or money service"
2025-10-10,16512608,Mortgage,Mortgage
2025-08-24,15475409,Credit card,Credit card
2025-07-21,14767830,Credit card,Credit card
2025-08-18,15342148,Credit card,Credit card
2025-11-14,17246774,Credit card,Credit card
2025-07-31,14967519,Credit reporting or other personal consumer reports,Checking or savings account
2025-11-26,17917531,Checking or savings account,"Money transfer, virtual currency, or money service"
2025-08-13,15268712,Credit card,Credit card
2025-12-23,18235477,Credit card,Credit card
2025-07-09,14544614,Checking or savings account,Checking or savings account
2025-09-04,15725380,Checking or savings account,Checking or savings account
2025-08-08,15175120,Credit card,Credit card
2025-09-08,15805171,Credit card,Credit card
2025-11-25,17868313,Checking or savings account,Checking or savings account
2025-09-19,16041533,Credit card,Credit card
2025-08-25,15489835,Credit card,Credit card
2025-09-06,15772799,Credit card,Credit card
2025-09-09,15832980,Checking or savings account,Checking or savings account
2025-07-12,14611482,Credit card,Credit card
2025-08-18,15354455,Debt collection,Debt collection
2026-01-01,18407074,"Money transfer, virtual currency, or money service","Money transfer, virtual currency, or money service"
2026-01-22,18914061,Checking or savings account,Checking or savings account
2025-12-02,18074049,Mortgage,Mortgage
2025-07-18,14733983,Checking or savings account,Credit card
2025-11-13,17228187,Credit card,Credit card
2025-12-25,18278820,"Money transfer, virtual currency, or money service","Money transfer, virtual currency, or money service"
2025-09-29,16226504,Credit card,Credit card
2025-12-23,18258613,"Money transfer, virtual currency, or money service","Money transfer, virtual currency, or money service"
2025-08-25,15497539,"Money transfer, virtual currency, or money service",Checking or savings account
2025-08-14,15288281,Credit card,Credit card
2025-10-06,16388823,Credit reporting or other personal consumer reports,Credit reporting or other personal consumer reports
2025-07-15,14655847,Credit card,Credit card
2025-11-12,17185684,Checking or savings account,Checking or savings account
2025-07-09,14556109,Credit reporting or other personal consumer reports,Credit card
2025-10-10,16510550,Checking or savings account,Checking or savings account
2025-07-21,14774093,Checking or savings account,Checking or savings account
2025-11-08,17115677,Checking or savings account,"Money transfer, virtual currency, or money service"
2025-10-23,16774199,Credit card,Credit card
2025-12-22,18216423,Checking or savings account,Checking or savings account
2026-01-21,18887117,Credit card,Credit card
2025-09-03,15691769,Checking or savings account,Checking or savings account
2025-08-28,15587409,Checking or savings account,Checking or savings account
2025-08-04,15074795,Checking or savings account,Checking or savings account
2025-10-29,16893205,"Money transfer, virtual currency, or money service",Checking or savings account
2025-08-08,15137731,Checking or savings account,Checking or savings account
2025-11-24,17878313,Checking or savings account,Checking or savings account
2026-01-23,18941221,Checking or savings account,Checking or savings account
2025-07-15,14675984,Checking or savings account,Checking or savings account
2026-01-13,18698466,Checking or savings account,Checking or savings account
2025-11-11,17163084,Checking or savings account,Checking or savings account
2025-11-05,17049672,Checking or savings account,Checking or savings account
2025-08-01,15035537,Checking or savings account,Checking or savings account
2025-07-25,14878702,Checking or savings account,Credit card
2025-11-16,17284768,Credit card,Credit card
2025-07-09,14542206,Credit card,Credit card
2026-01-08,18560473,Checking or savings account,Checking or savings account
2025-12-16,18060439,Credit reporting or other personal consumer reports,Credit reporting or other personal consumer reports
2025-10-06,16386883,Checking or savings account,Credit card
2025-12-23,18258486,Credit card,Credit card
2025-11-15,17245588,Checking or savings account,Checking or savings account
2025-10-16,16625172,Credit reporting or other personal consumer reports,Credit reporting or other personal consumer reports
2025-09-22,16086321,Credit card,Checking or savings account
2025-08-24,15508567,Checking or savings account,Checking or savings account
2025-08-05,15097322,Checking or savings account,Checking or savings account
2025-07-25,14883916,Credit card,Credit card
2025-10-03,16346718,Checking or savings account,Checking or savings account
2025-07-28,14905761,Debt collection,Debt collection
2025-08-11,15206178,Debt collection,Credit card
2025-10-15,16601771,Credit reporting or other personal consumer reports,Credit reporting or other personal consumer reports
2025-12-31,18395272,Checking or savings account,Checking or savings account
2025-10-27,16844653,Credit card,Credit card
2025-09-30,16282639,Credit card,Credit card
2025-07-14,14642644,"Money transfer, virtual currency, or money service",Checking or savings account
2025-08-10,15194589,Credit card,Credit card
2025-09-07,15777161,Checking or savings account,Checking or savings account
2026-01-02,18412247,Credit card,Credit card
2025-10-27,16844538,Checking or savings account,Checking or savings account
2025-09-23,16129667,Checking or savings account,Checking or savings account
2025-12-23,18260486,Checking or savings account,Credit card
2025-11-04,17025697,Checking or savings account,Checking or savings account
2026-01-21,18889894,Checking or savings account,Checking or savings account
2026-01-24,18984196,Credit card,Credit card
2025-12-01,18049790,Credit card,Credit card
2026-01-20,18869330,Credit card,Credit card
2025-09-04,15684045,Credit card,Credit card
2025-08-01,15044223,Checking or savings account,Checking or savings account
2025-08-22,15466998,Checking or savings account,Credit card
2025-09-22,16083051,Credit reporting or other personal consumer reports,Credit reporting or other personal consumer reports
2025-10-17,16622558,Checking or savings account,Checking or savings account
2026-01-27,19049418,Checking or savings account,Checking or savings account
2025-09-24,16152849,Mortgage,Mortgage
2025-08-26,15488991,Checking or savings account,Checking or savings account
2025-11-25,17846240,Checking or savings account,Checking or savings account
2025-09-12,15864917,Checking or savings account,Checking or savings account
2025-12-15,18032851,Credit card,Credit card
2025-07-27,14910120,"Money transfer, virtual currency, or money service","Money transfer, virtual currency, or money service"
2025-07-11,14593287,Credit card,Credit card
2025-07-09,14548839,Checking or savings account,Checking or savings account
2025-11-20,17379223,Debt collection,Debt collection
2025-08-07,15154112,Credit card,Credit card
2025-09-25,16177446,Checking or savings account,Checking or savings account
2026-01-21,18878978,"Money transfer, virtual currency, or money service","Money transfer, virtual currency, or money service"
2025-12-08,17840156,Debt collection,Credit reporting or other personal consumer reports
2025-08-04,15072248,Credit reporting or other personal consumer reports,Debt collection
2025-08-20,15387810,Credit card,Credit card
2025-08-12,15232316,Checking or savings account,Checking or savings account
2025-08-11,15208135,Checking or savings account,Checking or savings account
2025-07-14,14649353,Credit card,Credit card
2025-12-30,18377377,Checking or savings account,Checking or savings account
2025-11-04,17001019,Credit card,Credit card
2026-01-18,18815555,Checking or savings account,Vehicle loan or lease
2025-09-24,16163825,Credit card,Credit card
2025-09-25,16177637,Credit card,Credit card
2025-09-09,15824459,Checking or savings account,Checking or savings account
2025-11-06,17075429,Checking or savings account,Checking or savings account
2025-08-14,15292115,Checking or savings account,"Money transfer, virtual currency, or money service"
2025-10-08,16449453,Checking or savings account,Checking or savings account
2026-01-09,18592711,Checking or savings account,Checking or savings account
2025-07-08,14520220,Credit card,Credit reporting or other personal consumer reports
2025-07-30,14975892,"Money transfer, virtual currency, or money service","Money transfer, virtual currency, or money service"
2026-01-21,18902454,Checking or savings account,Checking or savings account
2025-07-01,14388125,Checking or savings account,Checking or savings account
2026-01-18,18818306,Checking or savings account,Checking or savings account
2025-07-23,14832811,Credit card,Credit card
2025-08-02,15025450,Checking or savings account,Checking or savings account
2025-09-26,16202796,Checking or savings account,Checking or savings account
2025-07-11,14596082,Checking or savings account,Checking or savings account
2025-07-11,14596441,"Money transfer, virtual currency, or money service","Money transfer, virtual currency, or money service"
2026-01-29,19087883,Checking or savings account,Checking or savings account
2025-08-27,15547829,Credit card,Credit card
2025-12-16,18063489,Checking or savings account,Credit card
2025-09-03,15702541,Credit card,Credit card
2025-11-05,17047125,Credit card,Credit card
2026-01-21,18898626,Checking or savings account,Checking or savings account
2025-08-18,15344886,Credit reporting or other personal consumer reports,Credit card
2025-12-31,18385110,Debt collection,Debt collection
2025-08-19,15378657,"Money transfer, virtual currency, or money service","Money transfer, virtual currency, or money service"
2025-09-11,15879924,Credit card,Checking or savings account
2025-08-29,15601411,Credit card,Credit card
2025-09-23,16097501,Checking or savings account,Checking or savings account
2025-12-15,18051849,Credit card,Checking or savings account
2025-12-09,17887087,Checking or savings account,"Money transfer, virtual currency, or money service"
2025-08-12,15228290,Checking or savings account,Vehicle loan or lease
2025-08-18,15335203,Credit card,Credit card
2025-09-17,16008966,Credit card,Credit reporting or other personal consumer reports
2025-11-02,16969805,Checking or savings account,Checking or savings account
2025-11-17,17311731,Checking or savings account,Checking or savings account
2025-10-22,16746380,Checking or savings account,Checking or savings account
2025-11-11,17168760,Checking or savings account,Checking or savings account
2025-09-26,16201906,Credit card,Credit card
2025-07-28,14933853,Checking or savings account,Checking or savings account
2025-10-30,16923402,Checking or savings account,Checking or savings account
2025-07-28,14928258,Credit card,Credit card
2025-11-13,17220197,Credit card,Credit card
2025-09-11,15877928,Checking or savings account,Checking or savings account
2026-01-18,18817180,Credit card,Credit reporting or other personal consumer reports
2025-07-24,14820791,Checking or savings account,Checking or savings account
2025-12-29,18356743,Credit card,Credit reporting or other personal consumer reports
2025-11-09,17121453,Credit card,Credit card
2025-09-05,15747725,"Money transfer, virtual currency, or money service",Checking or savings account
2025-12-02,18081523,Checking or savings account,Checking or savings account
2025-07-10,14574262,Credit card,Credit card
2025-08-06,15088051,Credit card,Credit reporting or other personal consumer reports
2025-10-10,16515504,"Money transfer, virtual currency, or money service","Money transfer, virtual currency, or money service"
2025-09-17,15996893,Vehicle loan or lease,Vehicle loan or lease
2025-08-30,15623120,Credit card,Credit card
2026-01-07,18548172,Checking or savings account,Checking or savings account
2025-08-13,15249531,Credit reporting or other personal consumer reports,Credit reporting or other personal consumer reports
2025-07-22,14795404,Checking or savings account,Checking or savings account
2025-12-28,18324229,Checking or savings account,Checking or savings account
2026-01-09,18607189,Checking or savings account,Checking or savings account
2025-08-20,15409148,"Money transfer, virtual currency, or money service","Money transfer, virtual currency, or money service"
2025-07-16,14679886,Checking or savings account,Credit card
2025-09-16,15963536,Debt collection,Debt collection
2025-07-19,14758022,Credit card,Credit card
2025-09-11,15867105,Credit reporting or other personal consumer reports,Credit card
2025-08-15,15309164,Checking or savings account,Checking or savings account
2025-10-15,16602194,Credit card,Credit card
2026-01-21,18891897,Credit card,Checking or savings account
2025-08-11,15210171,Credit card,Credit card
2025-12-18,18144053,Credit card,Credit card
2025-09-06,15768304,Checking or savings account,Checking or savings account
2025-09-02,15678332,Checking or savings account,Checking or savings account
2025-11-15,17273367,Credit card,Credit reporting or other personal consumer reports
2025-11-18,17335550,Credit card,Credit card
2025-08-18,15364656,Credit card,Credit card
2025-12-08,17839162,Checking or savings account,Checking or savings account
2025-07-31,14986089,Checking or savings account,Checking or savings account
2025-11-19,17318005,Checking or savings account,Credit card
2025-10-07,16422288,Credit card,Credit card
2025-07-31,14997259,Credit card,Credit card
2026-01-23,18954017,Checking or savings account,Checking or savings account
2026-01-07,18538490,Checking or savings account,Checking or savings account
2026-01-21,18882848,Checking or savings account,Checking or savings account
2025-08-29,15605069,Mortgage,Mortgage
2025-07-01,14402898,Credit card,Credit card
2026-01-23,18948820,Credit card,Credit card
2025-11-07,17061789,Credit card,Checking or savings account
2025-11-11,17171519,Checking or savings account,Checking or savings account
2026-01-30,19122013,Credit card,Credit card
2025-09-12,15914020,Checking or savings account,Checking or savings account
2025-11-14,17249178,Debt collection,Credit reporting or other personal consumer reports
2025-07-01,14403899,Checking or savings account,Checking or savings account
2025-09-28,16232498,Checking or savings account,"Money transfer, virtual currency, or money service"
2025-07-14,14649529,Credit card,Credit card
2025-09-03,15691358,Credit card,Credit card
2025-11-17,17299735,Checking or savings account,Checking or savings account
2025-07-30,14971990,Credit card,Credit card
2025-10-19,16680940,Checking or savings account,Checking or savings account
2025-07-20,14786024,Credit card,Credit reporting or other personal consumer reports
2026-01-24,18975242,Credit card,Credit card
2025-08-07,15155840,Checking or savings account,Checking or savings account
2026-01-13,18694544,Debt collection,Credit reporting or other personal consumer reports
2025-10-15,16607755,Vehicle loan or lease,Vehicle loan or lease
2025-08-15,15310816,Checking or savings account,Checking or savings account
2025-08-29,15595442,Checking or savings account,Checking or savings account
2025-09-06,15766403,Checking or savings account,Checking or savings account
2025-11-20,17402334,"Money transfer, virtual currency, or money service","Money transfer, virtual currency, or money service"
2025-11-27,17919773,Checking or savings account,Checking or savings account
2025-07-31,14996286,Vehicle loan or lease,Vehicle loan or lease
2025-09-09,15789789,Credit reporting or other personal consumer reports,Credit reporting or other personal consumer reports
2026-01-25,18987271,"Money transfer, virtual currency, or money service","Money transfer, virtual currency, or money service"
2025-10-27,16846964,Checking or savings account,Checking or savings account
2025-10-03,16357209,"Money transfer, virtual currency, or money service",Checking or savings account
2025-11-19,17362254,Credit card,Credit card
2025-07-29,14958889,"Money transfer, virtual currency, or money service",Checking or savings account
2025-08-07,15154626,Credit card,Credit card
2025-12-16,18078488,Checking or savings account,"Money transfer, virtual currency, or money service"
2025-09-24,16149276,Credit reporting or other personal consumer reports,Credit reporting or other personal consumer reports
2025-09-29,16232307,Credit card,Credit card
2025-08-19,15376310,Checking or savings account,Checking or savings account
2025-12-24,18277264,Checking or savings account,Checking or savings account
2025-07-07,14489005,Checking or savings account,Checking or savings account
2025-11-21,17848119,Checking or savings account,Checking or savings account
2026-01-02,18429360,Checking or savings account,Mortgage
2025-12-24,18271882,Credit reporting or other personal consumer reports,Credit reporting or other personal consumer reports
2025-09-30,16271493,Checking or savings account,Checking or savings account
2025-09-03,15707904,Checking or savings account,Checking or savings account
2025-08-13,15268186,Vehicle loan or lease,Vehicle loan or lease
2025-12-09,17860777,Vehicle loan or lease,Credit reporting or other personal consumer reports
2025-11-20,17402368,Checking or savings account,Credit card
2025-07-01,14397552,Debt collection,"Money transfer, virtual currency, or money service"
2025-11-13,17209462,Checking or savings account,Checking or savings account
2026-01-07,18524079,Checking or savings account,Checking or savings account
2025-12-08,17834281,Credit reporting or other personal consumer reports,Credit reporting or other personal consumer reports
2025-08-27,15556356,Checking or savings account,Checking or savings account
2025-10-20,16697411,Credit card,Credit card
2025-09-25,16176907,Credit reporting or other personal consumer reports,Credit reporting or other personal consumer reports
2025-12-10,17907919,Credit card,Credit card
2025-12-27,18311336,Checking or savings account,Checking or savings account
2025-08-20,15412156,Checking or savings account,Credit reporting or other personal consumer reports
2025-09-26,16198558,Credit card,Credit card
2025-11-05,17051912,Credit reporting or other personal consumer reports,Credit reporting or other personal consumer reports
2025-09-03,15703185,"Money transfer, virtual currency, or money service","Money transfer, virtual currency, or money service"
2025-07-07,14484589,Checking or savings account,Checking or savings account
2025-07-25,14876780,Checking or savings account,Checking or savings account
2025-09-23,16125875,Credit card,Credit card
2025-11-29,17955338,Credit card,Credit card
2025-10-31,16953511,Credit card,Checking or savings account
2025-08-20,15414281,Credit card,Credit card
2025-12-09,17901641,Vehicle loan or lease,Vehicle loan or lease
2025-12-16,18086334,Credit card,Credit card
2025-11-12,17190745,Checking or savings account,Checking or savings account
2025-09-08,15797797,Credit card,Credit card
2025-07-01,14399306,Credit reporting or other personal consumer reports,Credit reporting or other personal consumer reports
2025-12-22,18209371,Credit card,Credit card
2025-07-11,14593742,Credit card,Credit card
2025-07-08,14484071,Checking or savings account,Checking or savings account
2025-09-04,15721246,Debt collection,Credit card
2025-10-01,16289444,Credit card,Credit card
2025-08-15,15316632,Credit reporting or other personal consumer reports,Credit reporting or other personal consumer reports
2025-09-10,15852410,"Money transfer, virtual currency, or money service","Money transfer, virtual currency, or money service"
2025-08-22,15466493,Vehicle loan or lease,Vehicle loan or lease
2025-07-24,14859624,Credit card,Credit card
2025-08-03,15016117,Credit reporting or other personal consumer reports,Credit reporting or other personal consumer reports
2026-01-09,18602483,Mortgage,Mortgage
2025-07-17,14676637,Debt collection,Credit reporting or other personal consumer reports
2025-09-02,15667064,Vehicle loan or lease,Vehicle loan or lease
2025-12-30,18360942,"Money transfer, virtual currency, or money service",Checking or savings account
2025-07-08,14493367,Credit card,Credit card
2025-09-06,15768652,Credit card,Credit card
2025-07-10,14575023,Credit card,Credit card
2025-11-24,17830362,Debt collection,Debt collection
2026-01-12,18640148,Checking or savings account,Mortgage
2025-12-08,17839851,Checking or savings account,Checking or savings account
2025-08-28,15582954,Vehicle loan or lease,Vehicle loan or lease
2025-08-06,15120851,Credit reporting or other personal consumer reports,Credit reporting or other personal consumer reports
2025-09-17,15993481,Checking or savings account,Checking or savings account
2025-10-29,16901420,Credit card,Credit reporting or other personal consumer reports
2025-11-17,17303163,Debt collection,Credit reporting or other personal consumer reports
2025-08-20,15409445,Checking or savings account,Checking or savings account
2025-07-22,14806040,Checking or savings account,Checking or savings account
2025-09-05,15758261,Credit card,Credit card
2025-12-31,18397157,Credit card,Credit card
2025-07-16,14679444,Credit card,Credit card
2025-12-04,18145883,Credit card,Credit card
2025-08-28,15581004,Checking or savings account,"Money transfer, virtual currency, or money service"
2025-08-20,15413090,Checking or savings account,Checking or savings account
2026-01-25,18990745,Checking or savings account,Checking or savings account
2025-08-20,15403268,Credit card,Credit card
2025-12-22,18223041,Credit card,Credit card
2026-01-12,18665877,Credit card,Credit reporting or other personal consumer reports
2026-01-12,18655973,Credit card,Credit card
2025-09-23,16077925,Checking or savings account,Checking or savings account
2026-01-26,19012945,Credit card,Credit reporting or other personal consumer reports
2025-12-16,18071354,Credit card,Checking or savings account
2025-11-11,17136289,Credit card,Credit card
2025-08-03,15016095,Credit card,Credit reporting or other personal consumer reports
2026-01-28,19068606,Checking or savings account,Checking or savings account
2025-11-28,17988497,Checking or savings account,Checking or savings account
2025-07-01,14397251,Credit card,Credit card
2025-12-26,18291149,Credit reporting or other personal consumer reports,Credit reporting or other personal consumer reports
2025-12-16,18063554,Debt collection,Credit reporting or other personal consumer reports
2025-12-28,18329137,"Money transfer, virtual currency, or money service",Checking or savings account
2025-11-19,17357928,Credit card,Credit card
2025-07-15,14667480,"Money transfer, virtual currency, or money service",Checking or savings account
2025-10-19,16680422,Checking or savings account,Credit reporting or other personal consumer reports
2025-12-22,18226451,Credit card,Credit card
2025-07-11,14590200,Checking or savings account,Checking or savings account
2025-12-08,17822600,"Money transfer, virtual currency, or money service",Checking or savings account
2026-01-29,19116656,Checking or savings account,Checking or savings account
2025-11-01,16968680,Checking or savings account,Checking or savings account
2025-09-11,15865617,Credit card,Checking or savings account
2025-12-01,18052959,Mortgage,Mortgage
2025-11-21,17896626,Checking or savings account,Checking or savings account
2025-12-31,18394236,Credit card,Credit card
2025-10-24,16800585,Credit card,Debt collection
2026-01-13,18692542,"Money transfer, virtual currency, or money service",Checking or savings account
2025-07-31,15003351,Credit card,Credit card
2026-01-22,18926871,Debt collection,Debt collection
2025-11-20,17392428,Credit card,Credit card
2026-01-20,18875819,Credit card,Credit card
2025-07-09,14559102,Checking or savings account,Checking or savings account
2025-11-10,17141086,Credit card,Credit card
2025-09-24,16154192,Checking or savings account,Checking or savings account
2025-12-26,18294056,Credit reporting or other personal consumer reports,Credit reporting or other personal consumer reports
2025-07-20,14787805,Credit card,Credit card
2025-10-13,16544534,Credit reporting or other personal consumer reports,Credit reporting or other personal consumer reports
2025-07-08,14533814,Checking or savings account,Checking or savings account
2025-11-04,16979815,Checking or savings account,Checking or savings account
2025-07-18,14732011,Credit card,Credit card
2025-10-23,16786547,Credit card,Checking or savings account
2025-09-12,15913987,"Money transfer, virtual currency, or money service","Money transfer, virtual currency, or money service"
2025-11-05,17047094,Checking or savings account,"Money transfer, virtual currency, or money service"
2025-08-19,15386396,"Money transfer, virtual currency, or money service",Checking or savings account
2026-01-26,19016549,Checking or savings account,Checking or savings account
2026-01-02,18433347,Checking or savings account,Credit card
2025-10-24,16807973,Credit reporting or other personal consumer reports,Credit reporting or other personal consumer reports
2025-12-14,18027526,Checking or savings account,Checking or savings account
2025-08-07,15151876,Checking or savings account,Checking or savings account
2025-09-09,15828764,Checking or savings account,Checking or savings account
2025-12-14,18029203,Credit card,Credit card
2025-10-31,16946230,Checking or savings account,Checking or savings account
2025-10-17,16656657,Checking or savings account,Checking or savings account
2025-08-24,15472166,Checking or savings account,Credit reporting or other personal consumer reports
2025-09-20,16120847,Credit reporting or other personal consumer reports,Credit reporting or other personal consumer reports
2025-08-05,15098353,Credit card,Credit reporting or other personal consumer reports
2025-12-08,17834695,Checking or savings account,Checking or savings account
2025-08-12,15230526,Credit card,Credit card
2025-12-24,18275247,Checking or savings account,Checking or savings account
2025-08-22,15455085,Checking or savings account,Checking or savings account
2025-09-11,15867096,Checking or savings account,Checking or savings account
2025-09-21,16113725,Checking or savings account,Credit card
2025-09-17,15994360,Credit card,Checking or savings account
2025-07-17,14722570,Credit card,Credit card
2025-09-25,16140030,Checking or savings account,Checking or savings account
2025-11-19,17366483,Checking or savings account,Checking or savings account
2025-11-07,17101150,Credit reporting or other personal consumer reports,Credit reporting or other personal consumer reports
2025-11-13,17207760,Checking or savings account,Checking or savings account
2025-10-21,16723666,Credit card,Credit card
2025-08-21,15428914,"Money transfer, virtual currency, or money service",Checking or savings account
2025-12-15,18039519,Credit reporting or other personal consumer reports,Credit reporting or other personal consumer reports
2025-08-31,15630983,Checking or savings account,Checking or savings account
2025-12-18,18134253,Credit card,Credit card
2025-10-16,16638120,Checking or savings account,Checking or savings account
2025-07-08,14515067,"Money transfer, virtual currency, or money service","Money transfer, virtual currency, or money service"
2025-09-18,16018241,Checking or savings account,"Money transfer, virtual currency, or money service"
2025-12-28,18329999,Credit card,Credit card
2025-09-16,15984149,Checking or savings account,Credit reporting or other personal consumer reports
2025-10-31,16951527,Checking or savings account,Checking or savings account
2025-12-04,18105151,Credit card,Credit card
2026-01-29,19103685,Credit card,Credit card
2025-08-09,15182903,Credit card,Credit card
2025-09-15,15933538,Credit reporting or other personal consumer reports,Credit reporting or other personal consumer reports
2025-11-16,17281679,Checking or savings account,Checking or savings account
2025-07-08,14527661,Credit reporting or other personal consumer reports,Credit card
2026-01-08,18576305,Debt collection,Credit reporting or other personal consumer reports
2025-10-15,16583480,Checking or savings account,Checking or savings account
2025-12-23,18245536,Checking or savings account,Checking or savings account
2025-09-18,16034760,Credit card,Credit reporting or other personal consumer reports
2025-09-24,16163178,Checking or savings account,Checking or savings account
2026-01-06,18513781,Checking or savings account,Checking or savings account
2025-10-08,16456692,Credit card,Credit reporting or other personal consumer reports
2025-11-07,17093535,Checking or savings account,Checking or savings account
2025-11-07,17097570,Checking or savings account,Checking or savings account
2025-12-22,18212052,"Money transfer, virtual currency, or money service",Checking or savings account
2025-11-10,17122453,Credit card,Checking or savings account
2026-01-22,18913501,Mortgage,Mortgage
2025-07-02,14411713,Checking or savings account,Credit reporting or other personal consumer reports
2025-07-31,15003338,Vehicle loan or lease,Credit reporting or other personal consumer reports
2025-07-18,14739797,Credit reporting or other personal consumer reports,Credit reporting or other personal consumer reports
2025-11-01,16966159,Credit reporting or other personal consumer reports,Credit reporting or other personal consumer reports
2025-10-30,16929437,Checking or savings account,Checking or savings account
2025-07-31,15007859,Checking or savings account,Checking or savings account
2025-07-23,14868034,Mortgage,Mortgage
2025-11-17,17310954,Debt collection,Checking or savings account
2025-10-09,16472130,Checking or savings account,Checking or savings account
2026-01-24,18975641,Checking or savings account,Checking or savings account
2025-07-06,14476355,Credit reporting or other personal consumer reports,Credit reporting or other personal consumer reports
2026-01-29,19097357,"Money transfer, virtual currency, or money service","Money transfer, virtual currency, or money service"
2026-01-07,18537595,Checking or savings account,Checking or savings account
2025-07-16,14685591,Debt collection,Debt collection
2025-09-30,16265577,Credit card,Credit card
2025-10-27,16839414,Checking or savings account,Checking or savings account
2025-11-16,17285883,Checking or savings account,Checking or savings account
2025-12-22,18233550,Checking or savings account,Checking or savings account
2026-01-06,18491969,Checking or savings account,"Money transfer, virtual currency, or money service"
2025-09-21,16115795,Checking or savings account,Mortgage
2025-11-06,17082118,Checking or savings account,Checking or savings account
2026-01-21,18893736,Credit card,Credit card
2025-10-16,16586387,Credit card,Credit card
2025-09-17,15972233,Credit card,Credit reporting or other personal consumer reports
2025-07-09,14560644,Checking or savings account,Checking or savings account
2025-12-14,18027243,Credit card,Credit card
2025-08-18,15365867,Credit card,Credit card
2025-07-07,14488902,Credit card,Credit card
2026-01-20,18874290,Credit card,Credit card
2026-01-21,18897579,Checking or savings account,Credit reporting or other personal consumer reports
2026-01-12,18662758,Checking or savings account,Checking or savings account
2025-11-12,17206422,Credit card,Credit card
2025-12-16,18086357,Credit card,Credit card
2025-09-20,16121766,Credit card,Credit card
2026-01-15,18734941,Credit card,Checking or savings account
2026-01-21,18880997,Checking or savings account,Checking or savings account
2025-12-18,18146317,"Money transfer, virtual currency, or money service","Money transfer, virtual currency, or money service"
2025-08-07,15151057,Checking or savings account,Checking or savings account
2025-07-08,14535012,Checking or savings account,"Money transfer, virtual currency, or money service"
2025-11-07,17107331,Credit card,Credit card
2025-11-05,17038701,Checking or savings account,Checking or savings account
2025-11-15,17245766,Credit card,Credit card
2025-07-09,14541698,"Money transfer, virtual currency, or money service",Checking or savings account
2026-01-06,18489216,Checking or savings account,Checking or savings account
2026-01-20,18869802,Checking or savings account,Checking or savings account
2025-07-20,14789970,Checking or savings account,Checking or savings account
2025-11-22,17407227,Checking or savings account,"Money transfer, virtual currency, or money service"
2025-07-15,14674354,Checking or savings account,Checking or savings account
2025-07-09,14539758,Credit card,Checking or savings account
2025-08-29,15602987,Credit card,Credit card
2025-11-26,17874318,Credit card,Credit reporting or other personal consumer reports
2026-01-08,18566298,Credit card,Credit card
2025-11-17,17296432,Checking or savings account,Checking or savings account
2025-07-11,14598545,Credit reporting or other personal consumer reports,Credit reporting or other personal consumer reports
2025-07-24,14863277,"Money transfer, virtual currency, or money service","Money transfer, virtual currency, or money service"
2026-01-03,18447069,Checking or savings account,Checking or savings account
2026-01-30,19137020,Credit card,Credit card
2025-08-22,15457908,Credit card,Credit card
2025-07-08,14525783,"Money transfer, virtual currency, or money service","Money transfer, virtual currency, or money service"
2026-01-13,18679047,"Money transfer, virtual currency, or money service",Checking or savings account
2025-07-23,14830574,Checking or savings account,"Money transfer, virtual currency, or money service"
2025-11-19,17363777,Credit card,Credit card
2025-11-25,17918164,Checking or savings account,Checking or savings account
2026-01-07,18536388,Credit card,Credit card
2025-07-31,14995249,Credit card,"Money transfer, virtual currency, or money service"
2025-09-21,16113923,Checking or savings account,"Money transfer, virtual currency, or money service"
2026-01-01,18399784,Checking or savings account,Checking or savings account
2025-10-17,16664453,Credit card,Credit card
2026-01-21,18878387,Credit card,Credit card
2025-08-29,15605676,Checking or savings account,Credit card
2025-09-04,15712326,Checking or savings account,Checking or savings account
2025-07-09,14543802,Checking or savings account,Checking or savings account
2026-01-28,19072981,Credit card,Credit card
2026-01-25,18990802,Credit card,Credit card
2025-07-04,14465361,Checking or savings account,Checking or savings account
2025-08-18,15355883,Checking or savings account,Checking or savings account
2025-12-16,18083525,Credit reporting or other personal consumer reports,Credit reporting or other personal consumer reports
2025-08-21,15397002,"Money transfer, virtual currency, or money service",Checking or savings account
2026-01-30,19133339,Checking or savings account,Checking or savings account
2026-01-07,18540278,Checking or savings account,Checking or savings account
2025-09-13,15892881,Credit card,Credit card
2025-07-09,14551441,Checking or savings account,Checking or savings account
2025-07-25,14883838,Checking or savings account,"Money transfer, virtual currency, or money service"
2026-01-25,18987010,Checking or savings account,Checking or savings account
2025-07-14,14650264,Credit reporting or other personal consumer reports,Credit reporting or other personal consumer reports
2025-07-18,14729967,Credit card,Credit card
2025-10-28,16862923,Checking or savings account,Checking or savings account
2025-08-06,15117819,Credit card,Credit card
2025-09-24,16157523,Checking or savings account,Credit card
2025-08-27,15556869,Credit card,Credit card
2025-11-28,17955277,Credit card,Checking or savings account
2025-08-29,15568372,Checking or savings account,Checking or savings account
2025-10-08,16432130,Credit card,Credit reporting or other personal consumer reports
2025-09-23,16133411,Checking or savings account,Checking or savings account
2026-01-07,18541999,Credit card,Credit card
2025-08-22,15455431,Credit card,Debt collection
2025-08-19,15376715,Vehicle loan or lease,Credit card
2025-07-09,14542971,Checking or savings account,Checking or savings account
2025-07-31,14999710,Checking or savings account,Checking or savings account
2026-01-05,18468930,"Money transfer, virtual currency, or money service","Money transfer, virtual currency, or money service"
2025-08-19,15358754,Checking or savings account,Checking or savings account
2025-12-01,18052261,Credit reporting or other personal consumer reports,Credit reporting or other personal consumer reports
2025-11-13,17874292,Credit card,Credit card
2025-07-23,14841395,Checking or savings account,Checking or savings account
2025-10-23,16742056,Checking or savings account,Checking or savings account
2025-11-13,17210603,Mortgage,Mortgage
2025-09-04,15717149,Debt collection,Debt collection
2025-11-03,16981972,Checking or savings account,Checking or savings account
2025-11-19,17360318,Checking or savings account,Checking or savings account
2025-08-06,15119998,Checking or savings account,Checking or savings account
2025-07-07,14475927,Vehicle loan or lease,Vehicle loan or lease
2025-11-18,17323753,Credit card,Credit card
2025-09-14,15928898,Credit card,Credit card
2025-08-14,15293102,Credit card,Credit card
2026-01-27,19024270,Checking or savings account,Checking or savings account
2025-11-19,17368073,"Money transfer, virtual currency, or money service","Money transfer, virtual currency, or money service"
2026-01-06,18494131,Credit card,Credit card
2025-09-25,16169294,Checking or savings account,Credit card
2026-01-21,18906415,Checking or savings account,Checking or savings account
2026-01-13,18687031,Credit card,Checking or savings account
2025-11-11,17170898,Checking or savings account,Checking or savings account
2025-10-01,16307541,Credit card,Credit card
2025-12-24,18265963,Credit card,Checking or savings account
2025-08-05,15091991,Credit card,Credit card
2026-01-03,18443487,Credit card,Credit card
2025-11-08,17119407,"Money transfer, virtual currency, or money service","Money transfer, virtual currency, or money service"
2025-08-01,15032568,Checking or savings account,Checking or savings account
2025-08-11,15207692,Credit card,Credit card
2025-07-30,14974511,Credit reporting or other personal consumer reports,Credit reporting or other personal consumer reports
2025-08-12,15226206,Checking or savings account,Checking or savings account
2025-07-07,14488699,Credit card,Credit card
2025-08-06,15117002,Checking or savings account,Checking or savings account
2025-09-23,16076170,Checking or savings account,Checking or savings account
2025-08-13,15268005,Checking or savings account,Checking or savings account
2025-08-12,15232573,Mortgage,Credit card
2025-07-19,14753494,Checking or savings account,Checking or savings account
2025-09-07,15779008,Mortgage,Mortgage
2025-07-30,14983252,Checking or savings account,Checking or savings account
2025-09-26,16206957,"Money transfer, virtual currency, or money service","Money transfer, virtual currency, or money service"
2025-07-11,14598558,"Money transfer, virtual currency, or money service","Money transfer, virtual currency, or money service"
2026-01-13,18683500,Checking or savings account,Checking or savings account
2025-10-24,16810216,Checking or savings account,Checking or savings account
2025-11-21,17433123,Checking or savings account,Credit card
2025-08-14,15291800,Checking or savings account,Checking or savings account
2025-12-31,18396271,Mortgage,Mortgage
2025-12-25,18279062,Credit card,Credit card
2025-08-05,15090427,Debt collection,Credit reporting or other personal consumer reports
2025-07-19,14754290,Checking or savings account,Checking or savings account
2025-09-09,15819420,Checking or savings account,"Money transfer, virtual currency, or money service"
2025-11-25,17888535,Checking or savings account,Checking or savings account
2025-09-12,15893612,Checking or savings account,Checking or savings account
2025-12-09,17899456,"Money transfer, virtual currency, or money service",Checking or savings account
2025-08-12,15239880,Checking or savings account,Checking or savings account
2025-11-21,17903527,Mortgage,Mortgage
2026-01-22,18939554,Credit card,Credit card
2025-11-14,17253579,Credit reporting or other personal consumer reports,Credit reporting or other personal consumer reports
2025-10-02,16321051,Checking or savings account,Credit card
2025-11-06,17067418,Credit card,Credit card
2025-12-02,17942917,Credit card,Credit card
2025-11-20,17404828,Checking or savings account,Checking or savings account
2025-09-30,16236135,Checking or savings account,Checking or savings account
2025-09-23,16099413,Credit reporting or other personal consumer reports,Debt collection
2025-10-15,16597503,"Money transfer, virtual currency, or money service",Checking or savings account
2025-09-14,15930379,Debt collection,Credit reporting or other personal consumer reports
2025-10-13,16555374,Checking or savings account,Checking or savings account
2025-10-27,16840033,"Money transfer, virtual currency, or money service","Money transfer, virtual currency, or money service"
2025-12-27,18321803,Credit card,Credit card
2026-01-29,19101269,Credit card,Credit card
2025-10-07,16426674,Checking or savings account,Checking or savings account
2025-09-07,15776146,Checking or savings account,Checking or savings account
2025-12-30,18377280,Checking or savings account,Checking or savings account
2025-11-20,17389393,Credit card,Credit card
2025-07-27,14909778,Credit card,Credit card
2025-09-29,16237616,Checking or savings account,Checking or savings account
2025-07-31,15008719,Credit reporting or other personal consumer reports,Credit reporting or other personal consumer reports
2025-09-21,16112381,Credit card,Credit card
2026-01-14,18725422,Mortgage,Mortgage
2025-09-28,16228781,Checking or savings account,Checking or savings account
2025-09-12,15914773,Credit card,Credit card
2025-07-25,14874561,"Money transfer, virtual currency, or money service","Money transfer, virtual currency, or money service"
2025-07-08,14514877,Checking or savings account,Checking or savings account
2025-08-20,15405284,Checking or savings account,Checking or savings account
2025-07-17,14714674,Checking or savings account,Checking or savings account
2025-09-03,15690221,Checking or savings account,Checking or savings account
2025-10-13,16551513,Credit card,Credit card
2025-07-02,14408155,Checking or savings account,Checking or savings account
2025-07-12,14614735,Checking or savings account,Checking or savings account
2025-07-29,14917872,"Money transfer, virtual currency, or money service","Money transfer, virtual currency, or money service"
2025-12-21,18207871,Checking or savings account,Checking or savings account
2025-09-28,16217142,Checking or savings account,Credit card
2026-01-02,18426973,"Money transfer, virtual currency, or money service",Checking or savings account
2025-10-02,16321469,Credit card,Credit card
2025-09-04,15719609,Credit card,Credit card
2025-11-12,17186622,Checking or savings account,Checking or savings account
2025-07-25,14875339,Credit card,Credit card
2025-10-21,16720330,Credit reporting or other personal consumer reports,Credit reporting or other personal consumer reports
2025-11-07,17086247,Credit card,Debt collection
2025-08-13,15255988,Credit reporting or other personal consumer reports,Credit reporting or other personal consumer reports
2025-07-29,14957760,Checking or savings account,Checking or savings account
2025-08-04,15051127,Checking or savings account,Checking or savings account
2025-11-10,17135877,Credit card,Credit card
2025-09-30,16273285,Checking or savings account,Checking or savings account
2025-11-20,17797902,Checking or savings account,Checking or savings account
2025-12-03,18109219,Checking or savings account,Checking or savings account
2025-11-07,17099109,Checking or savings account,Checking or savings account
2025-12-08,17852030,Checking or savings account,Checking or savings account
2025-07-09,14557488,Credit card,Credit card
2025-08-25,15495983,Checking or savings account,Checking or savings account
2025-08-23,15481843,Checking or savings account,Checking or savings account
2025-11-17,17294974,Checking or savings account,Checking or savings account
2026-01-09,18612665,Mortgage,Mortgage
2025-08-23,15478575,"Money transfer, virtual currency, or money service",Checking or savings account
2025-09-16,15960917,Debt collection,Debt collection
2025-07-17,14718345,Credit card,Credit card
2025-08-07,15142838,Credit card,Credit card
2025-11-07,17101612,Checking or savings account,Checking or savings account
2025-12-15,18039263,Checking or savings account,Checking or savings account
2025-11-18,17332157,Checking or savings account,Checking or savings account
2025-07-16,14683100,Credit reporting or other personal consumer reports,Credit reporting or other personal consumer reports
2025-11-26,17922223,Debt collection,Debt collection
2025-08-05,15093881,Checking or savings account,Checking or savings account
2025-09-18,16011373,Credit card,Credit card
2025-09-04,15721483,Credit reporting or other personal consumer reports,Credit reporting or other personal consumer reports
2025-08-14,15290372,Credit card,Credit card
2025-08-24,15509246,Credit card,Credit card
2026-01-09,18587374,Checking or savings account,Checking or savings account
2025-07-22,14797295,Credit card,Credit card
2025-08-21,15436592,Checking or savings account,Credit card
2025-08-29,15595567,Checking or savings account,Checking or savings account
2025-07-15,14656398,Credit reporting or other personal consumer reports,Checking or savings account
2026-01-05,18461315,Credit card,Debt collection
2025-10-22,16714989,Credit card,Credit card
2025-10-13,16543255,Credit card,Credit card
2025-11-14,17248591,Credit card,Credit card
2025-07-24,14856828,Credit reporting or other personal consumer reports,Credit reporting or other personal consumer reports
2025-10-14,16577314,Checking or savings account,Checking or savings account
2025-09-30,16267126,Checking or savings account,Credit card
2025-08-13,15267990,Checking or savings account,Checking or savings account
2025-09-14,15925319,"Money transfer, virtual currency, or money service","Money transfer, virtual currency, or money service"
2025-09-24,16153109,Checking or savings account,Credit card
2025-12-30,18385174,Checking or savings account,Checking or savings account
2025-08-07,15149860,Credit card,Checking or savings account
2026-01-13,18672807,Credit card,Credit card
2026-01-29,19100064,Checking or savings account,Checking or savings account
2025-12-28,18324364,Checking or savings account,Checking or savings account
2025-10-14,16569918,Checking or savings account,Checking or savings account
2025-10-17,16620787,Checking or savings account,Checking or savings account
2025-12-09,17868137,Credit card,Credit card
2025-09-10,15844250,Credit card,Credit card
2025-07-25,14878563,Checking or savings account,Checking or savings account
2025-07-14,14632019,Checking or savings account,Checking or savings account
2026-01-18,18815974,Checking or savings account,Credit card
2025-08-17,15339037,Credit card,Credit card
2025-10-10,16465916,Checking or savings account,Checking or savings account
2025-09-23,16076890,Credit reporting or other personal consumer reports,Credit reporting or other personal consumer reports
2025-08-25,15507111,"Money transfer, virtual currency, or money service",Checking or savings account
2025-11-26,17893160,Mortgage,Mortgage
2025-07-19,14753299,Credit card,Credit card
2025-11-04,17018576,Credit card,Credit card
2025-10-14,16562366,Credit reporting or other personal consumer reports,Credit reporting or other personal consumer reports
2025-07-21,14771408,Checking or savings account,Checking or savings account
2025-11-29,17917981,Credit card,Credit card
2025-07-14,14650626,Checking or savings account,Checking or savings account
2025-12-29,18337326,Checking or savings account,Credit card
2025-11-26,17943280,Checking or savings account,Checking or savings account
2025-12-14,18029286,Debt collection,Credit reporting or other personal consumer reports
2025-07-09,14549689,Checking or savings account,Checking or savings account
2025-10-31,16941907,Checking or savings account,Checking or savings account
2025-08-28,15588767,Debt collection,Debt collection
2025-07-26,14904307,Credit card,Credit card
2025-09-14,15931779,Credit reporting or other personal consumer reports,Credit reporting or other personal consumer reports
2025-07-02,14416526,Checking or savings account,"Money transfer, virtual currency, or money service"
2025-07-16,14678793,Credit reporting or other personal consumer reports,Credit reporting or other personal consumer reports
2026-01-06,18507230,Checking or savings account,Checking or savings account
2025-12-04,18146298,Checking or savings account,Credit reporting or other personal consumer reports
2025-08-25,15499355,Checking or savings account,Checking or savings account
2025-10-22,16715922,Credit card,Credit card
2025-10-24,16811535,Checking or savings account,Checking or savings account
2025-08-13,15259320,Credit card,Credit card
2025-11-04,17011057,Credit card,Credit card
2025-07-13,14620720,Checking or savings account,Checking or savings account
2025-12-23,18245620,Checking or savings account,Checking or savings account
2025-09-22,16069516,"Money transfer, virtual currency, or money service",Checking or savings account
2026-01-06,18491319,Credit card,Credit card
2025-09-09,15815005,Debt collection,Checking or savings account
2026-01-29,19114240,Credit card,Credit card
2026-01-13,18694980,Credit card,Credit card
2025-09-12,15915350,Credit card,Credit card
2025-11-06,17031215,Credit reporting or other personal consumer reports,Credit reporting or other personal consumer reports
2025-08-08,15174051,Credit reporting or other personal consumer reports,Credit reporting or other personal consumer reports
2025-11-25,17879426,"Money transfer, virtual currency, or money service","Money transfer, virtual currency, or money service"
2025-10-28,16876846,Checking or savings account,Checking or savings account
2025-12-31,18391901,Checking or savings account,Checking or savings account
2025-11-06,17075857,Credit card,Credit card
2025-08-26,15488300,Credit card,Credit card
2026-01-26,19011612,Vehicle loan or lease,Vehicle loan or lease
2025-08-27,15553844,Credit card,Credit card
2025-11-21,17413631,Credit card,Credit card
2025-09-10,15836563,Credit card,Credit card
2025-11-19,17366405,"Money transfer, virtual currency, or money service",Checking or savings account
2025-11-15,17244007,Credit card,Debt collection
2025-08-02,15028902,Credit card,Credit card
2025-11-25,17927649,Mortgage,Mortgage
2025-12-23,18236616,Checking or savings account,Checking or savings account
2025-10-21,16736005,Checking or savings account,Checking or savings account
2025-07-29,14956217,Credit card,Credit reporting or other personal consumer reports
2026-01-27,19044005,Checking or savings account,Checking or savings account
2025-12-27,18311247,"Money transfer, virtual currency, or money service",Checking or savings account
2026-01-14,18726419,Checking or savings account,"Money transfer, virtual currency, or money service"
2025-11-07,17095939,Credit card,Credit card
2025-07-26,14889086,Credit card,Credit card
2025-08-18,15354110,Credit card,Credit card
2025-11-16,17870888,Credit card,Credit card
2025-09-16,15959374,Credit card,Credit card
2025-10-02,16324713,Debt collection,Debt collection
2025-07-07,14489111,Checking or savings account,Checking or savings account
2025-08-22,15456061,Checking or savings account,Checking or savings account
2025-10-06,16400078,Checking or savings account,Checking or savings account
2026-01-28,19086724,Checking or savings account,Checking or savings account
2025-11-17,17303146,Checking or savings account,Checking or savings account
2026-01-09,18612666,Checking or savings account,Checking or savings account
2026-01-07,18521690,Credit card,Credit card
2025-11-12,17157173,Checking or savings account,Checking or savings account
2025-07-14,14648881,Credit card,Credit card
2025-09-06,15754927,Checking or savings account,Checking or savings account
2025-08-09,15187291,Checking or savings account,Checking or savings account
2026-01-26,19013833,Credit card,Credit card
2025-07-20,14786862,Checking or savings account,Checking or savings account
2025-11-18,17331145,Credit card,Credit card
2026-01-27,19049860,Credit card,Checking or savings account
2025-09-30,16282651,Credit card,Credit card
2025-10-29,16899805,Credit reporting or other personal consumer reports,Credit reporting or other personal consumer reports
2025-08-27,15552457,Credit card,Credit card
2025-08-24,15509397,Checking or savings account,Checking or savings account
2025-08-14,15289376,"Money transfer, virtual currency, or money service",Checking or savings account
2025-11-07,17093924,Credit reporting or other personal consumer reports,Credit reporting or other personal consumer reports
2025-11-21,17402069,Credit card,Credit card
2025-11-29,17953597,Credit card,Credit card
2025-09-04,15723592,Checking or savings account,Checking or savings account
2025-09-30,16236169,Checking or savings account,Checking or savings account
2025-07-30,14938867,Credit card,Credit card
2026-01-26,19013352,Checking or savings account,Checking or savings account
2025-11-13,17225696,Checking or savings account,Checking or savings account
2025-07-25,14878712,Checking or savings account,Checking or savings account
2025-09-26,16200778,Checking or savings account,Checking or savings account
2025-12-16,18065912,Checking or savings account,Checking or savings account
2025-11-14,17253440,Checking or savings account,Checking or savings account
2025-12-23,18259228,Checking or savings account,Checking or savings account
2025-10-02,16319971,Checking or savings account,"Money transfer, virtual currency, or money service"
2025-11-06,17084122,Checking or savings account,Checking or savings account
2025-07-07,14505522,Credit card,Credit card
2026-01-26,18997595,Checking or savings account,Checking or savings account
2026-01-19,18830165,Debt collection,Credit reporting or other personal consumer reports
2025-08-08,15174879,Checking or savings account,Checking or savings account
2025-08-28,15582401,Checking or savings account,Checking or savings account
2026-01-24,18978416,Vehicle loan or lease,Debt collection
2025-08-14,15253389,Checking or savings account,Checking or savings account
2026-01-03,18439561,Credit card,Credit card
2025-12-15,18053224,Credit card,Credit card
2026-01-29,19114734,Credit card,Credit card
2025-11-17,17309183,Checking or savings account,Checking or savings account
2025-10-03,16361204,Checking or savings account,Checking or savings account
2026-01-09,18612096,"Money transfer, virtual currency, or money service","Money transfer, virtual currency, or money service"
2025-10-01,16292214,Credit card,Checking or savings account
2025-11-18,17291814,Credit reporting or other personal consumer reports,"Money transfer, virtual currency, or money service"
2025-12-16,18090648,Credit reporting or other personal consumer reports,Credit reporting or other personal consumer reports
2025-10-29,16910854,Checking or savings account,Checking or savings account
2026-01-04,18449785,Credit card,Credit card
2025-12-16,18060074,Checking or savings account,Credit card
2025-12-29,18349293,"Money transfer, virtual currency, or money service","Money transfer, virtual currency, or money service"
2025-07-06,14476006,"Money transfer, virtual currency, or money service",Checking or savings account
2026-01-30,19123599,Mortgage,Mortgage
2025-08-10,15196716,Credit card,Credit card
2025-11-07,17099303,Credit card,Credit card
2025-11-22,17449755,Checking or savings account,Checking or savings account
2025-09-28,16230297,Checking or savings account,Checking or savings account
2026-01-29,19112107,Checking or savings account,Checking or savings account
2025-12-15,18047110,Credit card,Credit reporting or other personal consumer reports
2025-11-17,17294739,Checking or savings account,Checking or savings account
2025-08-20,15418927,Checking or savings account,Checking or savings account
2025-08-12,15224351,Checking or savings account,Checking or savings account
2025-09-22,16071747,Checking or savings account,Credit reporting or other personal consumer reports
2025-08-23,15479289,Checking or savings account,Checking or savings account
2025-11-23,17828349,Checking or savings account,Checking or savings account
2025-09-19,16046517,Credit reporting or other personal consumer reports,Credit reporting or other personal consumer reports
2025-07-02,14416861,Checking or savings account,Checking or savings account
2025-12-01,17888000,"Money transfer, virtual currency, or money service",Checking or savings account
2025-09-24,16149608,Credit card,Credit card
2025-07-21,14767246,Credit card,Credit card
2025-11-17,17305376,Checking or savings account,Credit card
2025-07-19,14758018,Credit card,Credit reporting or other personal consumer reports
2025-12-09,17856571,Checking or savings account,Checking or savings account
2025-07-22,14812362,Credit card,Credit card
2025-09-15,15950143,Checking or savings account,Checking or savings account
2025-09-24,16150730,Checking or savings account,Credit card
2025-09-12,15909574,Credit card,Credit card
2025-09-05,15743536,Checking or savings account,Checking or savings account
2025-09-16,15968502,Checking or savings account,Checking or savings account
2026-01-07,18538689,Mortgage,Mortgage
2026-01-26,19016652,Checking or savings account,Checking or savings account
2025-12-25,18279761,Checking or savings account,Checking or savings account
2025-10-08,16447378,Credit reporting or other personal consumer reports,Credit reporting or other personal consumer reports
2025-08-20,15403561,Checking or savings account,Credit card
2025-12-30,18379640,Credit card,Credit reporting or other personal consumer reports
2025-08-10,15181440,Checking or savings account,Checking or savings account
2026-01-21,18903936,Checking or savings account,Checking or savings account
2025-07-26,14904460,Checking or savings account,Checking or savings account
2025-07-01,14388468,"Money transfer, virtual currency, or money service","Money transfer, virtual currency, or money service"
2025-11-17,17305646,Checking or savings account,Credit card
2025-08-18,15355099,Checking or savings account,Checking or savings account
2026-01-25,18992703,Credit card,Credit card
2025-10-09,16468666,Checking or savings account,Credit reporting or other personal consumer reports
2026-01-08,18551923,Credit card,Credit card
2025-11-14,17264264,"Money transfer, virtual currency, or money service","Money transfer, virtual currency, or money service"
2025-10-27,16838994,Checking or savings account,Checking or savings account
2025-10-25,16815658,Checking or savings account,Checking or savings account
2025-11-20,17405720,"Money transfer, virtual currency, or money service","Money transfer, virtual currency, or money service"
2025-08-21,15432934,Checking or savings account,Checking or savings account
2025-11-21,17417043,Checking or savings account,Checking or savings account
2026-01-26,19014709,Credit card,Credit reporting or other personal consumer reports
2025-11-26,17887395,Credit card,Credit card
2025-12-10,17909274,Mortgage,Mortgage
2025-11-20,17979378,Credit card,Credit reporting or other personal consumer reports
2026-01-08,18558451,Credit card,Credit reporting or other personal consumer reports
2025-11-19,17360311,Checking or savings account,Checking or savings account
2025-12-03,18076575,Checking or savings account,Checking or savings account
2025-11-19,17358126,Checking or savings account,Checking or savings account
2025-11-12,17188596,Checking or savings account,Checking or savings account
2025-12-08,17819073,"Money transfer, virtual currency, or money service","Money transfer, virtual currency, or money service"
2025-12-31,18395703,Checking or savings account,Checking or savings account
2025-07-26,14896188,Credit card,Credit card
2025-10-01,16292231,Credit card,Credit card
2025-10-23,16738590,Checking or savings account,"Money transfer, virtual currency, or money service"
2025-09-06,15767247,Checking or savings account,Credit card
2026-01-21,18895688,Credit card,Checking or savings account
2025-10-10,16511407,Checking or savings account,Checking or savings account
2025-12-18,18152434,Credit reporting or other personal consumer reports,Credit reporting or other personal consumer reports
2025-10-10,16510249,Credit card,Checking or savings account
2025-08-02,15021718,Debt collection,Credit reporting or other personal consumer reports
2025-12-26,18296529,Checking or savings account,Checking or savings account
2025-11-10,17141855,Checking or savings account,Checking or savings account
2025-09-10,15808572,Checking or savings account,Checking or savings account
2025-07-30,14982433,Checking or savings account,Checking or savings account
2025-08-05,15102354,"Money transfer, virtual currency, or money service","Money transfer, virtual currency, or money service"
2025-11-17,17311751,Credit card,Credit card
2025-09-18,16010489,Checking or savings account,Checking or savings account
2025-07-30,14984067,Credit card,Credit card
2025-07-25,14883078,Checking or savings account,Checking or savings account
2025-12-30,18364517,Checking or savings account,Checking or savings account
2025-11-04,17012520,Checking or savings account,Credit card
2025-08-14,15295725,Checking or savings account,"Money transfer, virtual currency, or money service"
2025-10-22,16739662,Credit card,Credit card
2025-07-16,14673331,Credit reporting or other personal consumer reports,Credit reporting or other personal consumer reports
2026-01-20,18859336,Checking or savings account,Checking or savings account
2025-09-27,16224057,Checking or savings account,Checking or savings account
2025-08-12,15205621,Credit reporting or other personal consumer reports,Credit reporting or other personal consumer reports
2025-11-07,17095590,Checking or savings account,Checking or savings account
2025-08-11,15219016,Credit reporting or other personal consumer reports,Credit reporting or other personal consumer reports
2025-08-01,15036616,Checking or savings account,Checking or savings account
2025-10-15,16601354,Debt collection,Credit reporting or other personal consumer reports
2025-07-27,14898845,Credit card,Credit card
2025-08-18,15357069,Credit card,Credit card
2025-08-11,15220672,Checking or savings account,Checking or savings account
2025-11-04,16978949,Checking or savings account,Checking or savings account
2026-01-13,18701238,Mortgage,Mortgage
2026-01-23,18943024,Checking or savings account,Checking or savings account
2025-09-15,15927323,Credit card,Checking or savings account
2025-08-11,15220329,Credit card,Credit card
2025-07-29,14948634,Credit card,Credit card
2025-07-24,14861801,Credit reporting or other personal consumer reports,Credit reporting or other personal consumer reports
2026-01-28,19078748,Credit card,Credit card
2025-12-03,18116327,Checking or savings account,"Money transfer, virtual currency, or money service"
2025-10-22,16731240,Checking or savings account,Checking or savings account
2026-01-02,18416383,Credit card,Credit card
2025-10-15,16597997,Credit reporting or other personal consumer reports,Credit reporting or other personal consumer reports
2025-10-25,16792766,Checking or savings account,Checking or savings account
2025-11-06,17080299,Checking or savings account,Checking or savings account
2025-08-14,15272171,Checking or savings account,Checking or savings account
2025-12-27,18320982,Credit reporting or other personal consumer reports,Credit reporting or other personal consumer reports
2025-07-29,14916938,Vehicle loan or lease,Vehicle loan or lease
2025-09-29,16237859,"Money transfer, virtual currency, or money service",Checking or savings account
2025-10-27,16823517,"Money transfer, virtual currency, or money service","Money transfer, virtual currency, or money service"
2025-10-16,16635062,Credit card,Checking or savings account
2025-08-25,15505409,Checking or savings account,Checking or savings account
2025-07-23,14844683,Credit card,Credit card
2025-08-27,15551445,Debt collection,Debt collection
2025-07-23,14836211,Mortgage,Mortgage
2025-11-13,17224573,Credit card,Credit card
2025-12-28,18326568,Credit card,Credit card
2025-10-21,16724878,Checking or savings account,Checking or savings account
2025-12-16,18076648,Credit card,Credit card
2026-01-08,18563519,Checking or savings account,Checking or savings account
2025-11-18,17874308,Debt collection,Credit card
2025-11-16,17285470,Checking or savings account,Checking or savings account
2025-07-30,14981132,Checking or savings account,"Money transfer, virtual currency, or money service"
2025-07-08,14519260,Checking or savings account,"Money transfer, virtual currency, or money service"
2025-08-07,15146902,Credit reporting or other personal consumer reports,Credit reporting or other personal consumer reports
2025-11-14,17256632,"Money transfer, virtual currency, or money service","Money transfer, virtual currency, or money service"
2025-11-21,17798638,Checking or savings account,Checking or savings account
2025-07-14,14646843,Credit reporting or other personal consumer reports,Credit reporting or other personal consumer reports
2025-07-05,14464285,Credit card,Credit reporting or other personal consumer reports
2025-08-05,15090936,Checking or savings account,"Money transfer, virtual currency, or money service"
2025-11-06,17031245,Debt collection,Credit reporting or other personal consumer reports
2026-01-21,18878972,Checking or savings account,Checking or savings account
2025-07-14,14646249,Checking or savings account,Checking or savings account
2025-09-12,15914454,Credit card,Checking or savings account
2025-10-07,16417912,"Money transfer, virtual currency, or money service","Money transfer, virtual currency, or money service"
2025-10-08,16447955,Credit card,Credit reporting or other personal consumer reports
2025-12-28,18323349,Checking or savings account,Checking or savings account
2025-10-13,16553675,Checking or savings account,Checking or savings account
2025-08-10,15195033,Debt collection,Debt collection
2025-10-30,16916406,Checking or savings account,Checking or savings account
2025-08-24,15507566,Credit card,Credit card
2025-11-24,17866827,Credit card,Credit card
2025-10-31,16943978,Credit card,Credit card
2025-08-26,15528731,Checking or savings account,Checking or savings account
2025-08-20,15399539,Checking or savings account,Checking or savings account
2026-01-21,18881053,Checking or savings account,Checking or savings account
2026-01-13,18693222,Debt collection,Credit reporting or other personal consumer reports
2025-10-30,16922773,Credit card,Credit card
2025-08-21,15396653,Checking or savings account,Checking or savings account
2025-12-30,18359206,Checking or savings account,Checking or savings account
2026-01-27,19047129,Credit card,Credit card
2025-08-11,15210454,Checking or savings account,Checking or savings account
2025-10-23,16783093,Checking or savings account,Checking or savings account
2025-07-03,14444661,"Money transfer, virtual currency, or money service","Money transfer, virtual currency, or money service"
2025-09-10,15849611,Checking or savings account,"Money transfer, virtual currency, or money service"
2025-11-11,17167577,Credit reporting or other personal consumer reports,Credit reporting or other personal consumer reports
2025-08-19,15378099,Checking or savings account,Checking or savings account
2025-12-24,18270875,"Money transfer, virtual currency, or money service","Money transfer, virtual currency, or money service"
2025-09-05,15746132,Credit card,Credit card
2025-09-10,15848836,Debt collection,Credit reporting or other personal consumer reports
2025-12-15,18057250,Credit card,Credit card
2025-08-05,15095966,Checking or savings account,Checking or savings account
2025-10-10,16510936,"Money transfer, virtual currency, or money service","Money transfer, virtual currency, or money service"
2025-09-12,15906713,Checking or savings account,Checking or savings account
2025-08-12,15227510,Checking or savings account,Checking or savings account
2025-09-29,16239838,Checking or savings account,Checking or savings account
2025-07-01,14391059,Credit reporting or other personal consumer reports,Credit reporting or other personal consumer reports
2025-09-05,15745880,Debt collection,Debt collection
2025-11-28,17894660,Credit reporting or other personal consumer reports,Credit reporting or other personal consumer reports
2026-01-29,19111284,Checking or savings account,Checking or savings account
2026-01-21,18908314,Checking or savings account,Checking or savings account
2025-09-04,15717883,Checking or savings account,Checking or savings account
2025-08-13,15249018,Checking or savings account,Checking or savings account
2026-01-05,18464371,Checking or savings account,Checking or savings account
2025-09-01,15650487,Credit card,Credit card
2025-07-13,14624168,Checking or savings account,Checking or savings account
2025-07-04,14472419,Checking or savings account,Checking or savings account
2025-08-03,15053177,Credit reporting or other personal consumer reports,Credit reporting or other personal consumer reports
2025-12-31,18386721,Credit card,Credit card
2025-11-28,17927068,Credit reporting or other personal consumer reports,Credit reporting or other personal consumer reports
2025-07-12,14612875,Credit card,Credit card
2025-10-01,16302287,Credit card,Credit card
2025-10-06,16401187,Checking or savings account,Checking or savings account
2025-12-16,18085312,Mortgage,Credit card
2025-10-01,16301053,Credit card,Credit card
2025-08-08,15155062,Credit reporting or other personal consumer reports,Credit card
2025-07-29,14948358,Checking or savings account,Checking or savings account
2025-12-18,18147648,Checking or savings account,Checking or savings account
2025-07-18,14743071,Checking or savings account,Credit card
2025-10-05,16375376,Checking or savings account,Credit card
2025-08-12,15222302,Debt collection,Debt collection
2025-08-19,15385703,Checking or savings account,Checking or savings account
2026-01-06,18507560,Credit card,Credit card
2025-12-29,18343029,Checking or savings account,Credit card
2025-07-13,14619001,Checking or savings account,Checking or savings account
2025-11-03,16995788,"Money transfer, virtual currency, or money service","Money transfer, virtual currency, or money service"
2025-11-30,18043714,Checking or savings account,Checking or savings account
2025-07-05,14501424,Checking or savings account,Checking or savings account
2025-10-15,16583456,Credit reporting or other personal consumer reports,Credit reporting or other personal consumer reports
2025-10-31,16958349,Credit card,Credit card
2025-07-31,15000411,Credit card,Credit card
2026-01-21,18899201,Checking or savings account,Checking or savings account
2025-09-13,15925100,Checking or savings account,Checking or savings account
2025-08-01,15039741,Credit card,Checking or savings account
2025-11-14,17217194,Checking or savings account,Checking or savings account
2025-11-20,17979465,Checking or savings account,Checking or savings account
2025-12-16,18078110,Credit card,Credit card
2025-07-25,14876175,Checking or savings account,Checking or savings account
2025-12-04,17757885,"Money transfer, virtual currency, or money service","Money transfer, virtual currency, or money service"
2025-08-17,15327644,Debt collection,Credit reporting or other personal consumer reports
2025-09-16,15982372,Credit card,Credit card
2026-01-02,18432717,Checking or savings account,Checking or savings account
2025-12-25,18280222,Credit card,Credit card
2025-07-18,14743795,Credit card,Credit card
2025-10-14,16562491,Credit card,Credit card
2025-08-30,15626475,Checking or savings account,Checking or savings account
2025-12-01,18079675,Mortgage,Mortgage
2025-07-01,14382582,Checking or savings account,Checking or savings account
2025-07-02,14423471,"Money transfer, virtual currency, or money service","Money transfer, virtual currency, or money service"
2026-01-29,19105859,Mortgage,Mortgage
2025-12-28,18328899,Credit card,Credit card
2025-10-15,16591702,Checking or savings account,Credit card
2026-01-20,18867668,Credit card,Checking or savings account
2025-11-14,17255184,Checking or savings account,Checking or savings account
2026-01-05,18466484,Checking or savings account,Checking or savings account
2025-09-15,15946689,Credit card,Credit card
2025-08-01,14988932,Credit card,Credit card
2025-09-28,16231630,Credit card,Checking or savings account
2025-09-05,15743344,Credit card,Credit card
2025-08-28,15574534,"Money transfer, virtual currency, or money service","Money transfer, virtual currency, or money service"
2025-11-12,17187125,Checking or savings account,Checking or savings account
2025-09-30,16279301,Credit card,Credit card
2025-10-03,16344757,Checking or savings account,Checking or savings account
2025-11-21,17801418,Checking or savings account,Checking or savings account
2025-10-01,16301582,Credit card,Credit reporting or other personal consumer reports
2025-11-25,17829588,Checking or savings account,Checking or savings account
2025-07-30,14975972,Checking or savings account,Checking or savings account
2025-11-11,17135125,Checking or savings account,Checking or savings account
2025-10-25,16819000,Checking or savings account,Checking or savings account
2025-11-30,17921319,Checking or savings account,Checking or savings account
2025-11-15,17274044,Credit card,Credit card
2025-11-28,17984146,Credit card,Credit card
2025-07-10,14570874,Vehicle loan or lease,Vehicle loan or lease
2026-01-06,18515722,Checking or savings account,"Money transfer, virtual currency, or money service"
2025-12-30,18366816,Checking or savings account,Checking or savings account
2025-12-29,18351543,Credit card,Credit card
2025-07-03,14444628,Credit card,Credit card
2025-11-20,17405787,Checking or savings account,Checking or savings account
2026-01-22,18929040,Credit card,Credit card
2025-08-28,15568010,Checking or savings account,Checking or savings account
2025-12-24,18268797,Credit reporting or other personal consumer reports,Credit reporting or other personal consumer reports
2025-11-19,17360856,Credit card,Credit card
2025-09-11,15878696,Credit card,Credit card
2025-11-11,17160670,Mortgage,Mortgage
2025-08-19,15384980,Mortgage,Mortgage
2025-09-05,15744453,Checking or savings account,Checking or savings account
2025-07-22,14766778,Credit reporting or other personal consumer reports,Credit reporting or other personal consumer reports
2025-10-30,16933741,Credit card,Credit card
2025-08-08,15178887,Checking or savings account,Checking or savings account
2026-01-14,18711715,Checking or savings account,Checking or savings account
2026-01-07,18542602,Checking or savings account,Credit card
2025-08-12,15229890,Credit card,Credit card
2025-08-18,15342056,Checking or savings account,Checking or savings account
2025-08-13,15275723,Credit card,Credit card
2025-07-18,14732352,Mortgage,Mortgage
2026-01-09,18608215,Checking or savings account,Checking or savings account
2025-09-05,15758316,Checking or savings account,Checking or savings account
2025-09-29,16244130,Checking or savings account,Checking or savings account
2025-09-18,16011040,Credit card,Credit card
2025-10-20,16711362,Vehicle loan or lease,Vehicle loan or lease
2025-07-08,14490197,Checking or savings account,"Money transfer, virtual currency, or money service"
2025-11-27,17841477,Mortgage,Mortgage
2025-10-06,16395349,Credit card,Credit card
2025-08-05,15091801,Checking or savings account,Checking or savings account
2026-01-29,19107291,Checking or savings account,Checking or savings account
2025-10-20,16699879,Credit card,Credit card
2026-01-20,18853488,Checking or savings account,Checking or savings account
2025-09-24,16149505,"Money transfer, virtual currency, or money service","Money transfer, virtual currency, or money service"
2025-09-05,15732962,Credit card,Credit reporting or other personal consumer reports
2025-07-08,14493202,Checking or savings account,Checking or savings account
2026-01-22,18926342,Checking or savings account,Checking or savings account
2025-08-07,15147560,Checking or savings account,Checking or savings account
2025-09-15,15956622,Credit card,Debt collection
2025-09-17,15999608,Checking or savings account,Checking or savings account
2025-07-30,14982476,Checking or savings account,Checking or savings account
2025-11-14,17249320,Checking or savings account,Credit card
2025-12-18,18135400,Checking or savings account,Checking or savings account
2025-08-20,15414029,Credit reporting or other personal consumer reports,Credit reporting or other personal consumer reports
2025-10-25,16816782,Credit reporting or other personal consumer reports,Credit reporting or other personal consumer reports
2025-12-09,17887716,Vehicle loan or lease,Vehicle loan or lease
2025-10-17,16661948,Checking or savings account,Credit reporting or other personal consumer reports
2025-07-01,14388030,Credit card,Credit card
2026-01-23,18949390,Checking or savings account,Checking or savings account
2025-12-18,18129502,Checking or savings account,Checking or savings account
2025-11-06,17079821,Credit card,Credit card
2025-11-17,17310666,Checking or savings account,Checking or savings account
2025-09-09,15815721,Mortgage,Mortgage
2026-01-21,18908283,Checking or savings account,Credit card
2025-12-02,18005135,Credit reporting or other personal consumer reports,Credit reporting or other personal consumer reports
2025-09-02,15678834,Checking or savings account,Checking or savings account
2025-10-03,16350106,Checking or savings account,Checking or savings account
2025-10-20,16678151,Credit card,Credit card
2025-12-02,18081520,Credit card,Credit card
2025-09-09,15786970,Checking or savings account,Checking or savings account
2025-11-13,17231764,Checking or savings account,Checking or savings account
2025-09-04,15720100,Checking or savings account,Checking or savings account
2026-01-07,18519941,Credit card,Credit reporting or other personal consumer reports
2025-12-07,17814764,Credit card,Credit card
2025-07-01,14390999,Checking or savings account,Checking or savings account
2026-01-20,18868692,Mortgage,Mortgage
2025-12-31,18394275,Checking or savings account,Checking or savings account
2025-07-01,14391786,Credit card,Credit card
2025-08-01,15011167,Checking or savings account,Checking or savings account
2025-10-07,16402997,Credit reporting or other personal consumer reports,Checking or savings account
2025-10-31,16946965,Checking or savings account,Checking or savings account
2025-11-11,17174458,Credit card,Credit card
2025-11-18,17341168,Checking or savings account,Checking or savings account
2025-11-11,17176329,Checking or savings account,Credit reporting or other personal consumer reports
2025-08-06,15115415,Checking or savings account,Checking or savings account
2025-07-22,14766262,Credit card,Credit card
2025-12-08,17853203,Credit card,Credit card
2025-10-24,16796113,Credit card,Credit reporting or other personal consumer reports
2025-12-08,17837248,Credit card,Credit card
2026-01-02,18419882,Checking or savings account,Checking or savings account
2025-07-14,14628477,Credit reporting or other personal consumer reports,Credit reporting or other personal consumer reports
2025-10-10,16490204,Checking or savings account,Checking or savings account
2025-11-05,17008375,Credit card,Credit card
2025-10-22,16759807,Checking or savings account,Checking or savings account
2025-10-30,16930978,Checking or savings account,Checking or savings account
2025-09-23,16099980,"Money transfer, virtual currency, or money service","Money transfer, virtual currency, or money service"
2025-12-30,18359253,Credit card,Credit card
2025-09-11,15867611,Checking or savings account,Checking or savings account
2025-11-16,17282352,Credit reporting or other personal consumer reports,Credit reporting or other personal consumer reports
2026-01-20,18866711,Credit card,Credit card
2025-11-05,17053587,Credit card,Credit reporting or other personal consumer reports
2025-08-29,15569478,Checking or savings account,Checking or savings account
2026-01-29,19100502,Credit card,Credit card
2025-09-19,16061811,Credit card,Credit card
2025-11-29,17889764,Checking or savings account,"Money transfer, virtual currency, or money service"
2025-11-10,18338188,Checking or savings account,Checking or savings account
2026-01-27,19052850,Checking or savings account,Checking or savings account
2025-09-11,15876581,Checking or savings account,Checking or savings account
2025-08-26,15527028,Checking or savings account,Checking or savings account
2025-12-23,18238645,Credit card,Credit card
2025-12-23,18257930,Checking or savings account,Checking or savings account
2025-07-10,14569898,Checking or savings account,Checking or savings account
2026-01-25,18991458,Checking or savings account,Checking or savings account
2025-10-08,16451921,Checking or savings account,Checking or savings account
2025-08-11,15216751,Checking or savings account,Checking or savings account
2026-01-13,18670871,Credit card,Credit card
2026-01-30,19122412,Checking or savings account,Checking or savings account
2026-01-30,19128166,Checking or savings account,Checking or savings account
2025-08-09,15186837,Checking or savings account,Checking or savings account
2026-01-20,18860205,Checking or savings account,Checking or savings account
2025-07-29,14950974,Checking or savings account,Checking or savings account
2025-08-20,15397967,Credit card,Credit card
2025-08-08,15179096,Credit reporting or other personal consumer reports,Credit reporting or other personal consumer reports
2025-12-04,18148664,Credit reporting or other personal consumer reports,Credit reporting or other personal consumer reports
2025-08-13,15270802,Checking or savings account,Checking or savings account
2026-01-11,18635493,Checking or savings account,Checking or savings account
2025-11-05,17031749,Checking or savings account,Checking or savings account
2025-08-22,15460587,Checking or savings account,Checking or savings account
2025-07-28,14930578,Checking or savings account,Credit card
2025-10-30,16922230,Credit card,Credit card
2025-12-18,18147210,Credit card,Credit card
2025-08-14,15285250,"Money transfer, virtual currency, or money service","Money transfer, virtual currency, or money service"
2025-08-03,15017632,Credit card,Credit card
2025-07-19,14752964,Debt collection,Debt collection
2025-11-13,17210112,"Money transfer, virtual currency, or money service","Money transfer, virtual currency, or money service"
2025-10-27,16832164,Credit card,Credit card
2025-07-14,14651158,Credit reporting or other personal consumer reports,Credit reporting or other personal consumer reports
2025-08-13,15257017,Credit reporting or other personal consumer reports,Checking or savings account
2025-12-05,17763892,Checking or savings account,Checking or savings account
2025-10-15,16605867,Credit card,Credit card
2025-08-18,15357399,Checking or savings account,Checking or savings account
2025-09-19,16059220,Checking or savings account,Checking or savings account
2025-11-15,17273992,Credit card,Credit card
2025-12-08,17824523,Checking or savings account,Checking or savings account
2025-08-11,15193894,Credit card,Credit card
2025-12-15,18032040,Credit card,Credit card
2025-09-26,16204487,Checking or savings account,"Money transfer, virtual currency, or money service"
2025-07-12,14617112,Credit reporting or other personal consumer reports,Credit card
2025-07-21,14772883,Credit reporting or other personal consumer reports,Credit reporting or other personal consumer reports
2025-08-25,15505364,Credit reporting or other personal consumer reports,Vehicle loan or lease
2026-01-24,18979397,Checking or savings account,Credit card
2025-11-26,17920888,"Money transfer, virtual currency, or money service","Money transfer, virtual currency, or money service"
2025-11-11,17172985,"Money transfer, virtual currency, or money service",Checking or savings account
2026-01-02,18416577,Checking or savings account,Checking or savings account
2025-08-12,15205268,Debt collection,Checking or savings account
2026-01-02,18418335,Vehicle loan or lease,Mortgage
2025-10-24,16799732,Checking or savings account,Checking or savings account
2025-10-02,16333634,Checking or savings account,Checking or savings account
2025-09-11,15878684,Checking or savings account,Checking or savings account
2025-09-29,16250974,Credit card,Credit reporting or other personal consumer reports
2025-11-13,17208803,Checking or savings account,Checking or savings account
2025-12-27,18317710,Checking or savings account,Checking or savings account
2025-08-30,15619095,Credit reporting or other personal consumer reports,Credit card
2025-11-18,17327795,Mortgage,Mortgage
2026-01-03,18445213,Checking or savings account,Checking or savings account
2025-12-23,18257218,Credit card,Credit card
2025-11-05,17041152,Vehicle loan or lease,Vehicle loan or lease
2025-11-25,17886466,Checking or savings account,Checking or savings account
2025-10-19,16679323,Credit reporting or other personal consumer reports,Credit reporting or other personal consumer reports
2025-10-28,16885256,Checking or savings account,Checking or savings account
2026-01-08,18554060,Checking or savings account,Checking or savings account
2025-08-21,15421863,Checking or savings account,Credit card
2025-11-17,17306497,Credit card,Checking or savings account
2025-09-22,16079049,Credit card,Credit card
2025-07-15,14640422,Checking or savings account,Checking or savings account
2025-09-16,15979094,Checking or savings account,Checking or savings account
2025-09-03,15698050,Credit card,Credit card
2025-11-07,17099619,Vehicle loan or lease,Vehicle loan or lease
2025-07-26,14873345,Credit reporting or other personal consumer reports,Credit reporting or other personal consumer reports
2025-08-17,15340183,Credit reporting or other personal consumer reports,Credit card
2025-08-03,15017435,"Money transfer, virtual currency, or money service",Checking or savings account
2025-11-16,17280417,Checking or savings account,Checking or savings account
2025-11-26,17962767,Checking or savings account,Checking or savings account
2025-10-08,16432158,Credit card,Credit card
2025-09-17,16002673,Checking or savings account,Checking or savings account
2025-11-16,17283857,Credit card,Credit card
2025-12-23,18256131,"Money transfer, virtual currency, or money service","Money transfer, virtual currency, or money service"
2026-01-02,18431727,"Money transfer, virtual currency, or money service","Money transfer, virtual currency, or money service"
2025-07-04,14467038,Checking or savings account,Checking or savings account
2026-01-07,18549001,Credit card,Credit card
2025-07-07,14495378,Checking or savings account,Checking or savings account
2025-12-18,18149194,Vehicle loan or lease,Vehicle loan or lease
2025-08-27,15553428,Checking or savings account,Checking or savings account
2025-07-10,14569426,Credit card,Credit reporting or other personal consumer reports
2025-09-04,15727867,Checking or savings account,Checking or savings account
2025-08-16,15320962,Checking or savings account,Checking or savings account
2025-10-06,16386416,Credit card,Credit card
2025-08-26,15488853,Checking or savings account,Checking or savings account
2025-09-03,15688848,Credit reporting or other personal consumer reports,Credit card
2026-01-13,18690735,Checking or savings account,Checking or savings account
2025-11-25,17883291,Debt collection,Debt collection
2026-01-07,18546548,"Money transfer, virtual currency, or money service","Money transfer, virtual currency, or money service"
2025-10-14,16563294,Credit card,Credit card
2025-11-21,17420786,Credit card,Credit card
2025-09-16,15966930,Checking or savings account,Checking or savings account
2025-07-24,14858794,Checking or savings account,Checking or savings account
2025-08-14,15293529,Checking or savings account,Checking or savings account
2025-10-16,16632488,Credit reporting or other personal consumer reports,Credit reporting or other personal consumer reports
2025-12-29,18346167,Checking or savings account,Checking or savings account
2025-07-31,15001939,Checking or savings account,Checking or savings account
2025-07-25,14876657,Checking or savings account,Checking or savings account
2025-08-11,15214303,Credit card,Credit card
2025-07-01,14388653,Credit reporting or other personal consumer reports,Credit reporting or other personal consumer reports
2025-08-21,15436806,"Money transfer, virtual currency, or money service",Checking or savings account
2026-01-14,18714939,Checking or savings account,Checking or savings account
2025-08-28,15592149,"Money transfer, virtual currency, or money service",Checking or savings account
2025-07-18,14740037,Checking or savings account,Checking or savings account
2025-11-13,17226781,Credit card,Credit card
2026-01-06,18493958,Mortgage,Mortgage
2025-12-05,17760060,Checking or savings account,Checking or savings account
2025-09-26,16190782,Debt collection,Credit reporting or other personal consumer reports
2025-12-24,18274600,Credit reporting or other personal consumer reports,Credit reporting or other personal consumer reports
2025-07-21,14773740,Checking or savings account,Checking or savings account
2026-01-22,18928483,Vehicle loan or lease,Vehicle loan or lease
2025-09-07,15778722,Checking or savings account,Checking or savings account
2025-12-16,18083516,Mortgage,Credit reporting or other personal consumer reports
2025-09-12,15915390,Checking or savings account,Checking or savings account
2025-07-23,14843518,Checking or savings account,Checking or savings account
2025-11-18,17340674,Checking or savings account,Checking or savings account
2025-08-11,15207543,Credit card,Credit card
2025-11-14,17212267,Checking or savings account,Checking or savings account
2025-11-16,17268363,Checking or savings account,Checking or savings account
2025-10-02,16322460,Credit card,Credit card
2025-07-19,14751801,Credit reporting or other personal consumer reports,Credit reporting or other personal consumer reports
2025-07-10,14573231,Credit reporting or other personal consumer reports,Credit reporting or other personal consumer reports
2025-09-04,15686023,Checking or savings account,"Money transfer, virtual currency, or money service"
2025-10-20,16706239,Credit card,Credit card
2025-10-01,16298026,Checking or savings account,Checking or savings account
2025-08-12,15222203,Credit card,Credit card
2025-08-13,15255708,Checking or savings account,Checking or savings account
2026-01-07,18533423,Checking or savings account,Checking or savings account
2025-12-04,18145773,Credit card,Credit card
2025-09-05,15710463,"Money transfer, virtual currency, or money service",Checking or savings account
2025-07-29,14951465,Credit reporting or other personal consumer reports,Credit card
2026-01-08,18579827,"Money transfer, virtual currency, or money service","Money transfer, virtual currency, or money service"
2026-01-15,18739776,Checking or savings account,Checking or savings account
2025-08-27,15549012,Checking or savings account,Checking or savings account
2025-12-15,18047243,Credit card,Credit card
2025-09-08,15805492,"Money transfer, virtual currency, or money service","Money transfer, virtual currency, or money service"
2025-07-29,14943345,Checking or savings account,"Money transfer, virtual currency, or money service"
2026-01-19,18834914,Checking or savings account,Checking or savings account
2025-10-24,16797801,Checking or savings account,Checking or savings account
2025-07-31,14963163,Checking or savings account,Checking or savings account
2025-09-05,15747733,Checking or savings account,Checking or savings account
2025-09-05,15742564,Credit card,Credit card
2025-08-31,15631460,Checking or savings account,Checking or savings account
2025-12-10,17905982,"Money transfer, virtual currency, or money service",Checking or savings account
2025-07-08,14522308,Checking or savings account,Checking or savings account
2025-12-29,18343716,Credit card,Checking or savings account
2025-12-04,18145778,Credit card,Credit card
2025-08-06,15108060,Credit reporting or other personal consumer reports,Credit reporting or other personal consumer reports
2026-01-07,18547481,Debt collection,Debt collection
2025-09-05,15740686,Checking or savings account,Checking or savings account
2025-11-12,17156129,Debt collection,Debt collection
2025-10-28,16837500,Credit reporting or other personal consumer reports,Credit reporting or other personal consumer reports
2025-08-22,15451364,Checking or savings account,Checking or savings account
2025-10-28,16865875,Credit card,Checking or savings account
2026-01-28,19077426,Checking or savings account,Checking or savings account
2025-09-04,15713168,Checking or savings account,Checking or savings account
2025-09-24,16156454,Checking or savings account,Checking or savings account
2025-11-26,17919156,"Money transfer, virtual currency, or money service",Checking or savings account
2025-10-08,16449212,Checking or savings account,Checking or savings account
2025-08-19,15376357,Checking or savings account,Checking or savings account
2026-01-25,18994176,Checking or savings account,Checking or savings account
2025-10-13,16539881,Credit card,Credit card
2025-08-18,15361347,"Money transfer, virtual currency, or money service","Money transfer, virtual currency, or money service"
2025-12-03,18074621,Credit card,Credit card
2025-09-29,16255282,Credit card,Credit card
2025-07-01,14388722,Checking or savings account,Checking or savings account
2025-07-23,14795150,Mortgage,Mortgage
2025-07-01,14392430,Checking or savings account,Checking or savings account
2025-11-06,17072267,Checking or savings account,Checking or savings account
2025-09-30,16281328,Credit card,Checking or savings account
2025-07-11,14589639,Checking or savings account,Checking or savings account
2026-01-26,19006960,Mortgage,Credit reporting or other personal consumer reports
2025-08-24,15480795,"Money transfer, virtual currency, or money service",Checking or savings account
2025-12-04,18145682,Credit card,Credit reporting or other personal consumer reports
2025-09-08,15806058,Checking or savings account,Checking or savings account
2025-08-29,15606611,Credit card,Credit card
2025-08-13,15270920,Checking or savings account,Checking or savings account
2025-10-22,16751013,Credit card,Credit card
2026-01-12,18659851,Credit card,Credit card
2025-12-22,18217094,Checking or savings account,Checking or savings account
2025-07-14,14649903,"Money transfer, virtual currency, or money service",Checking or savings account
2025-11-17,17298037,Credit card,Credit card
2025-09-21,16115482,Credit card,Credit card
2025-11-21,17411329,Checking or savings account,Checking or savings account
2025-09-19,16053638,Checking or savings account,Checking or savings account
2025-07-11,14606418,Checking or savings account,Checking or savings account
2025-07-06,14479027,Checking or savings account,Checking or savings account
2025-11-05,17051692,Debt collection,Credit reporting or other personal consumer reports
2025-12-30,18368997,Checking or savings account,Checking or savings account
2026-01-08,18552922,Checking or savings account,Checking or savings account
2025-08-13,15224304,"Money transfer, virtual currency, or money service",Checking or savings account
2025-10-09,16470600,Checking or savings account,Checking or savings account
2026-01-21,18890439,Checking or savings account,Checking or savings account
2026-01-29,19116421,Checking or savings account,Checking or savings account
2025-11-13,17221235,Credit reporting or other personal consumer reports,Credit reporting or other personal consumer reports
2025-08-27,15547290,Credit card,Credit card
2025-10-16,16637358,Checking or savings account,Checking or savings account
2026-01-28,19086023,Credit card,Credit card
2025-08-19,15385911,Checking or savings account,Checking or savings account
2025-09-06,15767470,Checking or savings account,"Money transfer, virtual currency, or money service"
2025-07-11,14602175,Checking or savings account,Checking or savings account
2025-07-20,14790887,Checking or savings account,Credit reporting or other personal consumer reports
2025-08-21,15437627,Mortgage,Credit card
2025-10-02,16319672,Credit reporting or other personal consumer reports,Credit reporting or other personal consumer reports
2026-01-07,18533417,Checking or savings account,Checking or savings account
2025-08-29,15617056,"Money transfer, virtual currency, or money service","Money transfer, virtual currency, or money service"
2025-08-23,15481088,Checking or savings account,Checking or savings account
2025-07-14,14643851,Debt collection,Debt collection
2025-11-26,17870895,Debt collection,Credit card
2025-08-07,15147020,Checking or savings account,Checking or savings account
2025-07-16,14685579,"Money transfer, virtual currency, or money service","Money transfer, virtual currency, or money service"
2025-09-20,16119685,Checking or savings account,Checking or savings account
2025-07-20,14759398,Checking or savings account,Checking or savings account
2025-09-12,15911957,Credit card,Credit card
2025-10-27,16844483,Checking or savings account,Checking or savings account
2025-08-11,15214659,"Money transfer, virtual currency, or money service",Checking or savings account
2025-11-02,16972579,Checking or savings account,Checking or savings account
2025-07-03,14439312,Credit card,Credit card
2025-07-16,14684835,Checking or savings account,Checking or savings account
2025-08-07,15144158,"Money transfer, virtual currency, or money service","Money transfer, virtual currency, or money service"
2025-08-14,15292750,Checking or savings account,Checking or savings account
2025-08-29,15603586,Credit card,Credit card
2025-11-22,17765122,Vehicle loan or lease,Vehicle loan or lease
2025-12-04,18116610,"Money transfer, virtual currency, or money service","Money transfer, virtual currency, or money service"
2025-09-23,16132193,Mortgage,Mortgage
2025-11-19,17316822,Credit card,Credit card
2025-12-23,18256464,Checking or savings account,"Money transfer, virtual currency, or money service"
2025-07-14,14635144,Checking or savings account,Checking or savings account
2026-01-12,18652712,Checking or savings account,Checking or savings account
2025-11-26,17962705,Credit card,Credit card
2025-09-03,15693004,Checking or savings account,Checking or savings account
2025-07-15,14657188,Credit card,Credit card
2025-10-17,16655105,"Money transfer, virtual currency, or money service",Checking or savings account
2025-08-28,15575505,Mortgage,Mortgage
2025-11-10,17143993,Credit card,Credit card
2025-08-22,15455275,Checking or savings account,Debt collection
2025-11-06,17065740,Credit card,Credit card
2025-09-23,16134637,Credit card,Credit card
2025-09-03,15706064,Checking or savings account,Checking or savings account
2025-10-31,16949478,Credit reporting or other personal consumer reports,Mortgage
2025-12-15,18040267,Credit card,Credit card
2025-12-29,18334364,Checking or savings account,Checking or savings account
2026-01-28,19060636,Debt collection,Checking or savings account
2025-12-27,18318603,Credit card,Credit card
2025-09-13,15920434,Checking or savings account,Checking or savings account
2025-07-10,14536360,Checking or savings account,Checking or savings account
2025-11-16,17284518,Checking or savings account,Checking or savings account
2025-11-23,17834674,Credit reporting or other personal consumer reports,Credit reporting or other personal consumer reports
2026-01-23,18952376,Checking or savings account,Credit card
2025-07-23,14840123,Credit reporting or other personal consumer reports,Credit reporting or other personal consumer reports
2025-07-10,14576879,"Money transfer, virtual currency, or money service",Checking or savings account
2025-09-14,15930807,Credit card,Credit card
2025-08-29,15605972,Checking or savings account,Checking or savings account
2025-07-14,14651489,Checking or savings account,"Money transfer, virtual currency, or money service"
2026-01-19,18826013,Debt collection,Checking or savings account
2025-09-24,16161109,Checking or savings account,Checking or savings account
2026-01-02,18428404,Vehicle loan or lease,Vehicle loan or lease
2026-01-08,18552303,Credit card,Credit card
2025-08-15,15316397,Credit card,Credit card
2025-09-11,15886216,Checking or savings account,Checking or savings account
2025-12-02,17999970,"Money transfer, virtual currency, or money service",Checking or savings account
2025-11-15,17271952,Checking or savings account,Checking or savings account
2025-11-13,17219877,Credit card,Credit card
2025-11-10,18243748,Credit card,Credit card
2025-07-21,14767452,Credit card,Credit card
2026-01-30,19129839,Checking or savings account,Checking or savings account
2026-01-29,19095754,Credit card,Credit card
2026-01-30,19140089,Credit card,Credit card
2026-01-27,19042228,Debt collection,Credit reporting or other personal consumer reports
2025-07-12,14614049,Credit reporting or other personal consumer reports,Credit reporting or other personal consumer reports
2025-10-02,16334573,Credit card,Credit reporting or other personal consumer reports
2025-09-26,16213188,Checking or savings account,Checking or savings account
2025-11-24,17874315,Credit card,Credit card
2025-12-03,18114718,Checking or savings account,Checking or savings account
2025-12-01,17996933,Checking or savings account,Checking or savings account
2025-08-12,15238436,"Money transfer, virtual currency, or money service",Checking or savings account
2025-11-29,17961155,Checking or savings account,Checking or savings account
2026-01-09,18610675,Credit card,Credit card
2025-08-06,15126973,Checking or savings account,Checking or savings account
2025-12-24,18271349,Credit card,Credit card
2025-10-26,16828635,Checking or savings account,Checking or savings account
2025-10-24,16797473,Credit reporting or other personal consumer reports,Credit reporting or other personal consumer reports
2025-11-04,17986128,"Money transfer, virtual currency, or money service",Checking or savings account
2025-08-05,15092084,Checking or savings account,Checking or savings account
2025-10-16,16619024,Checking or savings account,Checking or savings account
2025-09-13,15920403,Credit card,Credit card
2025-10-10,16463924,Checking or savings account,Checking or savings account
2025-11-01,16966514,Credit reporting or other personal consumer reports,Credit reporting or other personal consumer reports
2025-09-04,15712211,Checking or savings account,Checking or savings account
2025-07-07,14494226,Credit card,Credit card
2025-07-02,14412806,Checking or savings account,"Money transfer, virtual currency, or money service"
2025-09-28,16225990,Checking or savings account,Mortgage
2025-07-29,14954579,Checking or savings account,Checking or savings account
2025-08-05,15095391,Checking or savings account,Checking or savings account
2025-09-25,16149640,Checking or savings account,Checking or savings account
2025-09-01,15650839,Checking or savings account,Checking or savings account
2025-07-31,15006694,Checking or savings account,Checking or savings account
2025-09-18,16021279,"Money transfer, virtual currency, or money service",Checking or savings account
2025-10-13,16545136,Vehicle loan or lease,Credit reporting or other personal consumer reports
2025-12-01,18053388,Credit card,Credit card
2025-09-05,15744118,Checking or savings account,Checking or savings account
2025-12-25,18279321,Checking or savings account,Checking or savings account
2025-11-25,17840046,Credit card,Credit card
2025-10-16,16622615,Checking or savings account,Checking or savings account
2025-07-04,14469637,Credit card,Credit card
2025-08-11,15208153,Debt collection,Debt collection
2025-07-15,14662610,Checking or savings account,Checking or savings account
2025-08-13,15273445,Checking or savings account,Checking or savings account
2025-11-27,17991633,Credit card,Credit card
2025-12-21,18209314,Credit card,Checking or savings account
2025-11-28,17987380,"Money transfer, virtual currency, or money service","Money transfer, virtual currency, or money service"
2026-01-02,18413681,Checking or savings account,Checking or savings account
2025-08-03,15015961,Checking or savings account,Checking or savings account
2025-07-15,14640035,Checking or savings account,Checking or savings account
2025-11-12,17189785,Vehicle loan or lease,Vehicle loan or lease
2025-08-21,15443040,Vehicle loan or lease,Checking or savings account
2025-08-18,15345633,Checking or savings account,Checking or savings account
2025-10-14,16574137,Checking or savings account,Checking or savings account
2025-10-14,16560535,Checking or savings account,Checking or savings account
2025-07-01,14391052,Credit reporting or other personal consumer reports,Credit card
2025-07-31,15004457,Credit card,Credit card
2025-07-07,14507082,Checking or savings account,Checking or savings account
2026-01-24,18972285,"Money transfer, virtual currency, or money service","Money transfer, virtual currency, or money service"
2025-11-23,17453779,Checking or savings account,Checking or savings account
2025-08-17,15336952,"Money transfer, virtual currency, or money service","Money transfer, virtual currency, or money service"
2025-08-26,15539255,Credit card,Credit card
2025-11-10,17137478,Checking or savings account,Checking or savings account
2025-09-05,15710819,Checking or savings account,Checking or savings account
2025-09-04,15684415,"Money transfer, virtual currency, or money service",Checking or savings account
2025-07-16,14684823,Credit card,Credit card
2025-10-15,16584063,Checking or savings account,Checking or savings account
2025-09-04,15724039,Debt collection,Debt collection
2025-11-14,17246858,Debt collection,Credit reporting or other personal consumer reports
2025-11-10,17145329,Checking or savings account,Checking or savings account
2025-08-21,15443899,Credit card,Credit card
2025-08-20,15401734,Credit card,Credit card
2026-01-14,18715269,Credit card,Credit card
2025-12-28,18330843,Checking or savings account,"Money transfer, virtual currency, or money service"
2025-11-17,17294933,Checking or savings account,Checking or savings account
2026-01-13,18686135,Checking or savings account,Checking or savings account
2025-09-25,16140731,Checking or savings account,Checking or savings account
2025-08-27,15563948,"Money transfer, virtual currency, or money service",Checking or savings account
2025-08-23,15477051,Credit card,Credit card
2026-01-11,18636324,Checking or savings account,Checking or savings account
2025-10-21,16718945,Checking or savings account,Checking or savings account
2025-10-25,16815412,Checking or savings account,Checking or savings account
2025-08-24,15474527,Checking or savings account,Checking or savings account
2025-10-01,16292043,Checking or savings account,Checking or savings account
2025-12-09,17897644,Credit card,Credit card
2025-11-24,17830604,Checking or savings account,Credit card
2026-01-08,18575515,Checking or savings account,Checking or savings account
2026-01-08,18556514,Mortgage,Mortgage
2025-08-27,15551854,Checking or savings account,Checking or savings account
2025-07-15,14656968,Debt collection,Checking or savings account
2025-08-30,15623449,Checking or savings account,Checking or savings account
2025-12-04,17759743,Checking or savings account,Checking or savings account
2025-10-20,16693799,Credit card,Credit card
2026-01-12,18659616,Checking or savings account,Checking or savings account
2025-07-09,14540745,Credit card,Credit reporting or other personal consumer reports
2025-10-15,16595141,"Money transfer, virtual currency, or money service","Money transfer, virtual currency, or money service"
2026-01-14,18721900,Checking or savings account,Checking or savings account
2025-12-31,18397737,Checking or savings account,Checking or savings account
2025-12-03,18114091,Credit card,Credit reporting or other personal consumer reports
2026-01-06,18498229,Credit card,Credit card
2025-08-04,15075638,Checking or savings account,Credit card
2025-08-22,15425255,Checking or savings account,Checking or savings account
2026-01-18,18818424,Credit card,Credit card
2025-10-29,16897260,"Money transfer, virtual currency, or money service","Money transfer, virtual currency, or money service"
2025-11-21,17427346,Checking or savings account,Checking or savings account
2025-09-27,16218973,Credit card,Credit card
2025-07-01,14389207,Checking or savings account,Checking or savings account
2025-10-29,16892581,Checking or savings account,Checking or savings account
2025-11-20,17389799,Credit card,Credit card
2025-07-31,14992569,Credit reporting or other personal consumer reports,Credit reporting or other personal consumer reports
2025-11-08,17113813,Checking or savings account,Checking or savings account
2025-09-01,15651647,Checking or savings account,Checking or savings account
2025-08-21,15433870,Credit card,Credit card
2025-07-12,14615858,"Money transfer, virtual currency, or money service",Checking or savings account
2025-08-18,15350323,"Money transfer, virtual currency, or money service",Checking or savings account
2026-01-07,18524749,Credit card,Credit reporting or other personal consumer reports
2025-08-09,15188000,Checking or savings account,Checking or savings account
2025-12-28,18330423,Credit card,Credit card
2025-10-08,16439484,Mortgage,Mortgage
2025-07-31,14994110,Checking or savings account,"Money transfer, virtual currency, or money service"
2025-09-26,16206591,Credit card,Credit card
2025-12-08,17845937,Credit reporting or other personal consumer reports,Credit reporting or other personal consumer reports
2026-01-22,18934090,Checking or savings account,"Money transfer, virtual currency, or money service"
2025-09-02,15638425,Credit reporting or other personal consumer reports,Credit reporting or other personal consumer reports
2025-12-25,18280529,Credit card,Credit card
2025-11-05,17006002,Debt collection,Credit reporting or other personal consumer reports
2025-08-19,15376996,Checking or savings account,Checking or savings account
2025-07-29,14955960,Vehicle loan or lease,Vehicle loan or lease
2025-10-23,16780995,Credit card,Credit card
2025-10-23,16788566,Checking or savings account,Checking or savings account
2025-08-11,15220548,Checking or savings account,Credit card
2026-01-13,18697858,Credit card,Checking or savings account
2025-08-12,15233039,Checking or savings account,Checking or savings account
2026-01-21,18884686,"Money transfer, virtual currency, or money service","Money transfer, virtual currency, or money service"
2025-10-29,16892500,Mortgage,Mortgage
2025-12-04,18139953,Checking or savings account,"Money transfer, virtual currency, or money service"
2025-07-16,14696639,Checking or savings account,Checking or savings account
2025-09-11,15867257,Checking or savings account,Credit card
2025-07-31,14992353,Credit reporting or other personal consumer reports,Credit reporting or other personal consumer reports
2025-10-02,16334294,Credit card,Credit card
2025-07-09,14541618,Credit card,Credit card
2026-01-10,18627472,Checking or savings account,Checking or savings account
2025-11-18,17335069,Credit card,Credit card
2025-10-14,16568591,Credit card,Credit card
2025-12-04,18148632,Checking or savings account,Checking or savings account
2025-08-17,15338026,Credit card,Checking or savings account
2025-07-07,14495075,Credit card,Credit card
2025-07-02,14411146,"Money transfer, virtual currency, or money service",Credit card
2025-12-08,17836750,Checking or savings account,Checking or savings account
2026-01-23,18947100,Checking or savings account,Checking or savings account
2025-09-26,16193510,Checking or savings account,Checking or savings account
2025-08-16,15329715,Checking or savings account,Credit card
2026-01-26,19017136,Checking or savings account,Checking or savings account
2025-12-08,17848711,Checking or savings account,Checking or savings account
2025-07-03,14410986,Credit card,Debt collection
2025-09-04,15712743,Checking or savings account,"Money transfer, virtual currency, or money service"
2026-01-14,18717121,Checking or savings account,Checking or savings account
2025-08-26,15535146,Credit card,Checking or savings account
2025-11-22,17411269,Credit card,Checking or savings account
2025-08-27,15563726,Credit reporting or other personal consumer reports,Credit reporting or other personal consumer reports
2025-10-06,16372559,Credit card,Credit reporting or other personal consumer reports
2025-08-18,15351387,Checking or savings account,Checking or savings account
2025-09-29,16256267,Checking or savings account,Checking or savings account
2025-10-02,16303911,Credit card,Credit card
2025-11-04,16982008,Checking or savings account,Checking or savings account
2025-11-10,17122308,Credit reporting or other personal consumer reports,Credit reporting or other personal consumer reports
2025-07-17,14724902,Credit reporting or other personal consumer reports,Checking or savings account
2025-12-18,18141337,Checking or savings account,Checking or savings account
2025-08-08,15136617,Credit card,Credit card
2025-07-13,14610847,Credit reporting or other personal consumer reports,Debt collection
2026-01-19,18837276,Mortgage,Mortgage
2025-07-22,14804289,Credit card,Credit card
2025-09-10,15848350,Checking or savings account,Checking or savings account
2026-01-01,18405386,Checking or savings account,Checking or savings account
2025-11-03,16993511,Checking or savings account,Checking or savings account
2025-08-25,15501687,Checking or savings account,Checking or savings account
2025-08-03,15017819,Credit card,Credit card
2025-09-16,15982581,Checking or savings account,Checking or savings account
2025-11-19,17370045,Credit card,Credit card
2025-11-01,16959887,Credit card,Credit card
2025-07-01,14399317,Checking or savings account,Checking or savings account
2025-08-30,15608017,Credit card,Credit card
2026-01-05,18467833,Checking or savings account,Checking or savings account
2025-08-25,15501657,Credit card,Credit card
2025-07-17,14715246,Checking or savings account,Checking or savings account
2025-09-04,15684172,Checking or savings account,Checking or savings account
2025-09-29,16239110,Credit card,Credit reporting or other personal consumer reports
2025-07-02,14425388,"Money transfer, virtual currency, or money service",Checking or savings account
2025-07-11,14591088,Checking or savings account,Checking or savings account
2025-11-21,17413714,Debt collection,Credit card
2025-11-05,17051091,Checking or savings account,Mortgage
2025-11-17,17311736,"Money transfer, virtual currency, or money service",Checking or savings account
2026-01-20,18876763,Checking or savings account,Checking or savings account
2025-08-24,15507455,Checking or savings account,Checking or savings account
2025-09-10,15842730,Checking or savings account,Checking or savings account
2025-07-27,14908192,Credit card,Credit card
2025-07-01,14385666,Checking or savings account,Checking or savings account
2026-01-14,18727343,Checking or savings account,Checking or savings account
2025-07-22,14798276,Credit card,Credit card
2025-07-25,14874660,"Money transfer, virtual currency, or money service",Credit card
2025-07-01,14396274,Checking or savings account,"Money transfer, virtual currency, or money service"
2025-12-26,18306831,Checking or savings account,Checking or savings account
2025-10-05,16375295,Vehicle loan or lease,Credit card
2025-07-18,14730650,Checking or savings account,Checking or savings account
2025-12-24,18268524,Debt collection,Credit card
2025-07-25,14880005,Vehicle loan or lease,Vehicle loan or lease
2025-08-11,15213044,Credit card,Credit card
2025-12-16,18061786,Mortgage,Mortgage
2025-12-16,18074452,Credit card,Credit card
2025-08-25,15502902,Checking or savings account,Checking or savings account
2025-11-07,17062873,Checking or savings account,Checking or savings account
2025-07-23,14845672,Checking or savings account,Checking or savings account
2025-10-16,16627273,Checking or savings account,"Money transfer, virtual currency, or money service"
2026-01-23,18954130,Checking or savings account,"Money transfer, virtual currency, or money service"
2025-07-06,14477501,Credit card,Checking or savings account
2025-07-11,14602386,Credit card,Credit card
2025-07-16,14688168,Checking or savings account,Checking or savings account
2025-07-29,14941849,Checking or savings account,Checking or savings account
2025-07-06,14479395,"Money transfer, virtual currency, or money service",Checking or savings account
2025-08-27,15557678,Debt collection,Debt collection
2025-09-01,15641349,Checking or savings account,Checking or savings account
2025-09-05,15761864,Credit card,Credit card
2025-11-08,17111232,Credit card,Credit card
2025-09-11,15881394,Checking or savings account,Credit reporting or other personal consumer reports
2025-08-19,15382961,Checking or savings account,Checking or savings account
2025-12-15,18030510,Credit card,Credit card
2025-12-31,18397903,Checking or savings account,Credit card
2025-12-03,18138898,Debt collection,Debt collection
2025-09-21,16111714,Credit card,Credit reporting or other personal consumer reports
2025-07-24,14848793,Checking or savings account,Checking or savings account
2025-12-01,18043012,Credit card,Credit card
2025-09-07,15777673,Checking or savings account,Credit card
2025-10-30,16932940,"Money transfer, virtual currency, or money service",Checking or savings account
2025-10-15,16588098,"Money transfer, virtual currency, or money service","Money transfer, virtual currency, or money service"
2025-10-25,16817742,Checking or savings account,Checking or savings account
2026-01-28,19067418,Checking or savings account,Checking or savings account
2025-10-30,16890723,Credit card,Credit reporting or other personal consumer reports
2025-08-11,15221425,Credit card,Credit card
2025-07-04,14467459,Credit reporting or other personal consumer reports,Credit reporting or other personal consumer reports
2025-10-28,16868385,Checking or savings account,Credit card
2025-11-12,17156345,Credit card,Credit reporting or other personal consumer reports
2025-09-12,15894222,Checking or savings account,Checking or savings account
2025-08-23,15477430,Credit reporting or other personal consumer reports,Credit reporting or other personal consumer reports
2026-01-29,19110365,Checking or savings account,Checking or savings account
2025-07-17,14713407,Credit card,Credit card
2025-07-16,14687320,Checking or savings account,"Money transfer, virtual currency, or money service"
2025-10-14,16576958,Credit card,Credit reporting or other personal consumer reports
2025-11-22,17763317,Checking or savings account,Checking or savings account
2025-12-31,18395250,Mortgage,Mortgage
2025-08-01,15045851,Checking or savings account,Checking or savings account
2025-08-12,15235728,Credit card,Credit card
2025-09-15,15946047,Credit card,Credit card
2026-01-06,18508489,Credit card,Credit card
2025-08-24,15510029,Mortgage,Credit reporting or other personal consumer reports
2026-01-08,18556125,Mortgage,Mortgage
2026-01-26,19015308,"Money transfer, virtual currency, or money service",Checking or savings account
2025-07-28,14929060,Debt collection,Debt collection
2025-12-29,18333499,"Money transfer, virtual currency, or money service",Checking or savings account
2025-10-02,16287884,Checking or savings account,Checking or savings account
2025-12-31,18391282,Credit card,Credit card
2025-07-29,14948132,Checking or savings account,Checking or savings account
2025-07-23,14835906,Checking or savings account,Checking or savings account
2025-09-04,15712907,"Money transfer, virtual currency, or money service","Money transfer, virtual currency, or money service"
2025-12-22,18225394,Credit card,Credit reporting or other personal consumer reports
2025-12-04,18141991,Checking or savings account,Checking or savings account
2025-09-04,15722695,Checking or savings account,Checking or savings account
2026-01-08,18556593,Checking or savings account,Credit card
2025-08-05,15090368,Credit card,Credit card
2025-12-02,18090300,Checking or savings account,Checking or savings account
2026-01-13,18673350,Checking or savings account,Checking or savings account
2025-09-15,15940637,Mortgage,Mortgage
2025-08-18,15346156,Checking or savings account,Checking or savings account
2025-07-07,14508164,Checking or savings account,Checking or savings account
2025-12-26,18307950,Checking or savings account,Checking or savings account
2025-11-12,17191768,Checking or savings account,"Money transfer, virtual currency, or money service"
2025-09-24,16148450,Credit card,Credit card
2025-07-08,14523902,Checking or savings account,Checking or savings account
2025-07-31,15005093,Checking or savings account,Checking or savings account
2025-10-15,16604470,Credit card,Credit reporting or other personal consumer reports
2025-08-03,15017483,Debt collection,Credit card
2025-10-09,17829721,Credit card,Credit reporting or other personal consumer reports
2025-11-18,17331625,Checking or savings account,Checking or savings account
2025-07-11,14588840,Checking or savings account,Checking or savings account
2025-08-19,15371481,"Money transfer, virtual currency, or money service","Money transfer, virtual currency, or money service"
2025-07-25,14883609,Checking or savings account,Checking or savings account
2025-07-24,14864807,Credit card,Credit reporting or other personal consumer reports
2026-01-05,18468665,Credit card,Credit card
2025-08-12,15237181,Checking or savings account,Checking or savings account
2026-01-28,19073883,Mortgage,Mortgage
2025-10-30,16920333,"Money transfer, virtual currency, or money service",Checking or savings account
2025-10-15,16592729,Checking or savings account,Checking or savings account
2025-11-20,17797365,Credit reporting or other personal consumer reports,Credit reporting or other personal consumer reports
2025-07-26,14872740,Credit reporting or other personal consumer reports,Credit reporting or other personal consumer reports
2025-08-15,15307566,Credit card,Credit card
2025-11-04,17012992,Checking or savings account,Checking or savings account
2025-07-17,14708879,Checking or savings account,Checking or savings account
2025-11-13,17209039,Checking or savings account,Checking or savings account
2025-12-15,18044676,Credit reporting or other personal consumer reports,Credit reporting or other personal consumer reports
2025-10-30,16927490,Checking or savings account,Checking or savings account
2025-09-30,16260438,Credit card,Credit card
2025-11-21,17433224,Credit card,Credit card
2025-08-25,15503810,Checking or savings account,Checking or savings account
2025-12-03,18138943,Checking or savings account,Checking or savings account
2025-11-26,17918871,Credit card,Credit reporting or other personal consumer reports
2025-08-28,15589455,Checking or savings account,Checking or savings account
2025-08-05,15089428,Checking or savings account,Checking or savings account
2025-07-13,14620458,Credit reporting or other personal consumer reports,Credit reporting or other personal consumer reports
2025-08-20,15406201,"Money transfer, virtual currency, or money service","Money transfer, virtual currency, or money service"
2026-01-03,18444229,Credit card,Credit card
2025-08-08,15178471,Debt collection,Debt collection
2025-08-07,15148674,Credit reporting or other personal consumer reports,Credit reporting or other personal consumer reports
2025-12-23,18247166,Credit card,Checking or savings account
2025-09-16,15963962,Checking or savings account,Checking or savings account
2025-12-02,18076169,Credit reporting or other personal consumer reports,Credit reporting or other personal consumer reports
2026-01-15,18738820,Checking or savings account,Checking or savings account
2025-11-06,17072906,Checking or savings account,"Money transfer, virtual currency, or money service"
2025-11-24,17874314,Vehicle loan or lease,Vehicle loan or lease
2025-09-30,16270508,Checking or savings account,Checking or savings account
2025-10-24,16801494,Checking or savings account,Checking or savings account
2025-09-19,16057201,Checking or savings account,Checking or savings account
2026-01-28,19085350,Debt collection,Debt collection
2026-01-24,18980673,Credit card,Checking or savings account
2025-07-25,14878166,"Money transfer, virtual currency, or money service",Checking or savings account
2026-01-11,18635358,"Money transfer, virtual currency, or money service","Money transfer, virtual currency, or money service"
2026-01-03,18443442,Credit card,Credit card
2025-10-16,16634762,Checking or savings account,Checking or savings account
2025-10-15,16605361,Checking or savings account,Checking or savings account
2025-09-03,15707072,"Money transfer, virtual currency, or money service","Money transfer, virtual currency, or money service"
2025-07-15,14672514,Checking or savings account,Checking or savings account
2025-09-05,15710787,"Money transfer, virtual currency, or money service","Money transfer, virtual currency, or money service"
2025-09-08,15795013,Credit card,Credit reporting or other personal consumer reports
2025-08-01,15038443,Checking or savings account,"Money transfer, virtual currency, or money service"
2025-10-28,16860773,Credit card,Credit card
2025-11-27,17957087,Credit card,Credit card
2025-07-06,14476337,Checking or savings account,"Money transfer, virtual currency, or money service"
2025-11-13,17223320,Checking or savings account,Checking or savings account
2026-01-07,18550158,Checking or savings account,Checking or savings account
2025-10-14,16557131,Credit reporting or other personal consumer reports,Credit reporting or other personal consumer reports
2025-07-15,14628947,Credit card,Credit card
2025-11-25,17882600,Debt collection,Credit reporting or other personal consumer reports
2025-08-02,15020204,Credit reporting or other personal consumer reports,Credit reporting or other personal consumer reports
2025-07-15,14638394,Checking or savings account,Checking or savings account
2025-11-07,17061736,Debt collection,Vehicle loan or lease
2025-08-13,15266206,Credit reporting or other personal consumer reports,Credit reporting or other personal consumer reports
2025-11-19,17318293,Credit card,Credit card
2025-10-23,16769127,Checking or savings account,Checking or savings account
2025-07-31,14996052,Checking or savings account,Checking or savings account
2025-08-16,15332577,Credit reporting or other personal consumer reports,Credit reporting or other personal consumer reports
2025-07-25,14854888,Checking or savings account,"Money transfer, virtual currency, or money service"
2025-07-13,14624234,Credit card,Credit card
2025-10-27,16846977,Checking or savings account,Checking or savings account
2025-09-30,16281341,Credit card,Credit reporting or other personal consumer reports
2025-12-09,17901779,"Money transfer, virtual currency, or money service",Checking or savings account
2025-09-19,16059113,Debt collection,Debt collection
2025-07-16,14683237,Checking or savings account,Checking or savings account
2025-08-14,15291633,Credit card,Credit card
2025-10-14,16561428,Credit card,Credit card
2025-12-08,17851538,Checking or savings account,Checking or savings account
2025-11-13,17225857,Checking or savings account,Checking or savings account
2025-09-24,16155682,Credit card,Credit card
2025-12-18,18143381,Credit card,Credit card
2025-10-24,16813099,Checking or savings account,Checking or savings account
2025-12-31,18395114,Credit card,Credit card
2025-07-31,15009139,"Money transfer, virtual currency, or money service",Checking or savings account
2025-09-04,15721346,Credit card,Credit card
2025-09-12,15895387,Checking or savings account,"Money transfer, virtual currency, or money service"
2025-08-07,15133021,Credit card,Credit card
2025-08-04,15067764,"Money transfer, virtual currency, or money service","Money transfer, virtual currency, or money service"
2025-10-22,16752803,Credit card,Checking or savings account
2025-12-04,17996018,Credit card,Credit card
2025-11-19,17359185,Checking or savings account,Credit card
2025-08-12,15225745,Credit card,"Money transfer, virtual currency, or money service"
2025-07-08,14535538,Checking or savings account,"Money transfer, virtual currency, or money service"
2025-09-30,16256790,Credit card,Credit reporting or other personal consumer reports
2025-07-26,14902570,Credit card,Checking or savings account
2025-09-20,16075383,"Money transfer, virtual currency, or money service","Money transfer, virtual currency, or money service"
2025-07-11,14597132,"Money transfer, virtual currency, or money service","Money transfer, virtual currency, or money service"
2025-07-25,14883734,Checking or savings account,Checking or savings account
2025-09-01,15650106,Checking or savings account,Checking or savings account
2025-08-12,15228574,Checking or savings account,Checking or savings account
2025-08-10,15196624,Checking or savings account,Checking or savings account
2025-08-30,15624405,Checking or savings account,Checking or savings account
2025-08-17,15339955,Credit card,Credit card
2025-07-15,14673631,Credit reporting or other personal consumer reports,Credit card
2025-10-02,16303223,Credit reporting or other personal consumer reports,Credit card
2025-08-05,15065008,Credit card,Credit reporting or other personal consumer reports
2025-09-07,15764568,Checking or savings account,Checking or savings account
2025-11-02,16972654,Debt collection,Credit reporting or other personal consumer reports
2025-11-24,17830685,Credit card,Credit card
2025-12-23,18247653,Credit card,Credit card
2025-12-24,18275500,Checking or savings account,Checking or savings account
2026-01-27,19037554,Credit card,Credit card
2025-12-09,17883842,Checking or savings account,Checking or savings account
2026-01-01,18404427,Checking or savings account,Checking or savings account
2025-09-03,15690568,Checking or savings account,Checking or savings account
2025-11-19,17367756,"Money transfer, virtual currency, or money service",Checking or savings account
2025-12-03,18071787,Credit card,Credit card
2025-09-02,15664057,Checking or savings account,Checking or savings account
2025-07-24,14863047,Checking or savings account,Checking or savings account
2025-11-06,17069233,Checking or savings account,Credit card
2025-08-08,15137091,Checking or savings account,Checking or savings account
2026-01-28,19086728,"Money transfer, virtual currency, or money service","Money transfer, virtual currency, or money service"
2025-11-24,17880192,Credit card,Credit card
2025-12-08,17840129,Checking or savings account,Checking or savings account
2025-08-04,15068406,"Money transfer, virtual currency, or money service",Checking or savings account
2025-12-02,18076354,Credit card,Credit card
2025-07-22,14811748,Checking or savings account,Checking or savings account
2025-09-04,15723898,Checking or savings account,Checking or savings account
2025-10-28,16863466,Credit reporting or other personal consumer reports,Credit card
2025-09-10,15828715,"Money transfer, virtual currency, or money service",Checking or savings account
2025-11-21,17427710,Credit card,Credit card
2025-08-26,15536373,Credit card,Credit card
2025-07-14,14643968,Checking or savings account,Checking or savings account
2026-01-25,18992541,Credit card,Credit card
2026-01-11,18638157,Checking or savings account,Checking or savings account
2025-09-10,15809429,Credit card,Credit card
2025-08-11,15205836,Checking or savings account,Checking or savings account
2026-01-22,18909433,Credit card,Credit card
2025-07-11,14602507,Checking or savings account,Checking or savings account
2025-09-09,15788703,Vehicle loan or lease,Vehicle loan or lease
2025-10-03,16345990,Credit card,Credit card
2025-09-04,15712454,Credit card,Credit reporting or other personal consumer reports
2025-07-21,14768310,Credit card,Credit card
2025-09-12,15901314,Credit reporting or other personal consumer reports,Mortgage
2025-11-03,16987671,Debt collection,Debt collection
2025-07-28,14929888,Credit card,Credit card
2025-07-09,14541074,Credit card,Credit card
2025-09-04,15719518,"Money transfer, virtual currency, or money service",Checking or savings account
2025-08-26,15537015,Mortgage,Mortgage
2025-10-14,16576982,Checking or savings account,Checking or savings account
2025-09-26,16188264,Credit card,Credit card
2025-12-09,17866558,Credit card,Credit card
2025-10-15,16612017,Credit card,Credit card
2025-10-23,16783734,Checking or savings account,Checking or savings account
2026-01-27,19024054,Checking or savings account,Checking or savings account
2025-09-05,15758312,Vehicle loan or lease,Debt collection
2025-09-02,15670543,"Money transfer, virtual currency, or money service",Checking or savings account
2025-07-15,14656342,Checking or savings account,Checking or savings account
2025-12-29,18339292,Debt collection,Checking or savings account
2025-07-11,14566681,Checking or savings account,Checking or savings account
2025-09-05,15737020,Credit card,Credit card
2026-01-23,18953330,Credit card,Credit card
2025-11-21,17801151,Checking or savings account,Checking or savings account
2025-07-08,14522327,Credit card,Credit card
2026-01-14,18723965,"Money transfer, virtual currency, or money service",Credit card
2025-08-31,15631163,Checking or savings account,Checking or savings account
2025-07-02,14427237,Checking or savings account,Checking or savings account
2025-09-19,16057809,Checking or savings account,Checking or savings account
2025-07-08,14535018,Credit reporting or other personal consumer reports,Credit reporting or other personal consumer reports
2025-12-22,18227806,Credit card,Credit card
2025-12-08,17834102,Checking or savings account,Checking or savings account
2025-09-22,16085499,Debt collection,Debt collection
2025-08-12,15228917,Checking or savings account,Checking or savings account
2025-09-09,15786831,Credit card,Credit card
2025-09-04,15723982,Checking or savings account,Checking or savings account
2026-01-29,19117116,Credit card,Credit card
2025-12-03,18042650,Checking or savings account,Checking or savings account
2025-08-26,15488552,Credit card,Credit card
2025-12-09,17876050,Checking or savings account,Checking or savings account
2025-07-29,14916675,Checking or savings account,Checking or savings account
2025-09-05,15710207,Credit card,Credit card
2025-09-16,15981357,Credit card,Credit card
2025-08-11,15221467,Credit card,Checking or savings account
2025-10-29,16905693,Credit reporting or other personal consumer reports,Credit reporting or other personal consumer reports
2025-09-16,15979946,Credit card,Credit card
2025-09-30,16267230,Credit card,Credit card
2025-12-02,18083073,Credit card,Credit card
2025-11-07,17092319,Credit card,Credit card
2026-01-28,19078708,Credit card,Credit card
2025-08-05,15103376,"Money transfer, virtual currency, or money service","Money transfer, virtual currency, or money service"
2025-07-26,14902586,Checking or savings account,Checking or savings account
2025-10-08,16457877,"Money transfer, virtual currency, or money service",Checking or savings account
2025-10-03,16355197,Checking or savings account,Checking or savings account
2026-01-09,18596683,"Money transfer, virtual currency, or money service","Money transfer, virtual currency, or money service"
2025-07-03,14409939,Credit card,Credit reporting or other personal consumer reports
2025-10-31,16943921,Checking or savings account,Checking or savings account
2025-11-20,17400009,Credit card,Credit card
2025-08-17,15339652,"Money transfer, virtual currency, or money service",Checking or savings account
2025-10-14,17800947,Checking or savings account,Checking or savings account
2025-12-31,18398384,Checking or savings account,Credit card
2025-10-05,16373244,"Money transfer, virtual currency, or money service",Checking or savings account
2025-12-26,18304985,Checking or savings account,Checking or savings account
2025-08-06,15088628,Credit card,Credit card
2025-12-18,18135637,Credit card,Credit card
2025-12-31,18395109,Checking or savings account,Checking or savings account
2025-10-16,16625205,Credit card,Credit card
2025-11-30,17957873,Debt collection,Credit reporting or other personal consumer reports
2025-12-04,17758731,Checking or savings account,Checking or savings account
2025-11-22,17754055,Checking or savings account,Checking or savings account
2025-08-28,15579890,Debt collection,Debt collection
2025-10-29,16892335,Credit card,Credit card
2025-12-15,18057285,Checking or savings account,Checking or savings account
2026-01-07,18531708,Checking or savings account,Checking or savings account
2025-10-13,16535732,Credit reporting or other personal consumer reports,Credit card
2025-12-01,18052318,Mortgage,Mortgage
2025-09-19,16054864,Credit card,Credit card
2025-11-06,17060198,"Money transfer, virtual currency, or money service",Credit reporting or other personal consumer reports
2025-08-14,15291227,Checking or savings account,Checking or savings account
2025-07-01,14387503,Checking or savings account,Credit card
2025-09-06,15769611,"Money transfer, virtual currency, or money service","Money transfer, virtual currency, or money service"
2026-01-28,19063589,Checking or savings account,Checking or savings account
2025-08-08,15164608,Credit card,Credit card
2025-10-13,16535693,Checking or savings account,Checking or savings account
2026-01-07,18548033,Credit card,Credit card
2025-07-17,14711643,Checking or savings account,Checking or savings account
2025-09-05,15749925,Checking or savings account,Checking or savings account
2025-07-22,14811500,Checking or savings account,Checking or savings account
2025-10-07,16420120,Checking or savings account,Checking or savings account
2025-07-31,14990489,Credit card,Credit card
2025-08-24,15482201,Debt collection,Credit reporting or other personal consumer reports
2025-11-13,17238673,"Money transfer, virtual currency, or money service",Checking or savings account
2026-01-09,18598543,Checking or savings account,Checking or savings account
2025-10-22,16753165,Checking or savings account,Checking or savings account
2025-10-14,16585512,Checking or savings account,Checking or savings account
2025-07-23,14841807,Checking or savings account,Checking or savings account
2025-11-12,17157350,"Money transfer, virtual currency, or money service","Money transfer, virtual currency, or money service"
2026-01-13,18671422,Checking or savings account,Checking or savings account
2025-10-02,16320652,Mortgage,"Money transfer, virtual currency, or money service"
2025-12-01,17891191,Credit reporting or other personal consumer reports,Credit reporting or other personal consumer reports
2025-09-25,16165818,Checking or savings account,Checking or savings account
2025-08-28,15590497,Debt collection,Debt collection
2025-09-23,16132963,"Money transfer, virtual currency, or money service","Money transfer, virtual currency, or money service"
2025-08-21,15397007,Checking or savings account,Checking or savings account
2025-12-03,18107729,Checking or savings account,"Money transfer, virtual currency, or money service"
2026-01-24,18981826,Checking or savings account,"Money transfer, virtual currency, or money service"
2025-08-08,15172705,Credit card,Credit card
2025-11-28,17928764,Checking or savings account,Checking or savings account
2025-07-09,14555562,Checking or savings account,Checking or savings account
2025-11-20,17797867,Credit card,Credit card
2025-07-18,14731800,Credit card,Credit card
2025-09-05,15743054,Credit card,Credit card
2025-11-24,17828366,Vehicle loan or lease,Vehicle loan or lease
2025-08-06,15125452,Credit reporting or other personal consumer reports,Credit reporting or other personal consumer reports
2025-12-18,18139437,Checking or savings account,Checking or savings account
2025-08-25,15499296,Checking or savings account,Checking or savings account
2025-11-03,17000535,Credit card,Credit card
2025-09-24,16158934,Checking or savings account,Checking or savings account
2025-07-31,14997883,Debt collection,Checking or savings account
2025-11-25,17931770,Checking or savings account,Checking or savings account
2025-07-01,14395379,Credit card,Credit reporting or other personal consumer reports
2025-09-28,16216631,Checking or savings account,Checking or savings account
2025-09-24,16158453,Checking or savings account,Checking or savings account
2025-08-28,15593832,Credit card,Credit reporting or other personal consumer reports
2025-07-20,14784687,"Money transfer, virtual currency, or money service","Money transfer, virtual currency, or money service"
2025-11-17,17294277,Credit card,Credit card
2025-07-13,14623960,Credit reporting or other personal consumer reports,Credit card
2025-08-30,15627032,Vehicle loan or lease,Vehicle loan or lease
2025-09-13,15920916,Checking or savings account,Checking or savings account
2025-10-17,16666580,Checking or savings account,Checking or savings account
2025-09-26,16167022,Checking or savings account,Checking or savings account
2025-07-01,14363099,Credit reporting or other personal consumer reports,Credit reporting or other personal consumer reports
2026-01-26,19005816,Checking or savings account,Checking or savings account
2025-09-24,16154955,Checking or savings account,Checking or savings account
2025-09-11,15872821,"Money transfer, virtual currency, or money service",Checking or savings account
2025-07-02,14426236,Credit reporting or other personal consumer reports,Credit reporting or other personal consumer reports
2025-07-31,14985122,Checking or savings account,Checking or savings account
2025-08-01,15039573,Checking or savings account,Checking or savings account
2025-07-22,14765850,Credit card,Credit reporting or other personal consumer reports
2025-08-22,15447485,Checking or savings account,Checking or savings account
2026-01-28,19071634,Credit card,Credit card
2025-10-30,16924755,Credit card,Credit card
2025-11-03,16989709,Checking or savings account,Checking or savings account
2025-12-08,17840037,Credit card,Credit card
2025-11-30,17988132,Checking or savings account,Checking or savings account
2025-12-18,18152482,Credit card,Credit card
2025-10-08,16432389,Credit card,Credit reporting or other personal consumer reports
2025-07-13,14620933,Credit reporting or other personal consumer reports,Debt collection
2025-08-11,15214188,Checking or savings account,Checking or savings account
2025-09-23,16136523,Checking or savings account,Checking or savings account
2026-01-20,18857170,Credit card,Credit card
2025-09-12,15907538,Mortgage,Mortgage
2026-01-21,18898413,Checking or savings account,"Money transfer, virtual currency, or money service"
2025-08-11,15220466,Credit reporting or other personal consumer reports,Credit reporting or other personal consumer reports
2026-01-21,18897322,Checking or savings account,Credit reporting or other personal consumer reports
2025-08-17,15336554,Checking or savings account,Checking or savings account
2025-11-27,17984650,Mortgage,Mortgage
2025-09-27,16217824,Credit card,Credit card
2025-07-27,14908580,Checking or savings account,Checking or savings account
2025-11-17,17278646,Checking or savings account,Checking or savings account
2025-08-12,15235500,Checking or savings account,Checking or savings account
2025-09-24,16151787,Checking or savings account,Checking or savings account
2025-10-08,16452648,Checking or savings account,Checking or savings account
2025-08-14,15252756,Credit reporting or other personal consumer reports,Checking or savings account
2025-07-04,14472329,Credit card,Credit card
2026-01-01,18404973,Credit card,Credit card
2025-11-03,16985343,Credit card,Credit card
2025-10-27,16846909,Checking or savings account,Checking or savings account
2025-11-15,17271908,"Money transfer, virtual currency, or money service","Money transfer, virtual currency, or money service"
2025-08-24,15509770,Credit reporting or other personal consumer reports,Credit card
2025-09-24,16151384,Checking or savings account,Credit card
2025-11-29,17985809,Credit card,Credit card
2025-07-11,14600956,Mortgage,Mortgage
2025-07-05,14499422,"Money transfer, virtual currency, or money service","Money transfer, virtual currency, or money service"
2025-10-01,16309496,Checking or savings account,Checking or savings account
2025-08-04,15073653,Credit card,Checking or savings account
2025-07-09,14559113,Credit card,Credit card
2026-01-20,18863478,Checking or savings account,Credit card
2025-12-04,18169721,Checking or savings account,Checking or savings account
2025-10-02,16314560,"Money transfer, virtual currency, or money service",Checking or savings account
2025-07-13,14610397,Checking or savings account,Checking or savings account
2025-12-22,18217706,Credit card,Credit reporting or other personal consumer reports
2026-01-06,18495202,Checking or savings account,Checking or savings account
2025-10-10,16488393,Checking or savings account,Checking or savings account
2025-07-25,14882803,Vehicle loan or lease,Vehicle loan or lease
2025-07-10,14568317,Credit card,Credit card
2025-08-27,15549313,Vehicle loan or lease,Credit card
2025-07-10,14572596,Credit card,Credit card
2025-11-19,17369539,Credit reporting or other personal consumer reports,Credit card
2025-11-28,17922355,Checking or savings account,Checking or savings account
2026-01-12,18657580,Checking or savings account,Checking or savings account
2025-11-22,17773463,"Money transfer, virtual currency, or money service","Money transfer, virtual currency, or money service"
2025-08-26,15530224,Mortgage,Credit card
2026-01-06,18504500,Checking or savings account,Credit card
2025-08-31,15628171,Credit card,Credit card
2025-11-21,17419261,Credit card,Credit card
2025-07-08,14493166,Credit reporting or other personal consumer reports,Credit reporting or other personal consumer reports
2025-07-09,14542876,Credit card,Credit card
2025-07-22,14799014,Credit card,Credit card
2025-10-20,16698849,Checking or savings account,Checking or savings account
2026-01-07,18539067,Checking or savings account,Checking or savings account
2025-07-04,14465358,Credit reporting or other personal consumer reports,Credit card
2025-11-04,17022699,Checking or savings account,Checking or savings account
2026-01-24,18981040,Credit card,Credit card
2025-11-17,17304305,Credit card,Checking or savings account
2025-08-26,15535110,Credit card,Credit card
2025-12-18,18150467,Credit reporting or other personal consumer reports,Credit reporting or other personal consumer reports
2025-12-31,18386184,Checking or savings account,Checking or savings account
2025-07-04,14472153,Vehicle loan or lease,Vehicle loan or lease
2025-10-27,16831878,Checking or savings account,"Money transfer, virtual currency, or money service"
2025-08-22,15453859,Checking or savings account,Checking or savings account
2025-09-27,16218467,Checking or savings account,Checking or savings account
2025-08-15,15277489,Checking or savings account,Checking or savings account
2025-08-02,15027841,Checking or savings account,Checking or savings account
2026-01-21,18891772,Credit card,Credit card
2025-11-13,17183197,Credit reporting or other personal consumer reports,Credit reporting or other personal consumer reports
2025-07-18,14731500,Checking or savings account,Checking or savings account
2025-09-22,16083587,Checking or savings account,Checking or savings account
2025-07-31,14985881,Checking or savings account,Checking or savings account
2025-10-31,16956443,Checking or savings account,Checking or savings account
2025-08-18,15344642,Credit card,Credit card
2025-07-05,14463538,Checking or savings account,Checking or savings account
2025-12-30,18378876,Debt collection,Debt collection
2025-07-11,14594120,Checking or savings account,Checking or savings account
2025-07-25,14886588,Checking or savings account,Checking or savings account
2025-12-21,18208454,Debt collection,Credit reporting or other personal consumer reports
2026-01-29,19089003,"Money transfer, virtual currency, or money service",Checking or savings account
2025-10-23,16782045,Checking or savings account,Checking or savings account
2026-01-21,18903559,Checking or savings account,Checking or savings account
2025-07-17,14716470,Credit card,Credit card
2025-08-22,15466517,Credit card,Credit card
2025-09-03,15693736,Checking or savings account,Checking or savings account
2025-11-06,17083665,Checking or savings account,"Money transfer, virtual currency, or money service"
2025-09-26,16203279,"Money transfer, virtual currency, or money service","Money transfer, virtual currency, or money service"
2025-09-02,15678947,Credit reporting or other personal consumer reports,Credit reporting or other personal consumer reports
2025-08-26,15530612,"Money transfer, virtual currency, or money service","Money transfer, virtual currency, or money service"
2025-07-05,14500844,Credit card,Credit reporting or other personal consumer reports
2025-11-04,17012768,Credit card,Credit card
2025-09-08,15774178,Checking or savings account,"Money transfer, virtual currency, or money service"
2025-10-20,16701734,Credit card,Credit card
2025-10-16,16630800,Checking or savings account,Checking or savings account
2025-09-06,15754980,Credit reporting or other personal consumer reports,Credit reporting or other personal consumer reports
2026-01-14,18701924,Checking or savings account,Checking or savings account
2025-11-04,17018788,Checking or savings account,Checking or savings account
2026-01-21,18892679,Checking or savings account,Checking or savings account
2025-12-08,17816376,Credit card,Credit card
2025-08-28,15587883,Mortgage,Mortgage
2025-10-26,16826982,"Money transfer, virtual currency, or money service","Money transfer, virtual currency, or money service"
2025-11-04,17014291,Checking or savings account,Checking or savings account
2025-07-23,14840831,Credit card,Credit card
2025-11-23,17454333,"Money transfer, virtual currency, or money service","Money transfer, virtual currency, or money service"
2025-10-09,16475176,Credit card,Credit card
2025-12-01,18044665,Checking or savings account,Checking or savings account
2025-09-22,16111213,Credit card,Credit card
2025-09-28,16227514,Credit card,Credit card
2025-07-31,15009428,Credit reporting or other personal consumer reports,Credit reporting or other personal consumer reports
2025-07-29,14914954,Credit card,Credit card
2025-10-10,16489039,Credit reporting or other personal consumer reports,Credit reporting or other personal consumer reports
2025-10-12,16528456,Checking or savings account,Checking or savings account
2025-07-12,14611380,Checking or savings account,Checking or savings account
2025-10-27,16857244,Checking or savings account,Checking or savings account
2025-07-12,14587859,Credit card,Credit card
2025-12-03,18074348,Credit card,Credit card
2025-08-14,15292316,Credit card,Credit card
2025-08-02,15020905,Checking or savings account,Credit card
2025-11-06,17083133,Checking or savings account,Checking or savings account
2025-11-10,17136900,Checking or savings account,Checking or savings account
2025-07-02,14401858,Checking or savings account,Checking or savings account
2025-11-08,17090958,Checking or savings account,Checking or savings account
2025-08-09,15187811,Checking or savings account,Checking or savings account
2025-09-12,15898493,Credit card,Credit card
2025-07-07,14505047,Credit card,Credit card
2025-10-12,16530237,Checking or savings account,Checking or savings account
2025-08-28,15588522,"Money transfer, virtual currency, or money service","Money transfer, virtual currency, or money service"
2025-09-17,16001985,Debt collection,Credit reporting or other personal consumer reports
2025-08-13,15259663,Checking or savings account,Credit card
2025-12-16,18080577,Checking or savings account,Checking or savings account
2025-12-23,18235122,"Money transfer, virtual currency, or money service","Money transfer, virtual currency, or money service"
2025-08-14,15289539,Credit card,Credit card
2025-12-22,18226133,Credit reporting or other personal consumer reports,Credit reporting or other personal consumer reports
2026-01-30,19125497,Checking or savings account,Checking or savings account
2025-09-26,16213616,Checking or savings account,Checking or savings account
2025-08-29,15618136,Credit reporting or other personal consumer reports,Vehicle loan or lease
2025-11-12,17185860,Credit card,Credit card
2025-10-28,16870379,Credit card,Debt collection
2025-09-22,16081304,Checking or savings account,Checking or savings account
2025-08-07,15113866,Debt collection,Debt collection
2025-08-04,15067649,Checking or savings account,Credit card
2025-12-08,17816631,Credit card,Checking or savings account
2025-10-12,16527838,Credit card,Credit card
2025-09-04,15719187,Checking or savings account,"Money transfer, virtual currency, or money service"
2026-01-07,18536046,Checking or savings account,Checking or savings account
2025-09-17,16002671,Credit card,Credit card
2026-01-21,18880085,Credit card,Credit card
2025-12-26,18289448,Credit card,Credit card
2026-01-27,19052215,Vehicle loan or lease,Mortgage
2025-11-06,17069480,Credit card,Credit card
2025-07-18,14742043,Checking or savings account,Checking or savings account
2025-11-27,17559125,Credit card,Credit card
2025-10-21,16694484,Checking or savings account,Checking or savings account
2025-07-20,14785177,Checking or savings account,Checking or savings account
2025-11-21,17418238,Credit card,Credit card
2025-08-18,15346975,Checking or savings account,"Money transfer, virtual currency, or money service"
2025-10-23,16790916,Checking or savings account,Checking or savings account
2025-09-08,15793549,Credit card,Credit card
2025-10-17,16658559,Credit card,Credit card
2026-01-28,19081718,Checking or savings account,Checking or savings account
2025-08-05,15092735,Credit card,Credit card
2025-09-03,15697438,Checking or savings account,"Money transfer, virtual currency, or money service"
2025-07-01,14394634,Checking or savings account,Checking or savings account
2025-10-17,16665915,Checking or savings account,Checking or savings account
2025-09-16,15933946,Credit card,Credit reporting or other personal consumer reports
2026-01-09,18603286,Credit card,Credit card
2025-09-11,15883645,Checking or savings account,Checking or savings account
2026-01-08,18553368,Checking or savings account,Checking or savings account
2025-07-16,14682283,Credit reporting or other personal consumer reports,Credit reporting or other personal consumer reports
2025-07-08,14515547,"Money transfer, virtual currency, or money service",Checking or savings account
2025-07-23,14838463,Checking or savings account,Checking or savings account
2025-08-15,15318559,Checking or savings account,Checking or savings account
2025-07-22,14800947,Checking or savings account,Checking or savings account
2025-08-28,15573982,"Money transfer, virtual currency, or money service",Checking or savings account
2025-10-15,16606487,"Money transfer, virtual currency, or money service","Money transfer, virtual currency, or money service"
2026-01-14,18708699,Credit card,Credit card
2025-12-18,18144167,Checking or savings account,Checking or savings account
2025-08-18,15334541,Credit card,Credit card
2026-01-27,19024313,Checking or savings account,Checking or savings account
2025-11-05,17040812,Mortgage,Mortgage
2026-01-23,18965020,Debt collection,Debt collection
2025-11-19,17368816,Credit card,Credit card
2025-09-16,15979623,"Money transfer, virtual currency, or money service",Credit card
2026-01-09,18607137,Credit card,Credit card
2026-01-30,19131598,Checking or savings account,Checking or savings account
2025-10-10,16513038,Checking or savings account,Checking or savings account
2025-11-08,17117037,"Money transfer, virtual currency, or money service","Money transfer, virtual currency, or money service"
2025-10-21,16731540,Mortgage,Credit card
2025-07-29,14945116,Checking or savings account,Checking or savings account
2025-11-24,17473730,Credit card,Credit card
2025-09-29,16241431,Checking or savings account,Checking or savings account
2026-01-13,18695096,Checking or savings account,Checking or savings account
2025-08-02,15029378,Credit card,Credit reporting or other personal consumer reports
2025-07-02,14412497,Debt collection,Vehicle loan or lease
2025-09-16,15962970,"Money transfer, virtual currency, or money service","Money transfer, virtual currency, or money service"
2025-11-07,18146004,Checking or savings account,"Money transfer, virtual currency, or money service"
2025-07-18,14733673,Checking or savings account,Checking or savings account
2025-09-15,15944868,Checking or savings account,Checking or savings account
2025-11-08,17113731,Credit card,Credit card
2025-12-18,18158136,Checking or savings account,Checking or savings account
2025-08-11,15206926,Mortgage,Mortgage
2025-07-01,14385430,Credit card,Credit card
2025-10-21,16692725,Checking or savings account,Credit card
2025-07-09,14535849,Checking or savings account,Credit card
2026-01-20,18863724,Checking or savings account,Checking or savings account
2025-10-27,16839095,Mortgage,Mortgage
2025-10-20,16705575,Checking or savings account,Checking or savings account
2025-07-25,14877212,Debt collection,Debt collection
2025-12-31,18395207,Credit card,Credit card
2025-07-05,14480745,Credit reporting or other personal consumer reports,Credit reporting or other personal consumer reports
2025-10-24,16804117,Credit card,Credit card
2025-10-23,16765945,Checking or savings account,Checking or savings account
2025-11-03,16981648,Checking or savings account,Checking or savings account
2026-01-01,18399889,Credit card,Debt collection
2025-11-06,17033765,Checking or savings account,Checking or savings account
2025-11-17,17299190,Checking or savings account,Checking or savings account
2025-07-21,14777557,Mortgage,Mortgage
2025-09-24,16096874,Checking or savings account,Checking or savings account
2025-09-05,15732825,"Money transfer, virtual currency, or money service","Money transfer, virtual currency, or money service"
2025-09-30,16259790,Checking or savings account,Checking or savings account
2025-11-17,17298478,Checking or savings account,Checking or savings account
2025-08-15,15278080,Checking or savings account,Checking or savings account
2026-01-05,18461456,Checking or savings account,Checking or savings account
2025-07-07,14510764,Checking or savings account,Checking or savings account
2026-01-20,18875578,Credit card,Credit card
2025-11-26,18903565,"Money transfer, virtual currency, or money service","Money transfer, virtual currency, or money service"
2025-08-02,15021279,Checking or savings account,Checking or savings account
2025-10-23,16768084,Checking or savings account,Checking or savings account
2025-08-03,15017779,Credit card,Credit card
2026-01-24,18985310,Debt collection,Credit card
2026-01-19,18831531,Checking or savings account,Checking or savings account
2025-10-16,16622916,Checking or savings account,Checking or savings account
2025-08-20,15405999,Checking or savings account,Checking or savings account
2025-10-10,16489938,"Money transfer, virtual currency, or money service",Checking or savings account
2025-08-14,15291501,Checking or savings account,Checking or savings account
2025-07-15,14664202,Debt collection,Debt collection
2025-08-15,15316031,Checking or savings account,Checking or savings account
2025-12-08,17851405,Debt collection,Debt collection
2025-08-27,15551320,"Money transfer, virtual currency, or money service",Checking or savings account
2025-10-17,16657313,Checking or savings account,Checking or savings account
2025-09-26,16199519,Credit reporting or other personal consumer reports,Credit card
2025-08-19,15382512,Credit card,Credit reporting or other personal consumer reports
2025-10-21,16731907,Debt collection,Credit card
2026-01-20,18865912,Credit card,Debt collection
2025-07-26,14896738,Credit card,Checking or savings account
2026-01-18,18816909,Vehicle loan or lease,Vehicle loan or lease
2026-01-30,19135634,Credit card,Credit card
2025-07-10,14576954,Checking or savings account,Checking or savings account
2025-11-20,17388997,Credit card,Credit card
2026-01-28,19060757,Checking or savings account,Checking or savings account
2025-07-22,14797657,Mortgage,Mortgage
2026-01-03,18435888,Checking or savings account,Checking or savings account
2025-11-15,17241428,Checking or savings account,Checking or savings account
2026-01-09,18588646,"Money transfer, virtual currency, or money service","Money transfer, virtual currency, or money service"
2026-01-13,18683815,Checking or savings account,Checking or savings account
2025-08-01,15035210,Credit card,Credit card
2026-01-28,19086310,Checking or savings account,Checking or savings account
2025-08-21,15432849,Checking or savings account,Checking or savings account
2026-01-20,18866543,Checking or savings account,Checking or savings account
2025-09-27,16219526,Credit card,Credit card
2025-12-22,18221831,Checking or savings account,Checking or savings account
2025-12-24,18272874,Checking or savings account,Checking or savings account
2025-08-15,15313671,Credit card,Checking or savings account
2025-07-30,14979428,Credit card,Credit card
2025-08-22,15462174,Checking or savings account,Checking or savings account
2025-08-28,15588512,Credit reporting or other personal consumer reports,Credit reporting or other personal consumer reports
2026-01-13,18668491,Checking or savings account,"Money transfer, virtual currency, or money service"
2025-12-09,17883887,Credit card,Credit card
2025-08-08,15169167,"Money transfer, virtual currency, or money service","Money transfer, virtual currency, or money service"
2025-08-14,15290226,Credit reporting or other personal consumer reports,Credit reporting or other personal consumer reports
2025-10-30,16926336,"Money transfer, virtual currency, or money service","Money transfer, virtual currency, or money service"
2025-08-01,15045968,Checking or savings account,Checking or savings account
2026-01-03,18444369,Checking or savings account,Checking or savings account
2025-08-11,15221466,Checking or savings account,Checking or savings account
2025-08-14,15287488,Checking or savings account,Checking or savings account
2025-09-21,16113451,Credit card,Credit card
2025-08-19,15371436,Checking or savings account,Checking or savings account
2025-07-14,14649156,Checking or savings account,Checking or savings account
2025-09-02,15673143,Checking or savings account,Checking or savings account
2025-12-18,18155270,Credit reporting or other personal consumer reports,Checking or savings account
2025-08-25,15507149,"Money transfer, virtual currency, or money service",Checking or savings account
2025-08-23,15478089,"Money transfer, virtual currency, or money service","Money transfer, virtual currency, or money service"
2025-11-21,17426251,Credit reporting or other personal consumer reports,Credit reporting or other personal consumer reports
2026-01-07,18532413,Checking or savings account,Checking or savings account
2026-01-02,18419242,Checking or savings account,Checking or savings account
2025-07-02,14416236,Credit reporting or other personal consumer reports,Credit reporting or other personal consumer reports
2025-10-25,16819149,Checking or savings account,Checking or savings account
2025-10-29,16909700,"Money transfer, virtual currency, or money service","Money transfer, virtual currency, or money service"
2025-07-27,14911815,Checking or savings account,Checking or savings account
2025-09-15,15957282,Credit card,Credit card
2025-09-23,16132087,Checking or savings account,Checking or savings account
2025-10-15,16598438,Credit reporting or other personal consumer reports,Credit reporting or other personal consumer reports
2026-01-02,18417599,Checking or savings account,Checking or savings account
2025-12-05,17764224,Checking or savings account,Checking or savings account
2026-01-28,19056784,Checking or savings account,Checking or savings account
2025-09-19,16062918,Credit card,Credit reporting or other personal consumer reports
2026-01-22,18925499,Credit card,Checking or savings account
2026-01-29,19106494,Credit card,Credit card
2025-10-03,16356443,Checking or savings account,Credit card
2025-09-24,16156939,Checking or savings account,Checking or savings account
2025-07-09,14528789,Credit reporting or other personal consumer reports,Credit reporting or other personal consumer reports
2025-07-31,14992424,Credit reporting or other personal consumer reports,Credit reporting or other personal consumer reports
2025-09-04,15726770,Credit card,Credit card
2025-09-22,16081174,Credit reporting or other personal consumer reports,Credit reporting or other personal consumer reports
2025-12-04,18079811,Vehicle loan or lease,Vehicle loan or lease
2025-09-02,15638068,Checking or savings account,Checking or savings account
2025-10-03,16352272,Credit reporting or other personal consumer reports,Credit reporting or other personal consumer reports
2025-08-21,15432974,Checking or savings account,Checking or savings account
2026-01-06,18511156,Credit card,Credit card
2025-08-15,15307645,Checking or savings account,Checking or savings account
2025-07-09,14547970,Checking or savings account,Checking or savings account
2025-07-30,14987373,"Money transfer, virtual currency, or money service",Checking or savings account
2025-07-25,14884177,"Money transfer, virtual currency, or money service","Money transfer, virtual currency, or money service"
2026-01-13,18700257,Credit card,Credit card
2025-10-07,16425549,Debt collection,Credit reporting or other personal consumer reports
2025-10-29,16897801,Checking or savings account,Checking or savings account
2026-01-29,19113654,Checking or savings account,Checking or savings account
2025-11-29,17955454,Credit card,Credit card
2025-10-17,16655014,Credit card,Credit card
2025-11-24,17470845,Mortgage,Mortgage
2025-07-08,14493318,Checking or savings account,Checking or savings account
2025-09-26,16190446,Credit card,Credit reporting or other personal consumer reports
2025-11-25,17895309,Credit reporting or other personal consumer reports,Credit reporting or other personal consumer reports
2026-01-29,19089336,Checking or savings account,Checking or savings account
2025-10-08,16445060,Credit card,Checking or savings account
2025-12-30,18380701,Checking or savings account,Checking or savings account
2025-08-18,15357206,Credit card,Credit card
2026-01-13,18689412,Checking or savings account,Checking or savings account
2025-09-12,15894075,Credit card,Credit card
2025-07-23,14833627,Credit card,Credit card
2025-09-09,15789873,Checking or savings account,Checking or savings account
2025-11-04,16980475,"Money transfer, virtual currency, or money service","Money transfer, virtual currency, or money service"
2025-10-30,16935326,Checking or savings account,Checking or savings account
2025-11-21,17428098,Checking or savings account,Checking or savings account
2025-11-05,17050020,Credit card,Credit card
2025-08-03,15018513,Checking or savings account,Checking or savings account
2025-07-04,14457074,Credit reporting or other personal consumer reports,Credit reporting or other personal consumer reports
2025-09-19,16056913,Credit card,Credit card
2025-10-08,16432338,Debt collection,Credit reporting or other personal consumer reports
2025-07-29,14953193,Checking or savings account,Checking or savings account
2025-11-25,17882215,Credit card,Credit card
2025-07-19,14752518,Credit reporting or other personal consumer reports,Credit reporting or other personal consumer reports
2025-10-03,16349676,Checking or savings account,Checking or savings account
2025-07-09,14547426,Credit reporting or other personal consumer reports,Checking or savings account
2025-09-21,16115623,Checking or savings account,Checking or savings account
2025-08-27,15564786,Checking or savings account,Checking or savings account
2025-11-06,17071939,Checking or savings account,Credit reporting or other personal consumer reports
2025-11-13,17232489,Credit reporting or other personal consumer reports,Credit reporting or other personal consumer reports
2025-10-19,16681686,Checking or savings account,Checking or savings account
2025-09-05,15749686,"Money transfer, virtual currency, or money service","Money transfer, virtual currency, or money service"
2025-09-08,15799297,Checking or savings account,Checking or savings account
2025-10-30,16929483,Checking or savings account,Checking or savings account
2025-07-31,14998264,Checking or savings account,Checking or savings account
2025-10-13,16527355,Credit card,Credit card
2025-10-02,16313910,Checking or savings account,Checking or savings account
2025-12-18,18151823,Checking or savings account,Checking or savings account
2025-08-15,15303831,Checking or savings account,Checking or savings account
2025-08-19,15371509,"Money transfer, virtual currency, or money service",Checking or savings account
2025-08-16,15328007,Credit card,Debt collection
2025-12-31,18392262,Checking or savings account,Checking or savings account
2025-10-08,16442270,Checking or savings account,Checking or savings account
2025-08-16,15332508,Credit card,Credit card
2025-07-21,14770930,Credit card,Credit card
2025-07-07,14509751,"Money transfer, virtual currency, or money service","Money transfer, virtual currency, or money service"
2025-12-30,18380606,Mortgage,Mortgage
2025-10-27,16834151,"Money transfer, virtual currency, or money service",Checking or savings account
2025-07-30,14942099,Credit card,Credit card
2025-10-29,16909791,"Money transfer, virtual currency, or money service","Money transfer, virtual currency, or money service"
2025-08-21,15442261,Checking or savings account,Checking or savings account
2025-07-15,14663511,Credit card,Credit card
2025-12-15,18055450,Checking or savings account,Checking or savings account
2025-09-22,16083310,Credit reporting or other personal consumer reports,Credit reporting or other personal consumer reports
2025-08-17,15327325,Checking or savings account,Checking or savings account
2025-10-01,16306006,Vehicle loan or lease,Credit card
2025-08-19,15379893,Checking or savings account,Checking or savings account
2025-07-14,14646723,Checking or savings account,Checking or savings account
2025-10-06,16398124,Checking or savings account,Checking or savings account
2025-08-23,15478071,Checking or savings account,Checking or savings account
2025-11-05,17050718,Checking or savings account,Checking or savings account
2025-12-30,18372054,Checking or savings account,Credit card
2025-08-08,15170957,Checking or savings account,Checking or savings account
2025-10-21,16718281,Credit card,Credit card
2025-11-23,17826345,Credit reporting or other personal consumer reports,Credit reporting or other personal consumer reports
2025-12-29,18348108,Checking or savings account,Checking or savings account
2025-11-12,17180322,Credit card,"Money transfer, virtual currency, or money service"
2025-08-01,14988335,Debt collection,Debt collection
2025-07-13,14621364,Checking or savings account,Checking or savings account
2025-10-21,16735490,Credit card,Credit reporting or other personal consumer reports
2025-10-22,16759905,Credit card,Credit reporting or other personal consumer reports
2025-08-27,15563691,Checking or savings account,Checking or savings account
2025-11-26,17918165,Credit card,Credit card
2025-07-14,14624816,Checking or savings account,Checking or savings account
2025-11-17,17311103,Checking or savings account,Credit card
2025-08-12,15239711,Mortgage,Credit reporting or other personal consumer reports
2025-07-22,14804588,Checking or savings account,"Money transfer, virtual currency, or money service"
2025-08-29,15606120,Checking or savings account,"Money transfer, virtual currency, or money service"
2025-08-21,15434554,Credit card,Credit reporting or other personal consumer reports
2025-09-03,15689976,Checking or savings account,Credit card
2026-01-30,19119808,Debt collection,Debt collection
2026-01-02,18431219,Debt collection,Debt collection
2025-09-26,16200826,Checking or savings account,Checking or savings account
2025-08-20,15411374,Debt collection,Debt collection
2025-07-07,14506038,Credit card,Checking or savings account
2025-09-12,15896798,Checking or savings account,Checking or savings account
2025-09-22,16081986,Checking or savings account,Checking or savings account
2025-07-09,14530241,Credit card,Credit card
2025-09-23,16125192,Credit reporting or other personal consumer reports,Credit reporting or other personal consumer reports
2025-10-17,16656666,Checking or savings account,Checking or savings account
2026-01-03,18435512,Mortgage,Mortgage
2025-08-19,15374315,Checking or savings account,Checking or savings account
2026-01-28,19076680,Credit card,Credit card
2025-12-27,18319977,Checking or savings account,Checking or savings account
2025-09-26,16209902,Credit card,Credit card
2025-08-07,15144064,Credit card,Credit card
2025-11-24,17827506,Credit card,Credit card
2025-08-19,15380380,Credit card,Credit card
2025-07-07,14488794,Checking or savings account,Checking or savings account
2026-01-13,18695628,Checking or savings account,Checking or savings account
2025-08-28,15580196,"Money transfer, virtual currency, or money service","Money transfer, virtual currency, or money service"
2025-12-29,18348069,Credit card,Credit card
2025-07-10,14564482,Checking or savings account,Checking or savings account
2025-07-04,14464722,"Money transfer, virtual currency, or money service","Money transfer, virtual currency, or money service"
2025-09-01,15648404,Credit card,Credit card
2025-12-02,18094259,Checking or savings account,Checking or savings account
2025-07-28,14925351,Credit card,Credit card
2026-01-13,18669871,Checking or savings account,Checking or savings account
2025-08-16,15333251,Credit card,Credit card
2025-10-05,16376267,Checking or savings account,Checking or savings account
2025-11-07,17102160,Checking or savings account,Checking or savings account
2025-10-30,16920853,Credit card,Credit card
2025-11-01,16966872,Checking or savings account,"Money transfer, virtual currency, or money service"
2025-11-10,17122760,Checking or savings account,Checking or savings account
2025-09-02,15670917,Checking or savings account,Checking or savings account
2025-10-26,16825207,Checking or savings account,"Money transfer, virtual currency, or money service"
2025-11-08,17089726,Vehicle loan or lease,Vehicle loan or lease
2025-10-24,16809633,Checking or savings account,Checking or savings account
2025-09-25,16185828,Checking or savings account,Credit reporting or other personal consumer reports
2025-10-15,16589631,Checking or savings account,Checking or savings account
2025-10-02,16304431,Credit card,Credit card
2025-07-10,14574269,Credit card,Credit card
2025-09-25,16182396,Credit reporting or other personal consumer reports,Credit reporting or other personal consumer reports
2025-11-04,17005625,Debt collection,Debt collection
2025-08-22,15453092,"Money transfer, virtual currency, or money service","Money transfer, virtual currency, or money service"
2025-08-15,15311592,"Money transfer, virtual currency, or money service",Checking or savings account
2025-11-12,17157346,Credit card,Credit card
2025-11-11,17167872,Credit card,Credit card
2025-12-22,18215609,Credit card,Credit card
2025-07-15,14641223,Checking or savings account,Checking or savings account
2025-11-24,17842434,Checking or savings account,Checking or savings account
2025-12-25,18282201,Checking or savings account,Checking or savings account
2025-07-12,14616934,Checking or savings account,Checking or savings account
2025-11-29,17957388,Debt collection,Credit reporting or other personal consumer reports
2025-10-24,16800506,Credit reporting or other personal consumer reports,Credit reporting or other personal consumer reports
2025-10-08,16443867,Credit card,Credit card
2025-10-13,16542700,Checking or savings account,Checking or savings account
2025-09-05,15761154,Checking or savings account,Checking or savings account
2025-09-05,15761270,Checking or savings account,"Money transfer, virtual currency, or money service"
2025-08-08,15174704,Credit card,Credit card
2025-08-22,15429291,Checking or savings account,Checking or savings account
2025-08-15,15317461,Checking or savings account,Checking or savings account
2025-11-06,17034949,Checking or savings account,Checking or savings account
2025-11-27,17925818,Checking or savings account,"Money transfer, virtual currency, or money service"
2025-07-03,14442647,Credit reporting or other personal consumer reports,Credit card
2025-11-04,17013913,Credit reporting or other personal consumer reports,Debt collection
2025-09-25,16184537,Credit card,Credit reporting or other personal consumer reports
2025-10-24,16800648,"Money transfer, virtual currency, or money service",Checking or savings account
2025-08-21,15436670,Checking or savings account,Checking or savings account
2025-11-25,17840056,"Money transfer, virtual currency, or money service",Checking or savings account
2025-10-19,16686112,Checking or savings account,Checking or savings account
2025-11-07,17108387,Debt collection,Checking or savings account
2025-07-30,14981792,Checking or savings account,Checking or savings account
2025-12-31,18394693,Checking or savings account,Checking or savings account
2025-10-15,16605650,Checking or savings account,Checking or savings account
2025-11-11,17165286,Credit card,Credit card
2026-01-08,18584573,Checking or savings account,Checking or savings account
2025-07-03,14445851,Vehicle loan or lease,Vehicle loan or lease
2025-09-08,15799359,Credit card,Credit card
2025-09-22,16108978,Credit card,Credit reporting or other personal consumer reports
2025-09-16,15979908,Debt collection,Debt collection
2025-08-02,15025409,"Money transfer, virtual currency, or money service","Money transfer, virtual currency, or money service"
2025-09-23,16112030,Credit card,Credit card
2026-01-18,18815092,Checking or savings account,Checking or savings account
2025-11-07,17062367,Checking or savings account,"Money transfer, virtual currency, or money service"
2025-08-27,15555097,Checking or savings account,Checking or savings account
2025-11-03,16992501,Checking or savings account,Checking or savings account
2025-10-30,16926791,"Money transfer, virtual currency, or money service",Checking or savings account
2025-07-06,14478223,Checking or savings account,Checking or savings account
2025-10-30,16923326,"Money transfer, virtual currency, or money service",Checking or savings account
2025-11-28,17957743,Credit card,Credit card
2025-10-13,16538633,Checking or savings account,Checking or savings account
2025-12-16,18060474,Credit card,Credit card
2025-07-24,14862877,Checking or savings account,Checking or savings account
2025-12-29,18357014,Credit card,Credit card
2025-08-20,15413026,"Money transfer, virtual currency, or money service","Money transfer, virtual currency, or money service"
2025-10-01,16296280,Checking or savings account,Checking or savings account
2025-11-05,17046492,Checking or savings account,Checking or savings account
2026-01-29,19115843,Checking or savings account,Checking or savings account
2026-01-14,18726498,Checking or savings account,Checking or savings account
2025-09-16,15954334,Credit reporting or other personal consumer reports,Credit reporting or other personal consumer reports
2025-10-24,16804496,Mortgage,Mortgage
2025-11-25,17897474,Debt collection,Debt collection
2025-10-10,16514059,Checking or savings account,Checking or savings account
2025-07-23,14824475,Checking or savings account,Checking or savings account
2025-08-27,15561080,Credit card,Credit card
2025-10-17,16654294,Vehicle loan or lease,Credit card
2025-07-29,14957596,Debt collection,Debt collection
2025-12-15,18057443,"Money transfer, virtual currency, or money service",Checking or savings account
2026-01-04,18450050,Checking or savings account,Credit card
2025-12-24,18274624,Credit card,Credit card
2025-07-04,14465972,"Money transfer, virtual currency, or money service","Money transfer, virtual currency, or money service"
2025-12-09,17903645,Credit card,Credit card
2025-07-29,14913767,Debt collection,Credit card
2025-07-23,14833758,"Money transfer, virtual currency, or money service",Checking or savings account
2026-01-08,18559680,Checking or savings account,Checking or savings account
2026-01-02,18411537,Credit card,Credit card
2025-12-31,18396699,Checking or savings account,Checking or savings account
2025-09-02,15665331,Checking or savings account,Checking or savings account
2025-11-03,16984794,Checking or savings account,Checking or savings account
2025-12-31,18394040,Checking or savings account,Checking or savings account
2025-10-07,16422019,Credit card,Credit card
2025-11-24,17470147,Checking or savings account,Checking or savings account
2026-01-25,18994850,"Money transfer, virtual currency, or money service","Money transfer, virtual currency, or money service"
2025-09-30,16262857,Checking or savings account,Checking or savings account
2025-10-24,16799574,Credit card,Credit card
2026-01-28,19070078,Checking or savings account,Checking or savings account
2025-11-13,17231160,Checking or savings account,Credit card
2025-07-05,14499959,"Money transfer, virtual currency, or money service","Money transfer, virtual currency, or money service"
2025-09-24,16138962,Credit card,Credit card
2025-11-03,16991342,Checking or savings account,Checking or savings account
2025-09-18,16026027,Checking or savings account,Checking or savings account
2026-01-05,18463869,Checking or savings account,Credit reporting or other personal consumer reports
2025-09-24,16146610,Checking or savings account,Checking or savings account
2025-12-24,18272286,Credit reporting or other personal consumer reports,Credit reporting or other personal consumer reports
2025-11-21,17429947,Checking or savings account,Checking or savings account
2026-01-27,19044498,Checking or savings account,Credit reporting or other personal consumer reports
2025-10-15,16609349,Credit card,Credit card
2025-08-25,15498773,Checking or savings account,Checking or savings account
2025-09-18,16011777,"Money transfer, virtual currency, or money service",Checking or savings account
2025-11-03,16983352,Checking or savings account,Checking or savings account
2025-07-30,14972456,Credit card,Credit card
2025-12-23,18253363,Credit card,Credit card
2025-12-22,18219317,Credit card,Credit card
2025-11-06,17081003,Checking or savings account,Checking or savings account
2025-11-30,17940877,Checking or savings account,Checking or savings account
2025-08-19,15379071,Checking or savings account,Checking or savings account
2025-11-07,17104651,Credit card,Credit card
2026-01-29,19107821,Checking or savings account,Credit card
2025-12-03,18123243,Checking or savings account,Checking or savings account
2025-07-06,14479020,Credit reporting or other personal consumer reports,Credit reporting or other personal consumer reports
2025-09-11,15841019,Credit card,Credit card
2025-12-04,18039862,Credit card,Credit reporting or other personal consumer reports
2025-09-04,15686068,Credit card,Debt collection
2025-07-01,14389106,Vehicle loan or lease,Vehicle loan or lease
2025-11-19,17363350,Checking or savings account,Checking or savings account
2026-01-15,18737956,Checking or savings account,Checking or savings account
2026-01-28,19056746,Credit card,Credit card
2025-11-17,17308690,Checking or savings account,Checking or savings account
2026-01-14,18710335,Checking or savings account,"Money transfer, virtual currency, or money service"
2025-09-29,16237571,Credit reporting or other personal consumer reports,Credit card
2026-01-21,18908125,Checking or savings account,Checking or savings account
2025-08-11,15208851,"Money transfer, virtual currency, or money service",Checking or savings account
2025-09-17,16005474,Credit card,Credit reporting or other personal consumer reports
2026-01-06,18507949,Credit card,Credit card
2025-10-29,16895953,Credit card,Credit card
2026-01-01,18410111,"Money transfer, virtual currency, or money service",Checking or savings account
2025-07-22,14798395,Checking or savings account,Checking or savings account
2025-10-30,16889767,Checking or savings account,Checking or savings account
2025-11-14,17258218,Checking or savings account,Checking or savings account
2025-08-06,15087497,Credit card,Credit card
2025-12-29,18352275,Checking or savings account,Checking or savings account
2025-09-16,15984146,Credit card,Credit reporting or other personal consumer reports
2026-01-14,18721385,Credit card,Credit card
2025-10-20,16704571,Checking or savings account,Checking or savings account
2025-12-30,18382346,Debt collection,Debt collection
2025-12-24,18264235,Credit card,Checking or savings account
2025-07-20,14784683,"Money transfer, virtual currency, or money service","Money transfer, virtual currency, or money service"
2025-11-05,17049113,Debt collection,Credit reporting or other personal consumer reports
2025-12-31,18388467,Debt collection,Debt collection
2025-07-25,14884305,Checking or savings account,Credit reporting or other personal consumer reports
2025-09-05,15758081,"Money transfer, virtual currency, or money service",Checking or savings account
2026-01-03,18442838,Mortgage,Debt collection
2026-01-30,19124154,Credit card,Checking or savings account
2025-09-11,15871944,Mortgage,Mortgage
2025-09-10,15842708,Credit card,Credit card
2025-10-17,16653707,Credit card,Credit card
2025-07-15,14664752,Mortgage,Mortgage
2025-07-15,14669845,Credit card,Checking or savings account
2025-12-02,18083288,Debt collection,Debt collection
2025-10-23,16785542,Checking or savings account,Checking or savings account
2025-07-10,14565399,Checking or savings account,Checking or savings account
2025-07-02,14414248,Checking or savings account,Checking or savings account
2025-12-28,18323526,Credit card,Credit card
2025-07-30,14937704,Checking or savings account,Checking or savings account
2025-07-22,14812389,Checking or savings account,Checking or savings account
2025-08-09,15187610,"Money transfer, virtual currency, or money service","Money transfer, virtual currency, or money service"
2025-10-10,16488412,Checking or savings account,Checking or savings account
2025-12-08,17853261,Checking or savings account,Checking or savings account
2025-11-05,17050253,Credit card,Credit reporting or other personal consumer reports
2025-10-25,16819839,Checking or savings account,Checking or savings account
2025-07-04,14446825,Credit reporting or other personal consumer reports,Credit reporting or other personal consumer reports
2026-01-25,18986762,Credit card,Credit card
2025-11-13,17223891,Checking or savings account,"Money transfer, virtual currency, or money service"
2025-08-28,15574302,"Money transfer, virtual currency, or money service","Money transfer, virtual currency, or money service"
2025-12-27,18319900,Checking or savings account,Checking or savings account
2025-11-05,17008146,Checking or savings account,Checking or savings account
2025-07-28,14925330,Checking or savings account,Checking or savings account
2026-01-14,18724782,Checking or savings account,Checking or savings account
2025-12-29,18348261,Credit card,Credit card
2025-08-30,15625546,Checking or savings account,Checking or savings account
2025-10-01,16288245,Checking or savings account,Credit card
2025-12-24,18273743,Credit card,Credit card
2025-07-02,14426682,Credit card,Credit reporting or other personal consumer reports
2025-09-19,16057016,Credit card,Credit card
2026-01-08,18583612,Credit card,Credit card
2025-08-31,15628960,Checking or savings account,Checking or savings account
2025-07-28,14935350,Credit card,Debt collection
2026-01-02,18425222,Mortgage,Checking or savings account
2025-10-15,16604291,Checking or savings account,Checking or savings account
2025-07-02,14412882,Checking or savings account,Credit card
2025-08-03,15018716,Credit reporting or other personal consumer reports,Credit reporting or other personal consumer reports
2025-09-18,16023955,Checking or savings account,Checking or savings account
2025-07-14,14642493,Checking or savings account,Checking or savings account
2025-08-20,15413716,Vehicle loan or lease,Vehicle loan or lease
2025-09-16,15982437,Mortgage,Mortgage
2025-10-23,16787202,Credit card,Credit card
2025-09-30,16268220,Checking or savings account,Checking or savings account
2025-07-13,14610935,Checking or savings account,Credit card
2025-10-28,16864177,Credit card,Credit card
2025-07-18,14730112,Credit card,Credit card
2025-07-03,14445559,Checking or savings account,"Money transfer, virtual currency, or money service"
2026-01-22,18923725,Checking or savings account,Checking or savings account
2025-09-03,15696269,Credit card,Credit card
2025-09-11,15866692,Checking or savings account,Checking or savings account
2025-10-16,16627539,Checking or savings account,Checking or savings account
2025-10-03,16359643,Debt collection,Debt collection
2026-01-30,19133703,Credit card,Credit card
2025-08-18,15346217,Checking or savings account,Checking or savings account
2025-12-08,17848806,Credit card,Credit card
2025-07-09,14561530,"Money transfer, virtual currency, or money service","Money transfer, virtual currency, or money service"
2025-12-10,17907059,Checking or savings account,Credit reporting or other personal consumer reports
2025-09-22,16085500,Checking or savings account,Checking or savings account
2025-08-08,15173513,Credit card,Credit card
2025-10-28,16877515,Credit reporting or other personal consumer reports,Credit reporting or other personal consumer reports
2025-08-03,15015954,Checking or savings account,"Money transfer, virtual currency, or money service"
2025-08-10,15193611,Checking or savings account,Checking or savings account
2025-07-11,14590697,Credit card,Credit card
2025-07-08,14520727,Credit reporting or other personal consumer reports,Credit reporting or other personal consumer reports
2026-01-27,19049632,Checking or savings account,Credit reporting or other personal consumer reports
2026-01-14,18719393,Credit card,Credit reporting or other personal consumer reports
2025-11-10,17138387,Checking or savings account,Checking or savings account
2025-11-08,17118330,Checking or savings account,Checking or savings account
2025-09-05,15756782,Credit card,Credit card
2025-11-23,17455500,Checking or savings account,Checking or savings account
2025-09-08,15798928,Checking or savings account,Checking or savings account
2025-11-18,17329846,Checking or savings account,Credit card
2025-10-22,16742897,Credit card,Checking or savings account
2025-11-06,17031502,Credit card,"Money transfer, virtual currency, or money service"
2025-10-31,16953092,Credit card,Credit card
2025-08-12,15227301,"Money transfer, virtual currency, or money service",Checking or savings account
2025-10-23,16766577,Debt collection,Credit card
2025-11-09,17124330,Checking or savings account,Credit card
2026-01-09,18613399,Checking or savings account,Checking or savings account
2025-11-30,17886898,Credit reporting or other personal consumer reports,Credit reporting or other personal consumer reports
2026-01-21,18902080,Checking or savings account,"Money transfer, virtual currency, or money service"
2026-01-21,18882218,Credit card,Checking or savings account
2025-07-24,14865793,Checking or savings account,Checking or savings account
2025-07-24,14863661,Checking or savings account,Checking or savings account
2025-08-17,15340031,Checking or savings account,Checking or savings account
2025-12-03,18116090,Checking or savings account,Checking or savings account
2025-12-21,18204536,Credit card,Credit card
2025-08-01,15035360,Credit card,Credit card
2025-08-06,15118594,Credit reporting or other personal consumer reports,Credit reporting or other personal consumer reports
2025-08-21,15397741,Checking or savings account,Checking or savings account
2025-07-05,14499972,Checking or savings account,Checking or savings account
2025-10-13,16542295,Checking or savings account,Checking or savings account
2026-01-27,19027984,Checking or savings account,Checking or savings account
2025-08-18,15352909,Credit reporting or other personal consumer reports,Credit reporting or other personal consumer reports
2026-01-24,18980272,Credit card,Credit card
2025-10-22,16746446,Checking or savings account,Checking or savings account
2026-01-22,18939553,Mortgage,Mortgage
2025-08-16,15329475,Checking or savings account,Checking or savings account
2025-08-26,15528613,Vehicle loan or lease,Credit card
2025-09-02,15678584,Checking or savings account,Checking or savings account
2025-09-04,15722345,Checking or savings account,Checking or savings account
2025-07-08,14527437,"Money transfer, virtual currency, or money service",Checking or savings account
2025-10-08,16452276,Debt collection,Credit reporting or other personal consumer reports
2025-09-26,16206707,Checking or savings account,Checking or savings account
2025-07-13,14620838,Credit reporting or other personal consumer reports,Credit reporting or other personal consumer reports
2025-11-21,17803048,Checking or savings account,Checking or savings account
2026-01-22,18928984,Credit card,Credit card
2025-11-05,17052504,Checking or savings account,Checking or savings account
2025-08-07,15150524,"Money transfer, virtual currency, or money service",Checking or savings account
2025-09-27,16220715,Credit reporting or other personal consumer reports,Credit reporting or other personal consumer reports
2025-11-21,17396701,Credit card,Credit reporting or other personal consumer reports
2025-08-06,15126509,Checking or savings account,"Money transfer, virtual currency, or money service"
2025-09-28,16230979,Credit card,Credit card
2025-09-09,15814469,Checking or savings account,Checking or savings account
2025-11-24,17882054,Credit card,Credit card
2025-08-17,15340088,Credit reporting or other personal consumer reports,Credit card
2025-10-23,16764721,"Money transfer, virtual currency, or money service","Money transfer, virtual currency, or money service"
2025-09-18,16024316,Credit card,Credit card
2025-08-31,15628432,Credit card,Credit card
2025-09-24,16152049,Credit card,Credit card
2025-10-20,16690011,"Money transfer, virtual currency, or money service",Checking or savings account
2025-09-04,15721011,Credit card,Credit card
2025-11-13,17207996,Credit reporting or other personal consumer reports,Credit reporting or other personal consumer reports
2025-07-31,14998374,Credit card,Credit card
2025-07-09,14549563,Credit card,Credit card
2025-07-01,14386059,Checking or savings account,Checking or savings account
2026-01-08,18583318,Checking or savings account,Checking or savings account
2026-01-30,19141909,Credit card,Credit card
2025-11-14,17252540,Checking or savings account,Checking or savings account
2025-11-10,17136767,Credit card,Credit card
2026-01-22,18939564,Credit card,Credit card
2026-01-25,18992981,Checking or savings account,Checking or savings account
2025-08-18,15343403,Checking or savings account,Checking or savings account
2025-09-25,16177970,Checking or savings account,Checking or savings account
2026-01-30,19134867,Credit card,Credit card
2025-09-13,15921202,Debt collection,Debt collection
2025-08-08,15171760,Credit card,Credit card
2025-08-24,15509570,Credit card,Credit card
2026-01-23,18952474,Credit card,Credit card
2025-10-30,16925856,"Money transfer, virtual currency, or money service",Checking or savings account
2025-10-29,16900711,Checking or savings account,Checking or savings account
2025-07-31,14998396,Credit reporting or other personal consumer reports,Credit reporting or other personal consumer reports
2025-10-22,16744409,"Money transfer, virtual currency, or money service",Checking or savings account
2025-11-08,17112965,Credit reporting or other personal consumer reports,Credit card
2025-11-27,17555087,Checking or savings account,Checking or savings account
2025-09-04,15722863,Checking or savings account,Checking or savings account
2025-12-29,18356704,Mortgage,Mortgage
2025-12-15,18056898,Checking or savings account,"Money transfer, virtual currency, or money service"
2025-11-04,17025402,Checking or savings account,"Money transfer, virtual currency, or money service"
2026-01-13,18694974,Debt collection,Credit reporting or other personal consumer reports
2025-09-17,15991064,Checking or savings account,Checking or savings account
2025-08-25,15489505,Credit card,Credit card
2025-07-16,14676253,Credit card,Credit card
2025-11-14,17257452,Checking or savings account,Checking or savings account
2026-01-01,18402258,"Money transfer, virtual currency, or money service",Checking or savings account
2026-01-08,18583981,Checking or savings account,Checking or savings account
2025-11-26,17953237,Checking or savings account,Checking or savings account
2025-07-20,14784769,Checking or savings account,Checking or savings account
2025-09-26,16202411,Checking or savings account,Checking or savings account
2025-07-18,14741191,Checking or savings account,Checking or savings account
2026-01-30,19123841,"Money transfer, virtual currency, or money service","Money transfer, virtual currency, or money service"
2025-08-06,15126181,Checking or savings account,Checking or savings account
2025-10-20,16696721,Checking or savings account,Checking or savings account
2025-12-19,18160166,Checking or savings account,Credit card
2025-10-20,16705944,Checking or savings account,Checking or savings account
2025-08-25,15501364,Checking or savings account,Checking or savings account
2025-10-29,16895337,Vehicle loan or lease,Vehicle loan or lease
2025-07-18,14731320,Checking or savings account,Checking or savings account
2025-12-29,18343872,Checking or savings account,Checking or savings account
2025-11-03,16992236,Checking or savings account,Checking or savings account
2025-10-05,16373952,Credit card,Credit card
2025-10-10,16489021,Credit card,Credit card
2026-01-02,18424664,Credit card,Credit card
2025-12-02,18021530,Credit card,Credit card
2025-08-29,15608649,Checking or savings account,Checking or savings account
2025-10-13,16545719,"Money transfer, virtual currency, or money service",Checking or savings account
2025-12-30,18363608,Checking or savings account,Checking or savings account
2025-07-20,14784786,Checking or savings account,Checking or savings account
2025-09-04,15719062,Credit reporting or other personal consumer reports,Credit card
2025-10-28,16862041,Checking or savings account,Checking or savings account
2025-08-09,15187675,Checking or savings account,Checking or savings account
2025-07-07,14473905,"Money transfer, virtual currency, or money service","Money transfer, virtual currency, or money service"
2025-11-19,17359277,Debt collection,Debt collection
2025-08-04,15069399,Credit card,Credit card
2025-09-13,15920867,Checking or savings account,Checking or savings account
2025-08-06,15115359,Checking or savings account,Checking or savings account
2025-07-01,14392321,Checking or savings account,Checking or savings account
2025-10-17,16649717,Checking or savings account,Checking or savings account
2026-01-24,18984159,Credit card,Credit reporting or other personal consumer reports
2026-01-08,18583531,Checking or savings account,Checking or savings account
2025-10-21,16738207,Checking or savings account,Checking or savings account
2025-08-14,15253525,Checking or savings account,Checking or savings account
2025-12-28,18330139,Credit reporting or other personal consumer reports,Credit reporting or other personal consumer reports
2025-11-26,17958198,Credit card,Credit reporting or other personal consumer reports
2025-09-11,15880724,Debt collection,Vehicle loan or lease
2025-08-29,15601763,Checking or savings account,Checking or savings account
2026-01-27,19040551,"Money transfer, virtual currency, or money service","Money transfer, virtual currency, or money service"
2025-12-08,17827459,Checking or savings account,"Money transfer, virtual currency, or money service"
2025-09-11,15841078,Credit card,Credit card
2025-11-17,17300419,Vehicle loan or lease,Vehicle loan or lease
2025-11-21,17802928,Credit card,Credit card
2025-10-23,16786810,"Money transfer, virtual currency, or money service",Checking or savings account
2025-08-18,15356238,Checking or savings account,Checking or savings account
2025-10-02,16322855,Credit card,Credit card
2025-12-09,17868155,Checking or savings account,"Money transfer, virtual currency, or money service"
2025-09-18,16011061,Debt collection,Debt collection
2025-11-17,17300118,Checking or savings account,Checking or savings account
2025-09-14,15922800,Checking or savings account,Checking or savings account
2025-08-21,15392497,Checking or savings account,Checking or savings account
2025-07-30,14937988,Credit reporting or other personal consumer reports,Credit reporting or other personal consumer reports
2025-08-21,15439521,Credit reporting or other personal consumer reports,Credit reporting or other personal consumer reports
2025-07-10,14563259,Credit card,Credit card
2025-07-17,14713825,"Money transfer, virtual currency, or money service","Money transfer, virtual currency, or money service"
2025-08-05,15103301,Checking or savings account,Checking or savings account
2026-01-11,18633628,Credit card,Credit card
2025-12-01,18055752,Checking or savings account,Checking or savings account
2025-08-16,15304342,Checking or savings account,Checking or savings account
2025-11-10,17132804,Credit card,Credit reporting or other personal consumer reports
2025-08-02,15024892,Checking or savings account,Checking or savings account
2025-09-19,16063082,Debt collection,Credit card
2026-01-26,19011530,Credit card,Credit card
2025-11-02,16975531,Credit card,Credit card
2025-09-30,16273689,Checking or savings account,Credit card
2025-08-21,15445086,Checking or savings account,Checking or savings account
2025-09-03,15694333,Checking or savings account,Checking or savings account
2025-10-29,16908843,Credit card,Credit reporting or other personal consumer reports
2025-07-31,14986714,Credit reporting or other personal consumer reports,Credit card
2025-11-04,17018575,Credit card,Credit card
2025-11-28,17995074,Checking or savings account,Checking or savings account
2025-08-11,15207454,Credit card,Credit card
2025-09-11,15869496,Credit reporting or other personal consumer reports,Credit reporting or other personal consumer reports
2025-10-20,16706400,"Money transfer, virtual currency, or money service",Checking or savings account
2025-09-26,16207138,Checking or savings account,Checking or savings account
2025-08-23,15481492,Checking or savings account,Checking or savings account
2025-09-23,16119630,Checking or savings account,Checking or savings account
2025-10-08,16446898,Checking or savings account,Debt collection
2025-07-30,14966678,Credit card,Credit card
2025-09-19,16064869,Credit card,Credit card
2025-09-30,16271805,Checking or savings account,Checking or savings account
2025-08-05,15103020,Checking or savings account,Checking or savings account
2025-10-23,16765341,Checking or savings account,Checking or savings account
2025-09-19,16057823,Checking or savings account,Checking or savings account
2026-01-23,18943794,Checking or savings account,Checking or savings account
2025-09-09,15822319,Checking or savings account,"Money transfer, virtual currency, or money service"
2025-07-10,14578943,Checking or savings account,"Money transfer, virtual currency, or money service"
2025-12-18,18138801,Credit card,Checking or savings account
2025-10-05,16377114,Checking or savings account,Checking or savings account
2025-11-04,17022474,"Money transfer, virtual currency, or money service",Checking or savings account
2025-11-26,17954341,Checking or savings account,Checking or savings account
2025-10-20,16709196,Debt collection,Debt collection
2025-08-20,15414104,Checking or savings account,Checking or savings account
2026-01-13,18680719,Credit card,Credit card
2025-08-04,15066438,Checking or savings account,Credit card
2025-09-24,16156638,Checking or savings account,Checking or savings account
2025-12-05,17760236,Credit card,Credit card
2025-08-08,15174049,Checking or savings account,Checking or savings account
2025-12-29,18334540,Checking or savings account,Checking or savings account
2025-08-29,15616048,Credit card,Credit card
2025-11-06,17081135,Credit card,Credit card
2025-07-29,14954876,Credit reporting or other personal consumer reports,Credit reporting or other personal consumer reports
2026-01-02,18424941,Credit card,Credit card
2025-08-26,15484939,"Money transfer, virtual currency, or money service",Checking or savings account
2025-08-26,15488329,Credit card,Credit reporting or other personal consumer reports
2025-09-03,15702960,Credit card,Credit card
2026-01-03,18436723,Credit card,Checking or savings account
2025-08-31,15622677,Credit card,Credit card
2025-08-15,15307657,Checking or savings account,Checking or savings account
2025-07-09,14554701,"Money transfer, virtual currency, or money service","Money transfer, virtual currency, or money service"
2025-11-11,17166419,Credit card,Checking or savings account
2025-08-10,15195335,Credit card,Credit card
2025-07-08,14516263,Mortgage,Mortgage
2025-12-31,18396226,"Money transfer, virtual currency, or money service","Money transfer, virtual currency, or money service"
2025-09-10,15826736,Mortgage,Mortgage
2025-11-19,17318565,Checking or savings account,Credit card
2025-07-27,14911792,Checking or savings account,Checking or savings account
2025-07-30,14976948,Credit card,Credit card
2025-12-16,18086689,Credit card,Credit reporting or other personal consumer reports
2026-01-07,18545156,Checking or savings account,Checking or savings account
2025-08-11,15214420,Checking or savings account,Checking or savings account
2025-08-04,15051421,Credit reporting or other personal consumer reports,Credit reporting or other personal consumer reports
2025-11-04,17017194,Checking or savings account,Checking or savings account
2025-07-30,14979612,Checking or savings account,Checking or savings account
2025-10-23,16775644,Checking or savings account,Checking or savings account
2025-12-26,18308192,Vehicle loan or lease,Vehicle loan or lease
2025-08-28,15586821,Credit card,Credit card
2025-09-03,15701023,Credit reporting or other personal consumer reports,Credit reporting or other personal consumer reports
2026-01-06,18505324,Mortgage,Mortgage
2025-07-29,14949367,Checking or savings account,Checking or savings account
2025-09-15,15956062,Credit card,Credit card
2025-09-05,15736745,Credit card,Credit card
2025-10-08,16447669,Credit card,Credit card
2025-08-10,15195077,Credit reporting or other personal consumer reports,Credit reporting or other personal consumer reports
2025-08-29,15602038,"Money transfer, virtual currency, or money service",Checking or savings account
2025-11-20,17377788,Checking or savings account,Checking or savings account
2026-01-21,18905547,Vehicle loan or lease,Vehicle loan or lease
2025-08-13,15269627,Credit card,Credit reporting or other personal consumer reports
2025-10-09,16475848,"Money transfer, virtual currency, or money service",Credit card
2025-09-23,16103484,Credit card,Credit card
2025-08-26,15530463,Credit card,Credit card
2025-07-03,14449458,Checking or savings account,Checking or savings account
2025-12-07,17811667,Credit card,Credit card
2025-09-30,16267876,Credit card,Credit card
2025-09-29,16247873,"Money transfer, virtual currency, or money service",Checking or savings account
2025-08-19,15382755,Checking or savings account,Checking or savings account
2025-08-19,15373927,Checking or savings account,Checking or savings account
2025-08-02,15029458,Credit reporting or other personal consumer reports,Credit reporting or other personal consumer reports
2025-08-13,15262244,Checking or savings account,Checking or savings account
2025-10-17,16668094,Checking or savings account,Checking or savings account
2025-09-29,16255781,Credit card,Checking or savings account
2025-09-02,15675958,Checking or savings account,Credit card
2025-11-24,17832063,Debt collection,Credit reporting or other personal consumer reports
2025-11-08,17088851,Checking or savings account,Checking or savings account
2025-10-29,16906949,Debt collection,Credit reporting or other personal consumer reports
2025-09-09,15817239,Credit reporting or other personal consumer reports,Credit reporting or other personal consumer reports
2025-08-22,15427619,Checking or savings account,Checking or savings account
2025-12-22,18227992,Debt collection,Vehicle loan or lease
2026-01-07,18521711,Credit card,Credit card
2025-09-25,16180307,Checking or savings account,Checking or savings account
2026-01-04,18450176,Credit card,Credit card
2026-01-24,18983867,Debt collection,Checking or savings account
2025-11-05,17008119,Checking or savings account,"Money transfer, virtual currency, or money service"
2025-07-11,14603440,Debt collection,Checking or savings account
2026-01-22,18921433,Checking or savings account,Checking or savings account
2025-07-12,14613578,Checking or savings account,Checking or savings account
2025-07-08,14535719,"Money transfer, virtual currency, or money service",Checking or savings account
2025-10-08,16443302,"Money transfer, virtual currency, or money service","Money transfer, virtual currency, or money service"
2025-11-21,17413506,Credit reporting or other personal consumer reports,Vehicle loan or lease
2025-12-25,18279061,Credit card,Credit card
2025-07-08,14534524,Credit card,Credit reporting or other personal consumer reports
2026-01-08,18582448,Checking or savings account,Credit card
2025-09-23,16125674,Credit card,Credit card
2026-01-23,18944076,Checking or savings account,Checking or savings account
2025-10-15,16601616,Credit card,Credit reporting or other personal consumer reports
2025-11-29,17980754,Checking or savings account,Checking or savings account
2025-07-07,14508811,"Money transfer, virtual currency, or money service","Money transfer, virtual currency, or money service"
2025-12-16,18067029,Credit card,Credit card
2025-10-17,16664526,Checking or savings account,Checking or savings account
2025-08-02,15030126,Checking or savings account,"Money transfer, virtual currency, or money service"
2025-09-10,15845677,Checking or savings account,Checking or savings account
2025-12-02,18000247,Checking or savings account,"Money transfer, virtual currency, or money service"
2025-09-16,15983207,Checking or savings account,Checking or savings account
2025-10-15,16601592,Checking or savings account,Checking or savings account
2025-07-05,14498376,"Money transfer, virtual currency, or money service",Checking or savings account
2025-07-10,14568804,Checking or savings account,Checking or savings account
2025-08-08,15178954,Checking or savings account,Checking or savings account
2025-12-02,17919231,"Money transfer, virtual currency, or money service","Money transfer, virtual currency, or money service"
2026-01-20,18872745,Credit card,"Money transfer, virtual currency, or money service"
2025-07-11,14566353,Debt collection,Checking or savings account
2025-12-29,18356101,Checking or savings account,Checking or savings account
2025-09-08,15792125,Checking or savings account,Checking or savings account
2025-07-01,14393371,Mortgage,Mortgage
2025-07-28,14920916,Checking or savings account,Debt collection
2025-09-11,15866457,Credit card,Credit card
2025-09-23,16128204,Checking or savings account,Checking or savings account
2025-08-20,15399854,Checking or savings account,Checking or savings account
2025-09-30,16276685,Checking or savings account,Checking or savings account
2025-11-18,17329456,Credit card,Credit card
2025-10-03,16336794,Checking or savings account,Checking or savings account
2025-12-14,18027780,Credit reporting or other personal consumer reports,Credit reporting or other personal consumer reports
2025-10-22,16748492,Checking or savings account,Checking or savings account
2025-09-30,16268300,Credit card,Credit card
2025-11-14,17214133,Checking or savings account,Checking or savings account
2025-09-11,15862130,Checking or savings account,Checking or savings account
2026-01-30,19136166,Checking or savings account,Checking or savings account
2025-07-25,14880437,Credit reporting or other personal consumer reports,Credit reporting or other personal consumer reports
2025-10-24,16802567,Credit card,Credit card
2025-09-17,15994110,Checking or savings account,Checking or savings account
2025-11-04,17015648,Credit card,Credit card
2025-07-22,14797953,Debt collection,Debt collection
2025-12-02,18045601,Credit card,Credit card
2025-12-28,18325315,Credit reporting or other personal consumer reports,Credit reporting or other personal consumer reports
2025-07-30,14972761,Checking or savings account,Checking or savings account
2025-09-04,15719027,Credit card,Credit card
2026-01-21,18900256,Credit card,Credit card
2026-01-06,18493842,Credit card,Credit card
2025-09-22,16111717,Checking or savings account,Checking or savings account
2026-01-08,18581854,Credit card,Credit card
2026-01-02,18421679,Credit card,Credit card
2025-09-08,15797842,Credit card,Checking or savings account
2025-09-19,16014002,Credit card,Credit card
2026-01-27,19039527,Credit card,Credit card
2025-07-22,14814717,Debt collection,Credit reporting or other personal consumer reports
2025-08-21,15438502,Credit card,Mortgage
2025-10-30,16926214,Checking or savings account,Checking or savings account
2026-01-23,18961760,Mortgage,Mortgage
2025-10-29,16902137,Checking or savings account,Checking or savings account
2025-09-30,16235309,Credit card,Credit card
2025-11-10,17143794,Credit card,Credit card
2025-11-30,17995716,Checking or savings account,Checking or savings account
2025-09-21,16091708,Credit card,Credit card
2025-12-23,18234060,Credit reporting or other personal consumer reports,Credit reporting or other personal consumer reports
2025-09-02,15676357,Credit card,Credit card
2025-10-03,16349582,Checking or savings account,Checking or savings account
2025-11-12,17203841,"Money transfer, virtual currency, or money service","Money transfer, virtual currency, or money service"
2025-08-05,15094261,Credit reporting or other personal consumer reports,Credit reporting or other personal consumer reports
2025-07-08,14493178,Checking or savings account,Credit card
2025-08-22,15429673,"Money transfer, virtual currency, or money service","Money transfer, virtual currency, or money service"
2025-10-23,16738990,Credit reporting or other personal consumer reports,Credit reporting or other personal consumer reports
2025-07-11,14592693,Credit card,Credit card
2025-11-19,17368164,Debt collection,Credit card
2025-12-04,18111215,Checking or savings account,Checking or savings account
2025-07-23,14835895,"Money transfer, virtual currency, or money service",Credit card
2025-07-25,14881765,Mortgage,Mortgage
2025-11-23,17827436,Checking or savings account,Checking or savings account
2025-10-24,16797126,Checking or savings account,"Money transfer, virtual currency, or money service"
2025-08-28,15592248,Credit card,Credit reporting or other personal consumer reports
2025-09-03,15695169,Credit card,Credit card
2025-12-22,18214425,Checking or savings account,Credit reporting or other personal consumer reports
2026-01-22,18930685,Checking or savings account,Checking or savings account
2025-12-05,17764668,Credit reporting or other personal consumer reports,Credit card
2025-07-24,14856905,"Money transfer, virtual currency, or money service",Checking or savings account
2025-10-13,16532714,Credit card,Credit card
2025-08-18,15347424,Credit card,Credit card
2025-11-15,17243877,Checking or savings account,Checking or savings account
2025-11-06,18078150,Checking or savings account,Checking or savings account
2025-12-29,18344727,Checking or savings account,Checking or savings account
2026-01-19,18830275,Checking or savings account,Checking or savings account
2025-09-30,16269784,Credit card,Credit reporting or other personal consumer reports
2025-11-06,17063823,Checking or savings account,Checking or savings account
2026-01-20,18862072,Credit card,Credit card
2025-09-02,15671568,Checking or savings account,Checking or savings account
2025-08-28,15580297,Checking or savings account,Checking or savings account
2026-01-23,18953931,Checking or savings account,Checking or savings account
2025-08-11,15207171,Credit card,Credit card
2025-08-22,15449823,Mortgage,Mortgage
2026-01-06,18501202,Credit card,Credit card
2026-01-25,18990761,Checking or savings account,Checking or savings account
2025-12-29,18344943,Credit reporting or other personal consumer reports,Credit reporting or other personal consumer reports
2025-08-11,15206156,Debt collection,Credit reporting or other personal consumer reports
2025-10-30,16925378,Credit card,Credit card
2025-11-25,17836556,Credit card,Credit reporting or other personal consumer reports
2025-11-12,17210731,"Money transfer, virtual currency, or money service",Checking or savings account
2026-01-25,18991892,Credit card,Credit card
2025-10-24,16795703,Checking or savings account,Checking or savings account
2025-08-02,15025449,Credit card,Checking or savings account
2025-11-07,17102561,Credit reporting or other personal consumer reports,Debt collection
2025-07-23,14839891,"Money transfer, virtual currency, or money service","Money transfer, virtual currency, or money service"
2025-07-23,14821838,Credit card,Credit card
2025-11-07,17103304,Credit card,Credit card
2025-11-25,17883801,Credit card,Checking or savings account
2025-09-11,15879086,Checking or savings account,Checking or savings account
2025-12-03,18138922,Checking or savings account,Checking or savings account
2025-11-07,17091594,Credit card,Credit card
2025-09-23,16075591,Credit card,Credit card
2025-11-26,17922135,Checking or savings account,Checking or savings account
2025-07-22,14804368,"Money transfer, virtual currency, or money service",Credit card
2025-11-17,17874306,Credit card,Credit reporting or other personal consumer reports
2025-09-09,15822047,Credit card,Credit card
2025-07-30,14978925,Checking or savings account,Checking or savings account
2026-01-25,18994930,Mortgage,Mortgage
2025-12-07,17810377,Checking or savings account,Credit card
2026-01-07,18542926,Credit card,Credit card
2025-10-27,16849836,Checking or savings account,Checking or savings account
2025-12-08,17832386,Vehicle loan or lease,Vehicle loan or lease
2025-07-09,14554096,Debt collection,Debt collection
2025-09-27,16223380,Checking or savings account,Checking or savings account
2025-07-18,14732678,Checking or savings account,Checking or savings account
2025-08-16,15332748,Credit card,Credit card
2025-09-30,16234882,Checking or savings account,Checking or savings account
2025-09-07,15776596,Credit card,Credit card
2025-09-17,15995404,Mortgage,Mortgage
2025-10-03,16336111,Credit card,Credit card
2025-07-04,14467620,Credit reporting or other personal consumer reports,Credit card
2026-01-14,18702857,Credit card,Credit card
2025-12-09,17872418,Checking or savings account,Checking or savings account
2025-07-24,14846236,Checking or savings account,Checking or savings account
2025-09-29,16249676,Credit card,Credit reporting or other personal consumer reports
2025-07-22,14796302,Credit reporting or other personal consumer reports,Credit reporting or other personal consumer reports
2025-07-10,14574488,Vehicle loan or lease,Vehicle loan or lease
2026-01-12,18667271,Checking or savings account,Checking or savings account
2025-12-02,17961731,Checking or savings account,Checking or savings account
2025-10-24,16790693,Checking or savings account,Checking or savings account
2025-09-02,15672783,"Money transfer, virtual currency, or money service",Checking or savings account
2025-07-30,14978699,Checking or savings account,Checking or savings account
2025-12-04,18141503,Credit card,Credit card
2025-10-10,16512967,Credit card,Credit reporting or other personal consumer reports
2025-08-19,15374293,Credit card,Credit card
2025-10-15,16593855,Credit card,Credit card
2025-10-01,16304272,Checking or savings account,Checking or savings account
2025-11-21,17424780,Checking or savings account,Checking or savings account
2025-10-17,16652473,Credit card,Credit card
2026-01-12,18656964,"Money transfer, virtual currency, or money service",Checking or savings account
2025-10-01,16305434,Checking or savings account,Checking or savings account
2025-08-08,15178249,Credit reporting or other personal consumer reports,Credit reporting or other personal consumer reports
2025-11-20,17353318,Credit reporting or other personal consumer reports,Credit reporting or other personal consumer reports
2025-08-24,15472839,Credit card,Credit card
2025-11-06,17069375,Credit card,Credit card
2025-12-26,18297125,Checking or savings account,Checking or savings account
2025-08-15,15308189,Credit reporting or other personal consumer reports,Credit reporting or other personal consumer reports
2025-08-18,15347048,Checking or savings account,Checking or savings account
2025-12-24,18272805,Checking or savings account,Checking or savings account
2025-12-01,18038796,Debt collection,Credit reporting or other personal consumer reports
2025-11-20,17379146,Credit card,Credit card
2025-07-21,14769733,Checking or savings account,Checking or savings account
2025-08-27,15564096,Checking or savings account,Checking or savings account
2025-10-17,16658986,"Money transfer, virtual currency, or money service",Checking or savings account
2025-10-21,16720916,Checking or savings account,Checking or savings account
2025-11-24,17852202,Credit card,Checking or savings account
