Date received,Complaint ID,actual,predicted,dup_group_size,confidence
2025-10-13,16539137,Credit reporting or other personal consumer reports,Vehicle loan or lease,1,0.5535449558269895
2025-11-26,17952797,Credit card,Checking or savings account,1,0.4456390153298579
2025-11-06,17076061,Credit card,Credit card,1,0.7605880304026099
2025-10-23,16781916,Credit card,Credit card,1,0.8655382365701035
2025-08-25,15502807,Mortgage,Credit card,1,0.28552031755914875
2025-09-04,15711090,Credit card,Credit card,1,0.9114539924710536
2025-11-17,17299185,Credit card,Credit card,1,0.7542468941142753
2025-11-20,17797041,Checking or savings account,Checking or savings account,1,0.921850986392093
2025-07-31,15002021,Checking or savings account,Checking or savings account,1,0.7226622977653224
2025-07-20,14786467,Credit reporting or other personal consumer reports,Credit reporting or other personal consumer reports,1,0.875021953372822
2025-10-08,16460374,Checking or savings account,Checking or savings account,1,0.9082872533168348
2025-10-13,16541309,Credit card,Credit card,1,0.8752155140807711
2025-09-26,16195191,Vehicle loan or lease,Vehicle loan or lease,1,0.6785974330454198
2025-08-07,15153366,Credit reporting or other personal consumer reports,Credit reporting or other personal consumer reports,2,0.9064142931435146
2025-12-03,18071954,Checking or savings account,Checking or savings account,1,0.878679631474348
2025-07-03,14450147,Credit reporting or other personal consumer reports,Credit reporting or other personal consumer reports,1,0.4513769684701188
2025-10-02,16314226,Checking or savings account,Checking or savings account,1,0.9205495351633249
2026-01-12,18639708,Checking or savings account,"Money transfer, virtual currency, or money service",1,0.4718803025570088
2025-08-29,15600325,Checking or savings account,Checking or savings account,1,0.9605826510423565
2025-09-13,15892231,Checking or savings account,Checking or savings account,1,0.738568253390102
2025-12-22,18232578,Checking or savings account,"Money transfer, virtual currency, or money service",1,0.4619983993793726
2026-01-09,18609794,Checking or savings account,Checking or savings account,1,0.790094970100414
2026-01-20,18855549,Vehicle loan or lease,Vehicle loan or lease,1,0.6614995062648372
2026-01-21,18902798,Credit card,Credit card,1,0.9321032502223576
2025-10-14,16564074,Checking or savings account,Checking or savings account,1,0.9086819531156709
2025-11-15,17241431,"Money transfer, virtual currency, or money service","Money transfer, virtual currency, or money service",1,0.5455911505072892
2025-10-21,16733326,Credit card,Credit card,1,0.9041310330077946
2025-10-30,16888475,Credit card,Credit card,1,0.7261476548972525
2026-01-25,18994481,Credit card,Credit card,1,0.834105209572367
2025-12-16,18071736,Credit card,Credit card,1,0.848443136658306
2025-09-24,16149784,Credit reporting or other personal consumer reports,Checking or savings account,1,0.31811007809585673
2026-01-26,19002505,Credit card,Credit card,1,0.842951355568983
2026-01-08,18557107,Checking or savings account,Checking or savings account,1,0.8377306334967224
2025-09-08,15803421,Checking or savings account,Checking or savings account,1,0.9752669859083727
2025-10-29,16896222,Credit card,Credit card,1,0.7673099528968726
2025-10-23,16772407,Checking or savings account,Checking or savings account,1,0.9167830677645684
2026-01-19,18838725,Credit card,Credit reporting or other personal consumer reports,1,0.6421188608727534
2025-08-21,15429180,Credit card,Credit card,1,0.8196815943896877
2025-09-17,15999597,Checking or savings account,Checking or savings account,1,0.9062437791071652
2025-12-23,18245131,Credit card,Credit card,1,0.7275040069668619
2025-10-07,16432620,Checking or savings account,Checking or savings account,1,0.9318067240025224
2026-01-27,19053681,Credit card,Credit reporting or other personal consumer reports,1,0.5640524791509676
2025-08-14,15294284,Credit reporting or other personal consumer reports,Checking or savings account,2,0.6726357533410029
2026-01-23,18965686,Credit card,Credit card,1,0.9218512232007315
2025-12-02,18076774,Checking or savings account,Checking or savings account,1,0.8862079956720909
2025-07-10,14564302,"Money transfer, virtual currency, or money service",Checking or savings account,1,0.9360929262273096
2025-08-21,15442898,Credit card,Credit card,1,0.9139986128590833
2025-10-02,16324557,Checking or savings account,Checking or savings account,1,0.8441353216939822
2025-10-08,16439936,Credit reporting or other personal consumer reports,Credit reporting or other personal consumer reports,1,0.7862328845216157
2025-08-21,15431868,Checking or savings account,Checking or savings account,1,0.9204327888598773
2025-08-28,15589880,Credit card,Credit card,1,0.8441482406068737
2025-10-08,16449805,Checking or savings account,Checking or savings account,1,0.8602924528086384
2026-01-20,18866146,Checking or savings account,Checking or savings account,1,0.9211139405890258
2025-11-19,17361435,Checking or savings account,"Money transfer, virtual currency, or money service",1,0.47961215288778014
2025-09-24,16155249,"Money transfer, virtual currency, or money service","Money transfer, virtual currency, or money service",1,0.5541907321008431
2025-10-24,16806425,Credit card,Credit card,1,0.9459289876122021
2025-08-02,15025210,Checking or savings account,Checking or savings account,1,0.9082440801418582
2025-11-13,17209405,Checking or savings account,Checking or savings account,1,0.9189043234369659
2025-07-22,14800870,Checking or savings account,Checking or savings account,1,0.9502198124566649
2025-11-26,17918267,Credit card,Credit card,1,0.6415599198393239
2025-08-23,15475412,Credit card,Credit card,1,0.7897392992280654
2025-09-10,15844703,Checking or savings account,Checking or savings account,1,0.9266281371959814
2025-09-12,15908216,Credit card,Credit card,1,0.7014298342022985
2025-07-08,14525274,Credit reporting or other personal consumer reports,Credit reporting or other personal consumer reports,1,0.7730457376631232
2025-11-05,17007629,Checking or savings account,Checking or savings account,1,0.9314631797123755
2025-09-04,15718842,Checking or savings account,Credit card,1,0.44675231498159557
2025-11-21,17427037,Checking or savings account,Checking or savings account,1,0.7039360123981027
2025-11-28,17917580,Checking or savings account,Checking or savings account,1,0.8572323791441588
2025-07-11,14600066,Checking or savings account,Checking or savings account,1,0.9179612993474852
2025-10-20,16700238,Credit card,"Money transfer, virtual currency, or money service",1,0.4754355459505561
2025-07-24,14856756,Credit card,Credit card,1,0.770374503668477
2025-12-31,18397618,Credit card,Credit card,1,0.8758914531956509
2025-08-30,15627134,Checking or savings account,Checking or savings account,1,0.9333412807268137
2025-09-17,15995496,Checking or savings account,Credit card,1,0.618782927664478
2025-07-08,14534250,"Money transfer, virtual currency, or money service","Money transfer, virtual currency, or money service",1,0.544488451996456
2025-11-05,17031764,Checking or savings account,Checking or savings account,1,0.7936976609970925
2025-10-16,16631010,Checking or savings account,Checking or savings account,1,0.7952243083476409
2025-12-09,17901207,Checking or savings account,Checking or savings account,1,0.6401016828649567
2025-10-22,16715888,"Money transfer, virtual currency, or money service","Money transfer, virtual currency, or money service",1,0.9051495213316728
2025-12-23,18255347,Credit reporting or other personal consumer reports,Credit reporting or other personal consumer reports,1,0.7768858443067731
2025-10-15,16583122,Checking or savings account,Checking or savings account,1,0.8435099647306502
2025-07-27,14910240,Checking or savings account,Checking or savings account,1,0.9580519012818768
2026-01-03,18445539,Checking or savings account,"Money transfer, virtual currency, or money service",1,0.8218286353501129
2025-12-07,17807772,Credit card,Credit card,1,0.9060385083507113
2025-12-07,17810186,Credit card,Credit card,1,0.6400560812742423
2025-12-16,18064449,"Money transfer, virtual currency, or money service","Money transfer, virtual currency, or money service",1,0.4984408303753003
2025-10-01,16307396,Checking or savings account,Checking or savings account,1,0.9086611449078351
2026-01-19,18828751,Mortgage,Credit card,1,0.4283899609096257
2025-07-12,14616122,Credit reporting or other personal consumer reports,Credit reporting or other personal consumer reports,1,0.7310936665427525
2025-12-07,17814438,Checking or savings account,Checking or savings account,1,0.7869735510441899
2025-12-03,17994964,Credit reporting or other personal consumer reports,Credit reporting or other personal consumer reports,1,0.7752981403042535
2025-08-01,15041374,Credit card,Credit card,1,0.8889287027384624
2025-08-21,15434362,Debt collection,Credit card,1,0.5596718306357215
2025-11-17,17874307,Credit card,Credit card,1,0.8386287917778358
2026-01-27,19027222,Checking or savings account,Checking or savings account,1,0.966635465835796
2025-09-30,16279928,Checking or savings account,Checking or savings account,1,0.6911228487469403
2025-08-05,15099398,Mortgage,Mortgage,1,0.8409786700901055
2025-10-07,16403801,Checking or savings account,Checking or savings account,1,0.9410447512617738
2025-11-12,17185734,"Money transfer, virtual currency, or money service","Money transfer, virtual currency, or money service",1,0.4771734868556072
2025-10-29,16899244,Checking or savings account,Checking or savings account,1,0.8800890062896637
2025-09-07,15779497,Credit card,Debt collection,1,0.499481208089584
2025-09-28,16225887,Credit reporting or other personal consumer reports,Credit reporting or other personal consumer reports,1,0.6008576795047741
2025-08-21,15442452,Checking or savings account,Checking or savings account,1,0.9645022165960059
2025-10-17,16649671,Vehicle loan or lease,Credit reporting or other personal consumer reports,1,0.31591065592861217
2025-12-29,18344009,Checking or savings account,Checking or savings account,1,0.9316452661581517
2025-09-17,15970179,Debt collection,Debt collection,1,0.5307567025120573
2025-08-16,15330524,Debt collection,Debt collection,1,0.3392055331355333
2025-11-11,17134435,Credit card,Credit reporting or other personal consumer reports,1,0.736649580537989
2025-07-17,14725663,Debt collection,Credit reporting or other personal consumer reports,1,0.4954619739741637
2025-10-05,16375173,Checking or savings account,Checking or savings account,1,0.9197482092573995
2025-11-13,17222601,Checking or savings account,Checking or savings account,1,0.5728130580011174
2025-07-22,14798424,Credit card,Credit card,1,0.8620760350344252
2025-12-09,17879247,Credit reporting or other personal consumer reports,Credit reporting or other personal consumer reports,1,0.8678587640778153
2025-09-02,15679890,Debt collection,Credit card,1,0.4824095613474726
2025-10-08,16443582,Vehicle loan or lease,Credit reporting or other personal consumer reports,1,0.5653794520800367
2025-10-06,16388866,Checking or savings account,"Money transfer, virtual currency, or money service",1,0.8539815636965528
2025-07-15,14675913,Credit reporting or other personal consumer reports,Credit card,1,0.455757021555244
2025-09-30,16264570,Checking or savings account,Checking or savings account,1,0.7721520403384498
2025-09-25,16145254,"Money transfer, virtual currency, or money service",Checking or savings account,1,0.7154434042488456
2025-08-12,15224035,Credit card,Credit card,1,0.9159688965225693
2025-11-03,16972070,Checking or savings account,Checking or savings account,1,0.8847073201763118
2025-07-04,14447893,Credit card,Checking or savings account,1,0.5533142844078662
2025-09-06,15767282,Checking or savings account,Checking or savings account,1,0.9713309376454687
2025-10-08,16449584,Debt collection,Checking or savings account,1,0.6976049195780626
2025-10-05,16374030,Checking or savings account,Checking or savings account,1,0.907464517645431
2025-11-21,17423631,Checking or savings account,Checking or savings account,1,0.7463442260454295
2025-07-22,14802226,Checking or savings account,Checking or savings account,1,0.4902447212720013
2025-09-17,16010707,Credit card,Credit card,1,0.6286204633713551
2025-11-28,17953793,Checking or savings account,Checking or savings account,1,0.9641374264342847
2025-12-23,18245099,Checking or savings account,Checking or savings account,1,0.9230080329859346
2025-09-27,16224445,Credit card,Credit reporting or other personal consumer reports,1,0.7956815617427319
2025-07-21,14769577,Checking or savings account,Checking or savings account,1,0.7984949153581647
2025-10-03,16314086,Credit card,Credit card,1,0.9275478360020015
2025-11-25,17885828,Checking or savings account,Checking or savings account,1,0.9095884671269734
2025-09-05,15740981,Credit card,Checking or savings account,1,0.5916246357551705
2025-08-16,15327799,Credit reporting or other personal consumer reports,Checking or savings account,1,0.5946039661261916
2025-08-20,15405202,Checking or savings account,Checking or savings account,1,0.9467920818845604
2025-07-03,14410625,Credit reporting or other personal consumer reports,Credit reporting or other personal consumer reports,3,0.8518807302711936
2025-11-15,17274585,Checking or savings account,Checking or savings account,1,0.6793373238543641
2025-08-26,15537528,Credit card,Credit card,1,0.9611850968765951
2025-11-08,17116588,Checking or savings account,Checking or savings account,1,0.88234553253859
2025-09-23,16130568,Credit reporting or other personal consumer reports,Credit reporting or other personal consumer reports,1,0.3958618554338135
2025-07-30,14978655,Checking or savings account,Checking or savings account,1,0.935968189900516
2025-10-15,16599157,Checking or savings account,Checking or savings account,1,0.9336529549244882
2025-09-16,15961068,Checking or savings account,"Money transfer, virtual currency, or money service",1,0.6088274967450079
2025-10-09,16476619,Credit card,Credit card,1,0.9269129816165091
2025-11-10,17138012,Credit reporting or other personal consumer reports,Checking or savings account,1,0.49006944097917365
2025-07-20,14784436,Checking or savings account,Checking or savings account,1,0.7325896659044179
2025-10-31,16947437,Checking or savings account,Credit reporting or other personal consumer reports,1,0.3975866691094851
2025-08-27,15549183,Credit card,Credit card,1,0.8552499068354825
2025-10-23,16776384,Checking or savings account,Checking or savings account,1,0.9413847231450231
2025-08-01,15048955,Credit card,Credit reporting or other personal consumer reports,1,0.3018121454474438
2025-08-18,15352990,Checking or savings account,Checking or savings account,1,0.9476719630812465
2025-08-28,15572160,Credit card,Credit card,1,0.783707793777387
2026-01-24,18973967,"Money transfer, virtual currency, or money service",Checking or savings account,1,0.8564693224955701
2025-07-01,14390587,Checking or savings account,Checking or savings account,1,0.852854629326882
2025-08-12,15230853,"Money transfer, virtual currency, or money service",Checking or savings account,1,0.9404860408257734
2025-08-01,15050169,Credit card,Credit card,1,0.9064273737888309
2025-12-14,18025849,Checking or savings account,Checking or savings account,1,0.7978829054857611
2025-11-07,17064692,Debt collection,Credit reporting or other personal consumer reports,1,0.725623394673451
2025-08-10,15196407,Debt collection,Debt collection,1,0.46409067840330726
2025-09-10,15848138,"Money transfer, virtual currency, or money service",Checking or savings account,1,0.49299728093679573
2025-11-28,17971550,Checking or savings account,Checking or savings account,1,0.9502702757056372
2025-07-28,14933054,"Money transfer, virtual currency, or money service",Checking or savings account,1,0.47620506480564045
2025-12-01,17893133,Checking or savings account,Checking or savings account,1,0.8909202258246026
2025-08-27,15551997,Credit card,Credit reporting or other personal consumer reports,1,0.7481807087658373
2026-01-05,18469004,Credit card,Credit card,1,0.8299163188110904
2025-11-28,17923055,"Money transfer, virtual currency, or money service",Checking or savings account,1,0.6021026387869143
2025-07-27,14903938,Credit card,Credit card,1,0.954835914863918
2025-11-14,17253012,Debt collection,Credit reporting or other personal consumer reports,1,0.9186750263563179
2025-11-21,17799720,Checking or savings account,Checking or savings account,1,0.47466446548947056
2025-08-15,15308193,Credit card,Credit card,1,0.95459493539689
2025-08-12,15229349,Credit reporting or other personal consumer reports,Credit reporting or other personal consumer reports,1,0.8446986382616689
2025-11-14,17214100,Credit card,Credit card,1,0.8733863393965128
2025-09-04,15712361,Checking or savings account,Checking or savings account,1,0.972239989175744
2026-01-13,18676522,Checking or savings account,Checking or savings account,1,0.92175287370274
2025-07-18,14745071,Debt collection,Debt collection,1,0.6797644068071843
2025-08-19,15377752,Credit card,Credit card,1,0.9336462373964958
2025-07-02,14422898,Checking or savings account,Checking or savings account,1,0.91403202529568
2026-01-26,18996916,Checking or savings account,Credit reporting or other personal consumer reports,1,0.7358037068340889
2026-01-12,18656449,Checking or savings account,Checking or savings account,1,0.6502605197119092
2025-08-05,15091839,Checking or savings account,Checking or savings account,1,0.890545929287632
2025-09-11,15861465,Checking or savings account,Checking or savings account,1,0.5052702694079398
2025-10-05,16375680,Vehicle loan or lease,Vehicle loan or lease,1,0.5028821163620499
2025-11-06,17075612,Checking or savings account,Checking or savings account,1,0.9631137422833769
2025-08-21,15439774,Credit card,Credit card,1,0.6047077045441571
2025-09-09,15811988,Checking or savings account,Checking or savings account,1,0.8044169566600928
2025-11-24,17884682,Checking or savings account,Checking or savings account,1,0.8819014668206565
2025-10-17,16643793,Credit card,Checking or savings account,1,0.6593014017146794
2025-11-20,17377970,Credit card,Credit card,1,0.6648276308521296
2025-12-29,18332969,Credit card,Credit card,1,0.5211799450042117
2025-07-24,14857780,Credit reporting or other personal consumer reports,Credit reporting or other personal consumer reports,1,0.5894492589828425
2025-11-21,17797677,Debt collection,Credit reporting or other personal consumer reports,2,0.6757823364108558
2025-08-06,15121109,Credit card,Credit card,1,0.9353066107262715
2026-01-08,18561596,Checking or savings account,Checking or savings account,1,0.794840257966772
2025-07-14,14624764,Credit card,Credit card,1,0.7097855533034837
2025-09-05,15744438,Checking or savings account,Checking or savings account,1,0.947418173605731
2025-11-17,17309645,Credit reporting or other personal consumer reports,Credit reporting or other personal consumer reports,1,0.47241584284505594
2025-12-09,17901282,Vehicle loan or lease,Vehicle loan or lease,1,0.6747662002390177
2025-12-09,17893946,Checking or savings account,Checking or savings account,1,0.9789926650880235
2025-11-13,17234173,Credit card,Credit card,1,0.6069139562475216
2026-01-24,18975652,Mortgage,Mortgage,1,0.465683781048516
2025-12-27,18319525,Credit card,Credit card,1,0.8992132843615495
2025-10-09,16486088,Checking or savings account,Checking or savings account,1,0.930652810538264
2025-11-19,17317704,Checking or savings account,Checking or savings account,1,0.9824349763498752
2025-11-02,16974962,Checking or savings account,Checking or savings account,1,0.9669804328430618
2025-12-23,18260823,Checking or savings account,Checking or savings account,1,0.8800934883598862
2025-07-29,14960811,Checking or savings account,Checking or savings account,1,0.9350484091178662
2025-07-29,14914585,Checking or savings account,Checking or savings account,1,0.8516508774758164
2025-07-03,14445753,Checking or savings account,Checking or savings account,1,0.9753994812635051
2026-01-09,18598443,Checking or savings account,Checking or savings account,1,0.9433876043045832
2025-12-26,18293127,Checking or savings account,Checking or savings account,1,0.7269788875094857
2025-11-20,17405673,Checking or savings account,Checking or savings account,1,0.8871363977671481
2025-08-25,15499390,Checking or savings account,"Money transfer, virtual currency, or money service",1,0.8061701517794443
2025-11-26,17917006,Credit card,Credit card,1,0.9420879010450737
2025-11-18,17336315,Checking or savings account,Checking or savings account,1,0.5588807320157145
2025-07-15,14666622,Credit card,Credit card,1,0.687510773630101
2026-01-23,18958591,Debt collection,Debt collection,1,0.6785105333709578
2025-11-11,17167576,Credit reporting or other personal consumer reports,Credit reporting or other personal consumer reports,1,0.8149853853299188
2025-08-14,15295415,Credit card,Credit card,1,0.8544622135821696
2025-08-19,15384020,Checking or savings account,Checking or savings account,1,0.8884362690511657
2025-10-30,16932685,Credit card,Credit reporting or other personal consumer reports,1,0.7634574844969411
2025-09-01,15633431,Checking or savings account,Checking or savings account,1,0.9522795672396445
2025-08-11,15214205,"Money transfer, virtual currency, or money service",Checking or savings account,1,0.4881583998639461
2025-08-07,15151620,Credit card,Credit card,1,0.7654402853205888
2025-11-13,17236104,Credit card,Credit card,1,0.8395147438428445
2025-07-03,14452224,Checking or savings account,Checking or savings account,1,0.9232719695275837
2025-09-08,15792592,Checking or savings account,Checking or savings account,1,0.7155523110749892
2025-09-30,16270411,Checking or savings account,Checking or savings account,1,0.7244559322462342
2025-09-06,15771780,Credit card,Credit card,1,0.718599468793904
2025-07-10,14568528,Credit card,Credit card,1,0.9727267955423241
2025-08-11,15219529,Credit card,Credit card,1,0.8222518609297659
2025-09-16,15981885,Credit reporting or other personal consumer reports,Credit reporting or other personal consumer reports,1,0.8619282508115416
2025-07-16,14694053,Checking or savings account,Checking or savings account,1,0.9513004825394482
2025-09-03,15706661,Credit card,Credit card,1,0.8281098405264298
2025-10-29,16893999,Checking or savings account,Checking or savings account,1,0.912402459446002
2025-10-08,16432641,Credit card,Credit card,1,0.9111631256700216
2025-08-07,15149321,Debt collection,Debt collection,1,0.43834360625993546
2025-12-30,18378769,Credit card,Credit card,1,0.8161372846361056
2026-01-08,18574112,"Money transfer, virtual currency, or money service","Money transfer, virtual currency, or money service",1,0.7364880801397687
2025-12-19,18164530,Credit card,Credit card,1,0.8424981169689363
2025-09-30,16280930,Checking or savings account,Checking or savings account,1,0.9286823976833478
2025-09-29,16246062,Checking or savings account,Checking or savings account,1,0.8380611740451713
2025-08-18,15346027,Checking or savings account,Checking or savings account,1,0.7815765386127028
2025-10-20,16695070,Credit card,Credit card,1,0.590590795349993
2025-09-01,15649238,Credit reporting or other personal consumer reports,Credit card,1,0.4735869310438449
2026-01-09,18605777,Mortgage,Mortgage,1,0.753990052789641
2025-07-17,14708807,Vehicle loan or lease,Vehicle loan or lease,1,0.7209345616796866
2025-10-14,16570520,Checking or savings account,Checking or savings account,1,0.9187953871265898
2025-09-12,15905527,Checking or savings account,Checking or savings account,1,0.9676248153507941
2025-07-08,14520447,"Money transfer, virtual currency, or money service","Money transfer, virtual currency, or money service",1,0.46885187268760314
2025-11-28,17955510,Credit reporting or other personal consumer reports,Credit reporting or other personal consumer reports,1,0.9062946197880989
2026-01-06,18511153,Checking or savings account,Credit card,1,0.4555937794497251
2025-09-26,16166253,Mortgage,Mortgage,1,0.48357458936897046
2025-11-21,18535053,Checking or savings account,Checking or savings account,1,0.9269187600246426
2025-07-28,14908343,Checking or savings account,Checking or savings account,1,0.8738830030399924
2025-08-08,15173208,Checking or savings account,Checking or savings account,1,0.9105937909385425
2025-07-11,14592209,"Money transfer, virtual currency, or money service",Checking or savings account,1,0.7573494247936838
2025-07-10,14577447,Credit card,Credit card,1,0.932958738178613
2025-07-04,14465284,Checking or savings account,Checking or savings account,1,0.945513263776569
2026-01-30,19139684,Checking or savings account,Checking or savings account,1,0.910803765462874
2025-12-24,18276618,Checking or savings account,Checking or savings account,1,0.9589674551788664
2025-07-10,14571768,"Money transfer, virtual currency, or money service",Checking or savings account,1,0.844275767695812
2025-08-09,15186249,Credit card,Credit card,1,0.8673479150933758
2025-09-24,16160713,Credit reporting or other personal consumer reports,Credit reporting or other personal consumer reports,1,0.8527931774600493
2025-08-02,15023489,Credit card,Credit card,1,0.7476307833413548
2025-10-07,16421464,Checking or savings account,Checking or savings account,1,0.927806552851879
2026-01-26,18996977,Checking or savings account,Checking or savings account,1,0.43859242668272924
2025-11-17,17303025,Checking or savings account,Checking or savings account,1,0.9171460901529388
2025-09-14,15929297,Debt collection,Credit reporting or other personal consumer reports,1,0.6632959499530356
2025-08-13,15265883,Credit card,Credit card,1,0.788542825017733
2026-01-14,18706854,Credit card,Credit card,1,0.46522488851975147
2025-11-24,17836364,"Money transfer, virtual currency, or money service",Checking or savings account,1,0.8728229732143501
2025-10-31,16917659,Credit card,Checking or savings account,1,0.43380831539077874
2025-08-22,15447544,Credit card,Credit card,1,0.9413510717639869
2025-09-23,16125557,Debt collection,Credit reporting or other personal consumer reports,1,0.5828603054838223
2025-09-26,16191842,Credit card,Credit reporting or other personal consumer reports,1,0.7724813850771972
2025-08-13,15255649,Credit card,Credit card,1,0.8404762090025413
2025-08-20,15414196,"Money transfer, virtual currency, or money service","Money transfer, virtual currency, or money service",1,0.8022327680471503
2026-01-22,18922640,Credit card,Credit card,1,0.670058823400009
2025-11-07,17097976,Credit reporting or other personal consumer reports,Debt collection,1,0.6866653949009205
2025-11-21,17750103,Checking or savings account,Checking or savings account,1,0.9084101286723256
2025-09-18,16024188,Credit card,Credit card,1,0.9144717432501664
2025-11-14,17249821,Debt collection,Credit reporting or other personal consumer reports,1,0.8956771243126359
2025-10-17,16664379,Checking or savings account,Checking or savings account,1,0.5377214918272476
2026-01-26,18997383,"Money transfer, virtual currency, or money service",Credit card,1,0.813998081433286
2025-09-19,16057388,Checking or savings account,Checking or savings account,1,0.760972864824251
2025-08-15,15311600,Checking or savings account,Checking or savings account,1,0.7893751634117298
2025-07-14,14648378,Credit card,Credit card,1,0.8426552832715181
2025-09-18,16011683,Credit reporting or other personal consumer reports,Debt collection,1,0.8009731732318821
2025-10-29,16891143,Credit reporting or other personal consumer reports,Credit reporting or other personal consumer reports,1,0.8425722967561625
2026-01-06,18508611,Checking or savings account,Checking or savings account,1,0.8708750412881212
2026-01-03,18447287,Checking or savings account,Checking or savings account,1,0.886335409014822
2025-09-15,15944372,Credit reporting or other personal consumer reports,Debt collection,2,0.8526197770416021
2026-01-30,19142932,Checking or savings account,Checking or savings account,1,0.8834486863426984
2025-09-03,15692242,Credit card,Credit card,1,0.9403474823960591
2026-01-03,18444894,Checking or savings account,Checking or savings account,1,0.7211861408563783
2026-01-25,18986287,Credit card,Credit card,1,0.9370805366552362
2025-09-15,15944670,Checking or savings account,"Money transfer, virtual currency, or money service",1,0.8823470914557413
2026-01-22,18912419,Credit card,Credit card,1,0.934132365208154
2025-11-13,17208132,Checking or savings account,Checking or savings account,1,0.5519431022509996
2025-11-26,17952151,Checking or savings account,Checking or savings account,1,0.8837989185314492
2025-11-09,17119753,Checking or savings account,Checking or savings account,1,0.9550225563599168
2026-01-20,18871081,Credit card,Credit card,1,0.7468570532388138
2026-01-22,18936646,Checking or savings account,Checking or savings account,1,0.9184862123122711
2026-01-30,19133599,Checking or savings account,Credit card,1,0.5025615289493067
2025-10-23,16783143,Credit card,Credit card,1,0.8827181376428825
2026-01-25,18994878,Checking or savings account,Checking or savings account,1,0.890482176399165
2025-07-03,14444586,Credit card,Credit card,1,0.8141282519597665
2025-11-21,17416661,Checking or savings account,Checking or savings account,1,0.8257739664717446
2025-07-28,14923097,Checking or savings account,Checking or savings account,1,0.26567948092581456
2025-08-28,15567869,Checking or savings account,Checking or savings account,1,0.5375935619556689
2025-09-10,15849582,Mortgage,Mortgage,1,0.6406019579133675
2026-01-24,18975340,Checking or savings account,Checking or savings account,1,0.9049283405529213
2025-11-17,17300310,"Money transfer, virtual currency, or money service",Checking or savings account,1,0.6261210614639866
2025-09-29,16252177,Credit card,Credit card,1,0.8342435516859643
2026-01-26,19013415,Checking or savings account,Checking or savings account,1,0.7517483525230385
2025-08-28,15594298,"Money transfer, virtual currency, or money service",Checking or savings account,1,0.835331020024737
2025-07-17,14715214,Checking or savings account,Checking or savings account,1,0.7471670410225538
2025-12-26,18300509,Checking or savings account,Checking or savings account,1,0.7801438302334546
2025-07-16,14686520,"Money transfer, virtual currency, or money service","Money transfer, virtual currency, or money service",1,0.8782612815741109
2025-11-25,17877638,Checking or savings account,Checking or savings account,1,0.47946835226347434
2026-01-13,18675335,Credit card,Credit card,1,0.7806691601118522
2025-07-29,14947028,Checking or savings account,Checking or savings account,1,0.7486826515219279
2026-01-28,19080990,Checking or savings account,Checking or savings account,1,0.8245775996098592
2025-10-22,16744775,Checking or savings account,Checking or savings account,1,0.9388419553033994
2026-01-22,18927294,Mortgage,Mortgage,1,0.7165484262041155
2026-01-21,18879570,Checking or savings account,Checking or savings account,1,0.8836305306432045
2025-08-15,15308577,Checking or savings account,Checking or savings account,1,0.9538903894116956
2026-01-23,18960217,Credit card,Credit card,1,0.8752160214449525
2025-11-04,17020425,Credit card,Credit card,1,0.46170413506025515
2025-08-16,15332178,Credit card,Credit card,1,0.7002781432470936
2025-11-19,17363477,"Money transfer, virtual currency, or money service","Money transfer, virtual currency, or money service",1,0.8458804112786801
2026-01-07,18524259,Credit card,Credit card,1,0.9147028104096925
2025-10-28,16863640,Credit card,Checking or savings account,1,0.5372833466674752
2025-09-08,15799378,Checking or savings account,Checking or savings account,1,0.9008512123069606
2025-10-27,16831797,Credit card,Credit card,1,0.9224588367658244
2025-07-15,14663213,Checking or savings account,Checking or savings account,1,0.9409060768978774
2026-01-13,18683015,Checking or savings account,Checking or savings account,1,0.9283691509872961
2025-11-19,17360533,"Money transfer, virtual currency, or money service","Money transfer, virtual currency, or money service",1,0.7088026052760524
2025-12-24,18278053,Checking or savings account,Checking or savings account,1,0.6360316507141498
2025-10-31,16955364,Checking or savings account,Checking or savings account,1,0.6938720393740456
2025-10-14,16555008,Checking or savings account,Checking or savings account,1,0.9157117861875923
2025-08-22,15450853,Credit card,Credit card,1,0.6026934028797265
2025-12-26,18293034,Credit reporting or other personal consumer reports,Credit reporting or other personal consumer reports,1,0.9266668742060395
2025-11-24,17884663,Credit card,Credit card,1,0.9308490622029896
2026-01-27,19049747,Checking or savings account,Checking or savings account,1,0.92121649463156
2025-12-08,17819972,Checking or savings account,Checking or savings account,1,0.8745645964067877
2025-11-03,16981424,Credit card,Credit card,1,0.9646638197153722
2025-09-26,16202867,Checking or savings account,Checking or savings account,1,0.8599546988287398
2025-11-10,17139547,Credit reporting or other personal consumer reports,Credit reporting or other personal consumer reports,1,0.8255791956509233
2025-11-22,18374755,Credit card,Checking or savings account,1,0.4508684502783104
2025-07-26,14896248,Checking or savings account,Checking or savings account,1,0.9190422892198084
2026-01-14,18702696,Credit card,Credit card,1,0.6614231033078385
2025-07-09,14561098,Checking or savings account,Checking or savings account,1,0.8179544177649349
2025-12-23,18235778,Checking or savings account,Credit card,1,0.5438137420759701
2025-11-21,17800970,Checking or savings account,Checking or savings account,1,0.8837232704741848
2025-09-03,15697750,"Money transfer, virtual currency, or money service",Checking or savings account,1,0.6746287925095081
2025-10-16,16615390,Checking or savings account,Checking or savings account,1,0.934174549357702
2025-10-21,16726075,Checking or savings account,Checking or savings account,1,0.8562128061455502
2026-01-09,18611589,Credit card,Credit card,1,0.9321125351692888
2025-10-15,16584778,Checking or savings account,Checking or savings account,1,0.5997562362149691
2025-11-26,17922626,Credit card,Credit card,1,0.8864213116060174
2026-01-27,19051964,Checking or savings account,Checking or savings account,1,0.7670294082476253
2025-12-26,18299757,Debt collection,Debt collection,1,0.5446188314320293
2025-10-06,16391976,"Money transfer, virtual currency, or money service","Money transfer, virtual currency, or money service",1,0.9000105418249517
2026-01-13,18689329,Checking or savings account,Credit card,1,0.7902156573630551
2025-12-03,18111389,Debt collection,Credit reporting or other personal consumer reports,15,0.6960793989574904
2025-12-23,18257947,Checking or savings account,Checking or savings account,1,0.7981197020234913
2026-01-19,18835136,Checking or savings account,Checking or savings account,1,0.8975402987367307
2025-07-14,14642139,Credit card,Credit card,1,0.9618229400503892
2025-12-15,18031972,Credit reporting or other personal consumer reports,Credit reporting or other personal consumer reports,1,0.8971490893339649
2025-09-17,15992262,Checking or savings account,Checking or savings account,1,0.6169878370897363
2025-12-28,18332341,Credit card,Credit card,1,0.8719500329463782
2025-11-13,17227871,Checking or savings account,Checking or savings account,1,0.8284166199489903
2025-11-05,17038952,Credit reporting or other personal consumer reports,Credit reporting or other personal consumer reports,1,0.8273607503209058
2025-09-27,16219848,Credit card,Credit card,1,0.8213166055069306
2026-01-13,18691645,Debt collection,Credit card,1,0.46845309708172245
2025-08-02,15025340,Checking or savings account,Checking or savings account,1,0.7095382560441382
2025-08-05,15100431,Checking or savings account,Checking or savings account,1,0.8962151881749758
2026-01-26,18998107,Credit card,Credit reporting or other personal consumer reports,1,0.6225451544596231
2025-07-20,14790470,Checking or savings account,Checking or savings account,1,0.9358628891889249
2025-09-02,15670574,Credit card,Credit card,1,0.8240347704733745
2025-10-22,16744262,Checking or savings account,Checking or savings account,1,0.7154029585524905
2026-01-22,18926358,Checking or savings account,Checking or savings account,1,0.8967383487025947
2025-11-23,17455581,"Money transfer, virtual currency, or money service",Checking or savings account,1,0.8174979686893683
2025-07-29,14960145,Checking or savings account,Checking or savings account,1,0.9081507476140601
2025-07-03,14411546,Checking or savings account,Checking or savings account,1,0.7309128539777846
2025-07-02,14421172,"Money transfer, virtual currency, or money service",Checking or savings account,1,0.6850349261329115
2025-12-03,18074136,Credit card,Credit card,1,0.8521082412800293
2025-07-29,14952710,Vehicle loan or lease,Credit card,1,0.4741520659980973
2025-10-07,16430856,Credit card,Credit reporting or other personal consumer reports,1,0.8577767995163489
2025-09-29,16239937,Credit card,Credit card,1,0.9248264111250323
2025-08-28,15574798,"Money transfer, virtual currency, or money service",Checking or savings account,1,0.7749902292090546
2025-07-07,14484795,Checking or savings account,Checking or savings account,1,0.6925454795828131
2025-07-09,14561639,Debt collection,Debt collection,1,0.5655498708151164
2025-07-16,14680729,Checking or savings account,Checking or savings account,1,0.7421201522141208
2025-12-14,18026480,Credit reporting or other personal consumer reports,Debt collection,2,0.5169758303687297
2025-10-07,16422540,Credit card,Credit card,1,0.8603292695317218
2026-01-14,18701846,Checking or savings account,Checking or savings account,1,0.9793978726592206
2025-11-22,17771784,Credit card,Credit card,1,0.9519458982995811
2025-10-21,16692348,Checking or savings account,Checking or savings account,1,0.9257208490250326
2026-01-29,19090406,Checking or savings account,Checking or savings account,1,0.5784957973647785
2025-12-22,18215687,Credit card,Credit card,1,0.7015571812482273
2025-09-27,16219066,Checking or savings account,Checking or savings account,1,0.8636106958767011
2026-01-09,18610518,Checking or savings account,Checking or savings account,1,0.9010282071126335
2025-08-14,15291889,Checking or savings account,Checking or savings account,1,0.8835131724552814
2025-07-01,14390050,Checking or savings account,Checking or savings account,1,0.9071447640709982
2025-09-25,16144496,Checking or savings account,Checking or savings account,1,0.8622520674199322
2025-08-29,15604306,Checking or savings account,Checking or savings account,1,0.8114560109145325
2025-08-13,15256012,Credit reporting or other personal consumer reports,Credit reporting or other personal consumer reports,1,0.7261892301440306
2025-08-10,15195685,Credit card,Credit card,1,0.9218361530720635
2025-11-17,17299891,Credit card,Credit card,1,0.8173558547372047
2025-12-04,18074372,Checking or savings account,Credit card,1,0.7268531368264246
2025-08-15,15311344,Debt collection,Credit card,1,0.7125263187152676
2025-12-04,18114444,Checking or savings account,Checking or savings account,1,0.9244829012593305
2025-10-08,16450725,Checking or savings account,Checking or savings account,1,0.7357273291366409
2025-08-18,15354054,Credit reporting or other personal consumer reports,Credit card,1,0.6199652761570359
2025-10-21,16719794,Checking or savings account,Checking or savings account,1,0.9208423590107492
2025-08-05,15092351,Checking or savings account,Checking or savings account,1,0.8816517853052982
2025-10-24,16801851,Checking or savings account,Credit card,1,0.5980940498085152
2025-07-18,14730080,Credit card,Credit card,1,0.47651814920721697
2025-10-18,16648913,Credit reporting or other personal consumer reports,Credit reporting or other personal consumer reports,1,0.8440526348040328
2025-07-23,14838843,Credit card,Credit card,1,0.7924798973188389
2025-08-30,15610389,Checking or savings account,Checking or savings account,1,0.6933441492184388
2025-10-28,16836945,"Money transfer, virtual currency, or money service","Money transfer, virtual currency, or money service",1,0.47723732020629467
2025-10-25,16818947,Checking or savings account,Checking or savings account,1,0.5630139491939729
2025-11-26,17887313,Credit card,Credit card,1,0.8765957684437543
2025-11-21,17401614,Checking or savings account,Checking or savings account,1,0.7688938774320283
2026-01-20,18853849,Checking or savings account,Checking or savings account,1,0.9156282331106609
2025-11-23,17453850,Credit card,Credit card,1,0.8168157102980486
2025-10-09,16467968,Credit card,Credit reporting or other personal consumer reports,1,0.7521652181445092
2025-08-01,14989651,Checking or savings account,Credit card,1,0.7274021687880033
2026-01-12,18650495,Checking or savings account,Checking or savings account,1,0.8836386028642923
2025-12-23,18250945,Credit card,Credit card,1,0.781197408576781
2025-08-08,15174622,Checking or savings account,Checking or savings account,1,0.4830580835486569
2025-12-31,18393505,Checking or savings account,Checking or savings account,1,0.7563386812711154
2026-01-24,18982221,Credit card,Credit card,1,0.8127418078592575
2025-12-03,18072586,Credit card,Credit card,1,0.7382578835361823
2025-10-14,16561471,Credit card,Credit reporting or other personal consumer reports,1,0.5500095455166524
2025-10-28,16876671,Credit card,Credit card,1,0.9401145823318507
2025-08-07,15147066,Checking or savings account,Checking or savings account,1,0.956266010698836
2025-12-03,18141269,Checking or savings account,Checking or savings account,1,0.9268857601440347
2025-12-09,17868073,Credit card,Checking or savings account,1,0.4589254523408077
2025-09-07,15777295,Checking or savings account,Checking or savings account,1,0.5202273246215574
2025-10-28,16837732,Checking or savings account,Checking or savings account,1,0.639593561861348
2025-12-01,18048844,Credit card,Credit card,1,0.9290413306734879
2025-09-10,15855955,Credit card,Credit card,1,0.6098475712492416
2025-08-10,15185108,Credit card,Credit card,1,0.7977087084846989
2025-07-30,14965972,Checking or savings account,Checking or savings account,1,0.9249408199271981
2025-07-29,14946903,Checking or savings account,Checking or savings account,1,0.7489944412227864
2025-11-28,17961196,Credit card,Credit card,1,0.9397395751893237
2025-10-17,16656090,Credit card,Credit card,1,0.7745526621324856
2025-12-07,17814551,Checking or savings account,Checking or savings account,1,0.9127740572489778
2025-12-09,17889430,Credit card,Credit card,1,0.7835781792654481
2025-07-30,14981429,Checking or savings account,Checking or savings account,1,0.9080182856866831
2025-07-21,14782626,Checking or savings account,Checking or savings account,1,0.9596804008451633
2025-11-03,16971798,Checking or savings account,Checking or savings account,1,0.4964920513420556
2025-10-02,16333267,Credit card,Credit card,1,0.8594974527072377
2025-11-26,17921016,Debt collection,Debt collection,1,0.68709202021574
2025-08-30,15623813,Checking or savings account,Checking or savings account,1,0.8497846401938339
2026-01-15,18750775,Checking or savings account,Checking or savings account,1,0.6288245346147581
2025-09-18,16020175,Checking or savings account,Checking or savings account,1,0.5394974523146211
2025-11-19,17358291,Credit card,Credit card,1,0.8412445263179866
2025-07-02,14424090,Checking or savings account,Checking or savings account,1,0.9264823447022188
2025-12-08,17830642,Checking or savings account,Checking or savings account,1,0.9383567577714794
2025-11-26,17921097,Credit card,Checking or savings account,1,0.6508334536979238
2026-01-07,18517334,Checking or savings account,Checking or savings account,1,0.9386936031228941
2025-12-25,18282770,Checking or savings account,"Money transfer, virtual currency, or money service",1,0.4406930760717431
2026-01-06,18509163,Checking or savings account,Checking or savings account,1,0.950141722033537
2025-12-04,18140037,"Money transfer, virtual currency, or money service","Money transfer, virtual currency, or money service",1,0.5318822253545809
2026-01-12,18661628,Checking or savings account,Checking or savings account,1,0.8663001428798477
2025-09-13,15916042,"Money transfer, virtual currency, or money service","Money transfer, virtual currency, or money service",1,0.5701342730811791
2026-01-19,18838435,Credit card,Credit card,1,0.8541138236282317
2026-01-27,19044483,Credit card,Credit card,1,0.9015710324543259
2025-10-31,16949595,Checking or savings account,Credit card,1,0.6279772806436416
2025-07-29,14951410,"Money transfer, virtual currency, or money service",Checking or savings account,1,0.6673603554727916
2026-01-13,18693268,Checking or savings account,"Money transfer, virtual currency, or money service",1,0.7398533742218666
2025-10-27,16844820,Checking or savings account,Checking or savings account,1,0.8522363874986993
2025-12-23,18262797,Credit card,Credit card,1,0.7357954843374087
2025-10-17,16658447,Checking or savings account,Credit card,1,0.484065360022657
2025-12-04,18106920,Checking or savings account,Checking or savings account,1,0.851961674012239
2025-10-03,16345348,Checking or savings account,Checking or savings account,1,0.8848802300488039
2025-12-15,18036877,Checking or savings account,Checking or savings account,1,0.5635952101740308
2025-08-07,15150053,Credit reporting or other personal consumer reports,Credit reporting or other personal consumer reports,1,0.9103404270744981
2025-10-14,16566688,Checking or savings account,Checking or savings account,1,0.810203382361963
2026-01-24,18981088,Credit card,Checking or savings account,1,0.5684983775332949
2025-08-19,15373840,Checking or savings account,Checking or savings account,1,0.8410262904897802
2025-09-29,16232527,Credit card,Credit card,1,0.8796516504734512
2025-09-28,16216505,Credit reporting or other personal consumer reports,Credit reporting or other personal consumer reports,1,0.8536403290364749
2025-07-29,14957065,Checking or savings account,Checking or savings account,1,0.9288051030454669
2025-08-15,15314059,Checking or savings account,Checking or savings account,1,0.6225982914534779
2025-10-01,16293973,Checking or savings account,"Money transfer, virtual currency, or money service",1,0.7798823768250065
2026-01-28,19057844,"Money transfer, virtual currency, or money service",Checking or savings account,1,0.7350218774786385
2026-01-24,18973569,Checking or savings account,Checking or savings account,1,0.938677312934688
2025-09-27,16220848,Credit card,Credit card,1,0.8087811748456367
2025-11-03,16982069,Credit card,Credit card,1,0.6583495800748066
2025-09-19,16065031,Checking or savings account,Checking or savings account,1,0.7725063637565318
2025-08-21,15437825,Checking or savings account,Checking or savings account,1,0.420426363501476
2025-11-25,17926829,Checking or savings account,Checking or savings account,1,0.7805077412927716
2026-01-06,18505986,Checking or savings account,Checking or savings account,1,0.8245192824871556
2025-07-10,14574843,Checking or savings account,Checking or savings account,1,0.7556643052958915
2025-07-28,14929838,Checking or savings account,Checking or savings account,1,0.8849481202352686
2025-07-07,14507458,Checking or savings account,Checking or savings account,1,0.9731587338426083
2025-11-27,17762725,Credit card,Credit card,1,0.8970514615832771
2025-10-30,16920246,Checking or savings account,Checking or savings account,1,0.7595057103686914
2025-08-14,15254242,Checking or savings account,"Money transfer, virtual currency, or money service",1,0.6682237954727784
2025-09-12,15914010,Checking or savings account,Checking or savings account,1,0.918923250369602
2025-12-16,18075185,Checking or savings account,Checking or savings account,1,0.7081244406757198
2025-12-03,18105989,Vehicle loan or lease,Vehicle loan or lease,1,0.6285840287527442
2026-01-27,19045383,Checking or savings account,Checking or savings account,1,0.9380082965544574
2025-11-07,17064216,Credit reporting or other personal consumer reports,Credit reporting or other personal consumer reports,1,0.9387724732867735
2025-11-04,17012210,Credit card,Credit card,1,0.7438654941077535
2025-11-03,16993920,Credit card,Credit card,1,0.506746426742816
2025-09-24,16146668,"Money transfer, virtual currency, or money service",Checking or savings account,1,0.7380856861263317
2025-07-10,14573330,Debt collection,Credit reporting or other personal consumer reports,1,0.7530254778909535
2025-08-20,15399820,Credit card,Credit card,1,0.8749233741310473
2026-01-06,18515475,Credit card,Credit card,1,0.8644612112974094
2026-01-12,18647727,Checking or savings account,Checking or savings account,1,0.706179759176039
2025-08-04,15071885,Debt collection,Debt collection,1,0.6476925382828683
2025-07-04,14466421,Checking or savings account,Checking or savings account,1,0.929412136818609
2026-01-18,18817537,Checking or savings account,Checking or savings account,1,0.8905767621727035
2025-12-28,18325818,Checking or savings account,Checking or savings account,1,0.41918981597691934
2025-12-04,18108379,Mortgage,Mortgage,1,0.7958208912989502
2025-07-15,14676407,Checking or savings account,Checking or savings account,1,0.9249151117558044
2025-07-10,14536971,Checking or savings account,Checking or savings account,1,0.9314868388664655
2026-01-29,19092239,Credit card,Credit card,1,0.9474199856090482
2025-07-31,14994797,Credit card,Credit card,1,0.9071788912979443
2025-09-09,15830358,Checking or savings account,Checking or savings account,1,0.9181463084679203
2025-08-13,15249257,Checking or savings account,Checking or savings account,1,0.8072637003851261
2025-11-19,17363302,Checking or savings account,Checking or savings account,1,0.9462562998297935
2025-07-05,14464188,Checking or savings account,Checking or savings account,1,0.7681596896922541
2025-11-09,17124832,Checking or savings account,Checking or savings account,1,0.8549628425381345
2025-11-05,17051344,Debt collection,Credit reporting or other personal consumer reports,1,0.7534202686845615
2025-07-10,14569650,Credit reporting or other personal consumer reports,Credit reporting or other personal consumer reports,1,0.81393951717833
2026-01-14,18704268,Checking or savings account,Checking or savings account,1,0.9623706907993732
2026-01-26,18999241,Checking or savings account,Checking or savings account,1,0.8053478292018154
2025-07-07,14484792,Checking or savings account,Checking or savings account,1,0.9100263594909564
2025-10-27,16841812,Credit card,Credit card,1,0.8633887397777616
2025-08-30,15624423,Credit card,Credit card,1,0.8955443537647336
2026-01-24,18977336,Checking or savings account,Checking or savings account,1,0.49992682888449685
2026-01-06,18499622,Credit card,Credit card,1,0.690909022014586
2025-11-21,17413035,Checking or savings account,Checking or savings account,1,0.7190445327867282
2025-08-27,15552070,Credit card,Credit card,1,0.8386876773223767
2025-07-19,14757004,Checking or savings account,Checking or savings account,1,0.8868044373318836
2025-09-10,15847946,Checking or savings account,Checking or savings account,1,0.6967899434892172
2025-09-30,16272180,Checking or savings account,Checking or savings account,1,0.7709959537552487
2025-09-03,15695839,Checking or savings account,Checking or savings account,1,0.9211391383089481
2025-10-31,16945223,Checking or savings account,Checking or savings account,1,0.501440310750962
2026-01-11,18633940,Checking or savings account,Checking or savings account,1,0.8637859657934451
2026-01-21,18881516,Credit card,Credit card,1,0.9165666470542307
2025-10-27,16842659,Checking or savings account,Checking or savings account,1,0.6816598559766924
2025-07-25,14878127,"Money transfer, virtual currency, or money service","Money transfer, virtual currency, or money service",1,0.7781693689542436
2026-01-13,18670563,Checking or savings account,Checking or savings account,1,0.5176350435126746
2025-10-18,16643665,Debt collection,Credit reporting or other personal consumer reports,1,0.601760077870928
2025-09-29,16252925,Checking or savings account,Checking or savings account,1,0.6125902494489431
2025-11-16,17284876,Checking or savings account,Checking or savings account,1,0.8679772053127158
2026-01-27,19042356,Checking or savings account,Checking or savings account,1,0.9027261327183242
2026-01-18,18813628,Mortgage,Mortgage,1,0.8592223623581677
2025-12-03,18072127,Checking or savings account,Checking or savings account,1,0.8817703910324312
2025-10-22,16744550,Debt collection,Credit card,1,0.41396673384792754
2025-07-16,14679512,Checking or savings account,Checking or savings account,1,0.9231195083443399
2025-09-17,16001555,Credit card,Credit reporting or other personal consumer reports,1,0.583991823156688
2025-08-12,15235557,Checking or savings account,Checking or savings account,1,0.6233105562843699
2025-11-22,17442757,Vehicle loan or lease,Credit card,1,0.580094392067107
2025-12-07,17807535,Credit reporting or other personal consumer reports,Credit reporting or other personal consumer reports,1,0.7173845024521239
2025-07-02,14400681,Credit card,Credit card,1,0.5341672850992275
2025-09-15,15928224,Checking or savings account,Checking or savings account,1,0.887049589583655
2025-07-25,14884876,Credit reporting or other personal consumer reports,Credit reporting or other personal consumer reports,1,0.7246283027234925
2025-11-26,17922330,Debt collection,Debt collection,1,0.7785993481792822
2025-10-01,16279859,Debt collection,Credit reporting or other personal consumer reports,1,0.7322121074981172
2025-12-24,18266135,Credit reporting or other personal consumer reports,Credit card,1,0.5618493951172243
2025-11-28,17957126,Checking or savings account,Checking or savings account,1,0.8481186201035197
2026-01-26,19006275,Credit card,Credit card,1,0.7660640675717284
2025-07-21,14783945,Credit card,Credit card,1,0.9549893202881599
2026-01-04,18449079,Checking or savings account,Checking or savings account,1,0.7977818115076687
2026-01-22,18937667,Checking or savings account,Checking or savings account,1,0.9528250559000545
2025-10-27,16856007,Debt collection,Credit reporting or other personal consumer reports,1,0.8471503655187728
2025-07-27,14908677,Credit reporting or other personal consumer reports,Credit reporting or other personal consumer reports,1,0.8729727937159087
2025-09-08,15796266,Mortgage,Mortgage,1,0.8002474545093118
2025-10-17,16641741,Credit reporting or other personal consumer reports,Credit reporting or other personal consumer reports,1,0.9081783287319413
2025-07-19,14753657,Credit reporting or other personal consumer reports,Credit reporting or other personal consumer reports,2,0.9099574700428699
2025-09-21,16118483,Checking or savings account,Credit card,1,0.8657580637885673
2025-09-08,15805002,Credit card,Credit card,1,0.6676429022765175
2025-07-09,14530146,Credit card,Credit card,1,0.8481492246175236
2025-08-23,15475819,Checking or savings account,Checking or savings account,1,0.8800560570177488
2025-08-28,15587072,Credit card,Credit card,1,0.8906111637723618
2025-08-28,15563142,Checking or savings account,Checking or savings account,1,0.6060888591312663
2025-09-08,15791480,Credit card,Credit card,1,0.9421299191072663
2025-08-15,15312656,Credit card,Credit card,1,0.9219982908150154
2025-07-24,14820896,"Money transfer, virtual currency, or money service","Money transfer, virtual currency, or money service",1,0.6389614926641826
2025-07-08,14484539,Credit card,Credit card,1,0.8195523843821575
2025-07-10,14569155,Checking or savings account,Checking or savings account,1,0.8921847289413009
2025-08-08,15175688,Checking or savings account,Credit card,1,0.6281788595521248
2025-08-01,15031283,Credit card,Credit card,1,0.6799050934528283
2025-11-15,17272651,Checking or savings account,Checking or savings account,1,0.8471199167495506
2025-09-02,15676753,Credit card,Credit card,1,0.9179251064456898
2025-11-19,17368871,Checking or savings account,Checking or savings account,1,0.9673737060397394
2025-08-28,15589411,Checking or savings account,Checking or savings account,1,0.7698566610140071
2026-01-28,19086853,Checking or savings account,Checking or savings account,1,0.6620109854815132
2025-08-12,15230032,"Money transfer, virtual currency, or money service",Checking or savings account,1,0.8956942487907065
2025-07-09,14541577,Credit reporting or other personal consumer reports,Credit reporting or other personal consumer reports,1,0.7811009849068066
2025-07-03,14438857,Checking or savings account,Checking or savings account,1,0.875735091151398
2025-07-14,14643089,Credit card,Credit card,1,0.7744237244874141
2025-11-26,17894032,Credit card,Credit card,1,0.7092811390133312
2025-11-26,17888263,Credit card,Credit card,1,0.8336233793274735
2025-09-27,16215787,Checking or savings account,Checking or savings account,1,0.9606424954510087
2025-08-29,15603178,Checking or savings account,Checking or savings account,1,0.7193161425702396
2025-10-19,16682056,Debt collection,Credit reporting or other personal consumer reports,1,0.8160660815216095
2025-11-14,17248648,Checking or savings account,Checking or savings account,1,0.629867683519784
2025-11-24,17887288,Checking or savings account,Credit card,1,0.9166532550222642
2025-07-01,14402829,Checking or savings account,Checking or savings account,1,0.9540925051171296
2025-09-26,16200082,"Money transfer, virtual currency, or money service","Money transfer, virtual currency, or money service",1,0.8258089982887472
2026-01-27,19035880,Checking or savings account,Checking or savings account,1,0.9430070542526483
2025-11-10,17132421,Credit card,Credit card,1,0.9257736791346978
2025-12-31,18393126,Checking or savings account,Checking or savings account,1,0.9056726431025833
2025-10-24,16814106,Credit reporting or other personal consumer reports,Credit reporting or other personal consumer reports,1,0.8445355080951807
2025-07-02,14411768,Checking or savings account,Checking or savings account,1,0.9061666626773781
2025-09-19,16063816,Checking or savings account,Checking or savings account,1,0.8947768233475362
2025-11-05,17036521,Debt collection,Credit reporting or other personal consumer reports,1,0.5080988463285155
2025-12-03,18105287,"Money transfer, virtual currency, or money service","Money transfer, virtual currency, or money service",1,0.8483486930015801
2025-08-22,15428989,Checking or savings account,Checking or savings account,1,0.9523003688038315
2025-11-08,17089381,"Money transfer, virtual currency, or money service",Checking or savings account,1,0.6591249790159037
2025-07-02,14419119,"Money transfer, virtual currency, or money service",Checking or savings account,1,0.8583536890766789
2025-11-14,17249890,Checking or savings account,Checking or savings account,1,0.8872489074672716
2025-09-16,15979032,Checking or savings account,Checking or savings account,1,0.7820740426839263
2026-01-07,18535503,Credit card,Credit card,1,0.9180075654286113
2025-08-14,15292815,Checking or savings account,Checking or savings account,1,0.8588661483294012
2025-08-17,15340586,Checking or savings account,Checking or savings account,1,0.9310982308742447
2026-01-21,18888970,Checking or savings account,Checking or savings account,1,0.6418586271719086
2025-07-09,14531857,Checking or savings account,Checking or savings account,1,0.6929805697213031
2025-08-06,15117104,Credit reporting or other personal consumer reports,Credit reporting or other personal consumer reports,1,0.7258080112073729
2025-08-31,15632232,Checking or savings account,Checking or savings account,1,0.9396997859416771
2026-01-02,18430548,Credit card,Checking or savings account,1,0.8851348160139517
2025-11-27,17541481,Credit card,Checking or savings account,1,0.672520693231719
2025-07-11,14601053,Debt collection,Debt collection,1,0.6932149099176798
2025-12-07,17812829,Credit reporting or other personal consumer reports,Credit reporting or other personal consumer reports,1,0.7056561269936888
2025-12-29,18339167,Credit card,Credit card,1,0.5922336771003879
2025-11-06,17068728,Checking or savings account,Credit card,1,0.49816518358229067
2025-12-27,18323116,Checking or savings account,Checking or savings account,1,0.5098215781737234
2025-10-29,16896496,Mortgage,Credit reporting or other personal consumer reports,1,0.4654541699548409
2025-12-30,18368396,Checking or savings account,Checking or savings account,1,0.9469231322173511
2025-07-30,14972264,Credit card,Credit card,1,0.7575414962340729
2025-08-28,15590222,Credit card,Credit card,1,0.7199917345593558
2025-09-04,15720625,Credit card,Checking or savings account,1,0.6337402161611797
2025-07-15,14668857,Credit reporting or other personal consumer reports,Credit card,1,0.8668225697424051
2025-08-08,15158856,Credit card,Credit card,1,0.6569036440616657
2025-12-30,18375949,Credit card,Credit card,1,0.7995250748675607
2026-01-21,18900173,Credit card,Credit card,1,0.8403906749954007
2025-07-01,14403203,Checking or savings account,Checking or savings account,1,0.811968370216874
2025-07-04,14468041,"Money transfer, virtual currency, or money service",Checking or savings account,1,0.8527336213622728
2025-12-03,18071580,Debt collection,Credit reporting or other personal consumer reports,1,0.813425177517538
2025-07-24,14858763,Credit card,Credit card,1,0.7883476958431226
2025-09-04,15720266,Checking or savings account,Checking or savings account,1,0.8427320990394999
2025-09-04,15731715,Checking or savings account,Checking or savings account,1,0.4773926306816671
2025-07-23,14836917,"Money transfer, virtual currency, or money service",Credit card,1,0.561137893429716
2025-11-21,17414486,Checking or savings account,Checking or savings account,1,0.9180794368320431
2026-01-28,19076335,Checking or savings account,Checking or savings account,1,0.8120415728695459
2025-08-12,15238203,Credit card,Credit card,1,0.4927825280465002
2025-07-25,14854919,Vehicle loan or lease,Vehicle loan or lease,1,0.4543990858154901
2025-11-17,17311061,Checking or savings account,Checking or savings account,1,0.927176446879238
2025-07-01,14399117,Checking or savings account,Checking or savings account,1,0.5886909469469446
2025-08-06,15117543,Checking or savings account,Checking or savings account,1,0.7308913026324935
2025-10-02,16314231,"Money transfer, virtual currency, or money service","Money transfer, virtual currency, or money service",1,0.566006361694471
2026-01-09,18599272,Checking or savings account,Checking or savings account,1,0.9000381734013798
2025-11-05,17049354,Credit card,Credit card,1,0.5998237244049147
2026-01-12,18650196,Debt collection,Debt collection,1,0.3045591831236272
2025-09-26,16212475,Credit reporting or other personal consumer reports,Credit reporting or other personal consumer reports,1,0.8562558390802654
2025-10-06,16393605,"Money transfer, virtual currency, or money service","Money transfer, virtual currency, or money service",1,0.8690943213582978
2025-08-02,15030189,Credit reporting or other personal consumer reports,Credit card,3,0.4870545604066738
2025-08-26,15525332,"Money transfer, virtual currency, or money service","Money transfer, virtual currency, or money service",1,0.4579272767013182
2025-12-31,18398141,Credit card,Credit card,1,0.9240748727244043
2025-11-02,16973124,Checking or savings account,Credit card,1,0.8433882670983119
2026-01-02,18421552,Credit card,Credit card,1,0.8692761924931918
2026-01-23,18960207,Credit card,Credit card,1,0.6648285022029893
2025-07-22,14813675,Vehicle loan or lease,Checking or savings account,1,0.45016124733226076
2025-07-01,14395179,Checking or savings account,Checking or savings account,1,0.7708838485936131
2025-10-25,16817930,Credit reporting or other personal consumer reports,Credit reporting or other personal consumer reports,1,0.8947285034542559
2025-07-10,14557879,Checking or savings account,Checking or savings account,1,0.7953674897609563
2025-08-01,15049931,Checking or savings account,Checking or savings account,1,0.6716985170405194
2025-08-06,15122526,Checking or savings account,Checking or savings account,1,0.9190422174956224
2026-01-22,18913798,Checking or savings account,Checking or savings account,1,0.8439551702572211
2026-01-27,19048462,Credit card,Credit card,1,0.9285596463035125
2025-12-29,18341061,"Money transfer, virtual currency, or money service","Money transfer, virtual currency, or money service",1,0.7660758081465637
2026-01-29,19108249,Credit card,Credit card,1,0.8354892844890811
2025-12-22,18210051,Credit card,Credit card,1,0.6569807300622322
2025-10-29,16858541,Checking or savings account,Checking or savings account,1,0.8671615904305732
2025-10-28,16865031,Credit card,Credit card,1,0.9032420326454543
2026-01-27,19042367,Credit card,Credit card,1,0.7888863672994687
2025-07-25,14883682,Credit card,Credit reporting or other personal consumer reports,1,0.7902849050370299
2025-12-10,17905302,Credit card,Credit card,1,0.4057495417489592
2025-12-04,18113388,Credit card,Credit card,1,0.9508273006483899
2025-08-04,15065353,Credit card,Credit card,1,0.4459043637552653
2025-07-11,14589994,Credit card,Credit card,1,0.7802848592084395
2026-01-29,19096358,Credit card,Credit card,1,0.6469320614686925
2025-08-30,15608081,Credit card,Credit card,1,0.9414208727252874
2025-08-01,15043739,Checking or savings account,Checking or savings account,1,0.5166685271077615
2025-12-08,17844690,Credit card,Credit card,1,0.49279908321675614
2025-11-07,17105974,Checking or savings account,Checking or savings account,1,0.8960196633181705
2025-08-13,15275077,Checking or savings account,Checking or savings account,1,0.7392762353857455
2025-11-11,17170661,"Money transfer, virtual currency, or money service",Checking or savings account,1,0.7817796109058007
2025-12-08,17837736,Checking or savings account,Checking or savings account,1,0.9111612371098353
2025-08-07,15144574,Credit card,Checking or savings account,1,0.43283262148247426
2025-08-06,15121290,Checking or savings account,Checking or savings account,1,0.9142247867983797
2025-09-23,16131471,Checking or savings account,Checking or savings account,1,0.8131312089579185
2025-10-13,16552671,Credit card,Credit card,1,0.752579658556816
2025-09-04,15684260,Checking or savings account,Checking or savings account,1,0.8989299872452188
2025-08-21,15440616,Debt collection,Credit reporting or other personal consumer reports,1,0.7036111962986323
2025-07-30,14939819,Checking or savings account,Checking or savings account,1,0.8129328569224897
2025-09-18,16011690,Debt collection,Credit reporting or other personal consumer reports,1,0.7672025915960377
2025-11-09,17120053,Credit card,Credit card,1,0.8784990109579137
2025-11-05,17031773,Mortgage,Mortgage,1,0.8175178360376698
2025-08-11,15207183,Checking or savings account,Checking or savings account,1,0.9558024956086926
2025-10-03,16353397,Checking or savings account,Checking or savings account,1,0.4327675241306177
2025-07-02,14423067,"Money transfer, virtual currency, or money service","Money transfer, virtual currency, or money service",1,0.7349489433656826
2025-09-08,15774586,"Money transfer, virtual currency, or money service","Money transfer, virtual currency, or money service",1,0.8381795027096784
2026-01-04,18450737,Credit card,Credit card,1,0.8585865629327616
2025-07-01,14391826,Credit card,Credit card,1,0.8567230554337136
2025-07-31,15003018,Checking or savings account,Checking or savings account,1,0.5251106638015504
2025-07-29,14916584,Credit reporting or other personal consumer reports,Credit reporting or other personal consumer reports,1,0.6833906395945863
2025-09-15,18585185,Credit card,Credit reporting or other personal consumer reports,1,0.7758618528284432
2026-01-25,18993717,Credit card,Credit card,1,0.49967052653641986
2025-12-16,18087281,"Money transfer, virtual currency, or money service",Credit card,1,0.5520879448438106
2025-12-18,18153931,Checking or savings account,Checking or savings account,1,0.9334675263659742
2025-12-23,18237142,"Money transfer, virtual currency, or money service",Checking or savings account,1,0.6885136714440955
2026-01-13,18691070,Checking or savings account,Checking or savings account,1,0.5345578898586768
2025-09-10,15845590,"Money transfer, virtual currency, or money service",Checking or savings account,1,0.537575310048564
2025-10-30,16919890,Credit card,Credit card,1,0.9078245801260637
2025-08-25,15496257,"Money transfer, virtual currency, or money service","Money transfer, virtual currency, or money service",1,0.4756586433945175
2025-11-20,17826205,Checking or savings account,Checking or savings account,1,0.8618015863312012
2025-10-29,16897636,Credit card,Credit card,1,0.9588739203698249
2025-12-31,18396548,Credit card,Credit card,1,0.8849270568599922
2025-11-20,17353054,Credit reporting or other personal consumer reports,Credit reporting or other personal consumer reports,1,0.821709469909459
2026-01-13,18699546,Credit card,Checking or savings account,1,0.5447960530401734
2025-11-18,17340722,Credit card,Credit card,1,0.9396857721803897
2025-09-26,16203294,Credit reporting or other personal consumer reports,Credit reporting or other personal consumer reports,1,0.7869864203093537
2025-10-31,16953735,Checking or savings account,Checking or savings account,1,0.7527981567201166
2025-09-03,15701767,"Money transfer, virtual currency, or money service","Money transfer, virtual currency, or money service",1,0.759918935176468
2025-12-03,18141718,Checking or savings account,Checking or savings account,1,0.89085179717217
2025-09-25,16139815,Checking or savings account,Checking or savings account,1,0.856187041356852
2025-09-26,16205234,Checking or savings account,Checking or savings account,1,0.8379899926914555
2025-10-28,16870102,Checking or savings account,Checking or savings account,1,0.8778977035313394
2025-11-20,17402319,Checking or savings account,Checking or savings account,1,0.9369647623798639
2025-10-10,16511183,Checking or savings account,Checking or savings account,1,0.7737462894324599
2025-08-28,15576830,"Money transfer, virtual currency, or money service","Money transfer, virtual currency, or money service",1,0.7978682177820691
2025-07-15,14669700,Checking or savings account,Checking or savings account,1,0.7321920321525656
2025-07-15,14667523,Checking or savings account,Checking or savings account,1,0.7025097965127894
2025-07-25,14875164,Checking or savings account,Checking or savings account,1,0.9019240977388394
2025-10-09,16474267,Checking or savings account,Checking or savings account,1,0.783659765835091
2025-08-12,15236050,Checking or savings account,Checking or savings account,1,0.8437358221918726
2025-11-25,17832452,Credit card,Credit card,1,0.8842775751159596
2025-07-09,14546657,Vehicle loan or lease,Vehicle loan or lease,1,0.7830181116339553
2025-11-20,17403944,"Money transfer, virtual currency, or money service","Money transfer, virtual currency, or money service",1,0.4301453555250601
2025-10-08,16431733,Checking or savings account,Checking or savings account,1,0.9516992885809247
2025-11-10,17144915,Credit reporting or other personal consumer reports,Credit reporting or other personal consumer reports,1,0.7814327870657003
2025-07-03,14410275,Checking or savings account,Checking or savings account,1,0.8408223167805321
2025-08-15,15312711,"Money transfer, virtual currency, or money service","Money transfer, virtual currency, or money service",1,0.6679324400418113
2026-01-21,18877511,Checking or savings account,Checking or savings account,1,0.7466946387092422
2025-10-30,16927192,"Money transfer, virtual currency, or money service","Money transfer, virtual currency, or money service",1,0.5898557742888156
2025-07-23,14845962,Checking or savings account,Checking or savings account,1,0.7187775413292851
2025-09-07,15777717,Credit card,Credit card,1,0.4864812163563455
2025-10-16,16628167,Checking or savings account,Checking or savings account,1,0.8062678603015483
2025-12-28,18324988,Credit card,Credit card,1,0.9375849946828584
2025-10-29,16900208,"Money transfer, virtual currency, or money service","Money transfer, virtual currency, or money service",1,0.49012305196428363
2025-07-31,14994277,Checking or savings account,Checking or savings account,1,0.8758924927222808
2025-09-03,15707108,Checking or savings account,Checking or savings account,1,0.8841918827288238
2025-10-08,16444040,"Money transfer, virtual currency, or money service","Money transfer, virtual currency, or money service",1,0.7259931895149346
2025-07-22,14803866,Checking or savings account,Checking or savings account,1,0.9543082436750089
2025-07-02,14416884,Checking or savings account,Checking or savings account,1,0.7733597126420588
2025-09-26,16211577,Checking or savings account,Checking or savings account,1,0.9320136287935133
2025-08-23,15476108,Checking or savings account,Checking or savings account,1,0.9115823715114969
2025-09-19,16054442,Checking or savings account,Checking or savings account,1,0.7004762591593233
2025-11-21,17802729,Checking or savings account,Checking or savings account,1,0.6880056940065452
2025-08-06,15118625,Credit card,Credit card,1,0.8553109065269481
2026-01-27,19042465,Credit card,Credit card,1,0.9226547162587927
2025-12-03,17993812,Credit card,Credit reporting or other personal consumer reports,1,0.5938456468536598
2026-01-27,19042772,Checking or savings account,"Money transfer, virtual currency, or money service",1,0.5019147165840938
2025-12-21,18206475,Credit card,Credit card,1,0.6327722741859422
2025-11-24,17458725,Checking or savings account,Checking or savings account,1,0.5148729360178183
2025-08-17,15338406,Checking or savings account,Checking or savings account,1,0.6573918533159882
2026-01-03,18438609,Checking or savings account,Checking or savings account,1,0.562919298474481
2025-09-18,16036130,Credit card,Credit card,1,0.847796818482192
2025-08-25,15490831,Checking or savings account,Checking or savings account,1,0.9132528730913353
2025-08-22,15459100,Credit card,Credit card,1,0.8611536114427597
2025-09-24,16151569,Checking or savings account,Checking or savings account,1,0.9618316077235947
2025-08-14,15281210,Checking or savings account,Checking or savings account,1,0.912386077842133
2025-09-03,15703060,Checking or savings account,Credit card,1,0.5504718591392329
2025-10-28,16836681,Credit card,Credit card,1,0.935105025324257
2026-01-14,18706838,"Money transfer, virtual currency, or money service",Checking or savings account,1,0.5128540835376488
2025-07-01,14388464,Credit card,Checking or savings account,1,0.4034926008243169
2026-01-01,18404709,Credit card,Credit card,1,0.948224558477615
2025-10-13,16547984,Checking or savings account,Checking or savings account,1,0.7773795551321637
2025-09-11,15878758,Checking or savings account,Checking or savings account,1,0.8935164601160226
2025-09-03,15689899,"Money transfer, virtual currency, or money service","Money transfer, virtual currency, or money service",1,0.5498222855911874
2025-10-14,16566197,Checking or savings account,Credit card,1,0.4860290332016635
2025-09-17,16001634,Credit card,Credit card,1,0.9068766841740454
2025-10-30,16932219,Credit reporting or other personal consumer reports,Credit reporting or other personal consumer reports,1,0.9586990375520371
2025-11-06,17031224,Credit card,Credit card,1,0.7633350514702385
2025-07-17,14721362,"Money transfer, virtual currency, or money service",Checking or savings account,1,0.5200605471822278
2025-08-13,15264104,Debt collection,Credit reporting or other personal consumer reports,1,0.6790729234868764
2025-09-10,15826339,Checking or savings account,Checking or savings account,1,0.7221609271981945
2025-11-04,17029778,Checking or savings account,Checking or savings account,1,0.6717708384769975
2025-11-10,17140288,Checking or savings account,Checking or savings account,1,0.8477436726276925
2025-07-06,14477305,Credit card,Credit card,1,0.9702184451296431
2025-08-22,15448849,Checking or savings account,Checking or savings account,1,0.9000381961806684
2025-08-11,15199220,Credit card,Credit card,1,0.819257354026229
2025-12-03,18109169,Credit reporting or other personal consumer reports,Credit card,1,0.904519023996709
2025-12-23,18246745,Checking or savings account,Checking or savings account,1,0.8737120115301464
2025-11-01,16966586,Checking or savings account,Checking or savings account,1,0.850552295668491
2025-07-28,14922600,Checking or savings account,Checking or savings account,1,0.8835837470769357
2025-08-20,15404931,Checking or savings account,Checking or savings account,1,0.9216879249735767
2025-08-19,15383634,Mortgage,Mortgage,1,0.6493853597686754
2025-10-01,16288118,Checking or savings account,Checking or savings account,2,0.855875155278287
2026-01-20,18857584,Debt collection,Credit reporting or other personal consumer reports,1,0.8182210178190163
2025-07-28,14925639,Checking or savings account,Checking or savings account,1,0.9554378074390728
2026-01-08,18551745,Vehicle loan or lease,Vehicle loan or lease,1,0.5605737533509322
2025-12-29,18348222,Checking or savings account,Checking or savings account,1,0.6680091425471367
2025-09-15,15946589,Checking or savings account,Checking or savings account,1,0.6825044388992206
2025-07-23,14839688,Credit card,Credit card,1,0.7319890588128725
2025-07-26,14896799,Checking or savings account,Credit card,1,0.6269374717415198
2025-07-15,14641165,Credit reporting or other personal consumer reports,Credit reporting or other personal consumer reports,1,0.8630325734576875
2025-10-07,16420666,"Money transfer, virtual currency, or money service",Checking or savings account,1,0.6541438850532431
2025-08-08,15175289,Credit card,Credit card,1,0.7328959234308967
2025-12-04,18074795,Checking or savings account,Checking or savings account,1,0.885286743145791
2025-07-03,14445720,Checking or savings account,Checking or savings account,1,0.9296991757412237
2025-09-03,15693218,Checking or savings account,Checking or savings account,1,0.9542620187218792
2025-07-16,14681109,Checking or savings account,Checking or savings account,1,0.8982553030801116
2025-07-02,14415221,Credit card,Credit card,1,0.8821665441633043
2025-08-07,15148594,Checking or savings account,Checking or savings account,1,0.7539939273032261
2025-07-26,14871642,Credit reporting or other personal consumer reports,Credit reporting or other personal consumer reports,1,0.8163289028792473
2026-01-13,18670092,Checking or savings account,Checking or savings account,1,0.8907780133826478
2025-12-08,17844136,Checking or savings account,Checking or savings account,1,0.5894538452788548
2025-11-17,17310129,Credit reporting or other personal consumer reports,Credit reporting or other personal consumer reports,1,0.9520808978724937
2025-10-03,16359449,Checking or savings account,Checking or savings account,1,0.41527999819763145
2026-01-11,18637061,Checking or savings account,Checking or savings account,1,0.9101937761082507
2025-08-27,15566752,Credit card,Credit card,1,0.8146204694794649
2025-10-30,16913745,Credit reporting or other personal consumer reports,Credit reporting or other personal consumer reports,1,0.6678239277864847
2025-11-23,17828225,Credit card,Credit card,1,0.883246181813241
2025-12-29,18339342,Credit card,Credit card,1,0.6628774719682372
2025-07-31,14990927,Credit reporting or other personal consumer reports,Credit card,1,0.72496801703173
2025-07-08,14533773,Checking or savings account,Credit card,1,0.5498338105618091
2025-07-22,14814785,Checking or savings account,Checking or savings account,1,0.7477062966655077
2025-11-17,17298633,Checking or savings account,Checking or savings account,1,0.9725420701724466
2025-12-16,18063035,Checking or savings account,Checking or savings account,1,0.9262012393306364
2025-09-14,15928332,Credit reporting or other personal consumer reports,Credit card,1,0.7070914868982167
2025-11-06,17031219,Credit reporting or other personal consumer reports,Credit reporting or other personal consumer reports,1,0.7343511454033239
2025-10-17,17881348,Credit reporting or other personal consumer reports,Credit reporting or other personal consumer reports,1,0.8392317637288391
2025-08-10,15191847,Debt collection,Credit card,1,0.5807229685547145
2025-08-24,15507825,"Money transfer, virtual currency, or money service",Checking or savings account,1,0.8764050681280416
2025-12-15,18032844,Credit card,Credit card,1,0.9554935998327362
2025-07-28,14909116,"Money transfer, virtual currency, or money service","Money transfer, virtual currency, or money service",1,0.5566857335214105
2025-09-04,15722389,Credit card,Credit card,1,0.8483916596194173
2025-09-03,15697694,Checking or savings account,Checking or savings account,1,0.767416614514047
2026-01-30,19137049,Checking or savings account,Checking or savings account,1,0.8580511675361042
2025-12-03,18042511,Checking or savings account,Checking or savings account,1,0.9326252453144054
2025-09-19,16053774,Checking or savings account,Checking or savings account,1,0.8472873386832962
2025-12-03,18114344,Checking or savings account,Checking or savings account,1,0.9348120029300401
2026-01-07,18539302,Checking or savings account,Checking or savings account,1,0.7317273533171745
2025-12-08,17842113,Checking or savings account,Checking or savings account,1,0.8824919439010475
2025-10-20,16678150,Checking or savings account,Checking or savings account,1,0.9198258710610646
2025-12-04,18145680,Credit card,Checking or savings account,1,0.48349643137497694
2025-09-02,15676368,Checking or savings account,Checking or savings account,1,0.8046680005183319
2025-07-02,14420610,Checking or savings account,Checking or savings account,1,0.627156403203984
2025-11-18,17318976,Checking or savings account,Checking or savings account,1,0.9503770482786172
2025-12-18,18151180,Checking or savings account,Checking or savings account,1,0.9374036152461004
2025-12-02,17826724,"Money transfer, virtual currency, or money service","Money transfer, virtual currency, or money service",1,0.7785462481380302
2026-01-24,18974074,Credit card,Credit card,1,0.9098300521808724
2026-01-13,18691004,Credit card,Credit card,1,0.5743310579439952
2025-07-28,14926669,Vehicle loan or lease,Vehicle loan or lease,1,0.6214140668240238
2025-07-16,14686061,Checking or savings account,Checking or savings account,1,0.8537435010484079
2025-07-17,14709704,Checking or savings account,Checking or savings account,1,0.4852279818003556
2025-07-28,14921996,Checking or savings account,"Money transfer, virtual currency, or money service",1,0.6600404418538469
2025-08-29,15604720,Credit card,Credit card,1,0.7994089728591698
2025-10-13,16548977,Checking or savings account,Checking or savings account,1,0.8966373217934059
2025-08-25,15502279,Checking or savings account,Checking or savings account,1,0.7157475730407027
2025-10-05,16372130,Checking or savings account,Checking or savings account,1,0.8424160030372293
2026-01-22,18911560,Checking or savings account,"Money transfer, virtual currency, or money service",1,0.633127844274645
2026-01-20,18856706,Checking or savings account,Checking or savings account,1,0.859918766791357
2025-07-15,14663725,Checking or savings account,Checking or savings account,1,0.6647797326226742
2025-10-14,16585097,Checking or savings account,Credit card,1,0.6981022540988907
2025-07-26,14896376,Checking or savings account,Credit card,1,0.4780407321659297
2025-11-06,17078755,Checking or savings account,Checking or savings account,1,0.919865655007236
2025-07-01,14391471,Checking or savings account,Credit card,1,0.43696255946362744
2025-08-07,15150672,Checking or savings account,Checking or savings account,1,0.9323351474234123
2025-11-20,17400207,"Money transfer, virtual currency, or money service",Checking or savings account,1,0.7146209804062188
2025-11-17,17303141,Credit card,Credit card,1,0.8519488988125459
2025-10-01,16259499,Checking or savings account,Checking or savings account,1,0.91392942407925
2025-10-31,16952429,Checking or savings account,Checking or savings account,1,0.40934762770277516
2025-12-18,18157459,Credit reporting or other personal consumer reports,Debt collection,1,0.8337809398259276
2026-01-29,19097120,Checking or savings account,Checking or savings account,1,0.4753262791810127
2026-01-27,19044114,Credit card,Credit card,1,0.8234867056503093
2025-10-28,16838546,Credit card,Credit card,1,0.7224819990181292
2025-07-19,14753215,Checking or savings account,Checking or savings account,1,0.9552432085172599
2025-12-07,17811593,Credit reporting or other personal consumer reports,Credit reporting or other personal consumer reports,1,0.8896593033884511
2025-09-11,15886750,Debt collection,Debt collection,1,0.7842804228252361
2025-07-12,14616595,Credit card,Credit card,1,0.9349241215188533
2025-12-21,18206596,Credit card,Checking or savings account,1,0.34180286420189726
2026-01-01,18404173,Checking or savings account,Checking or savings account,1,0.8827914650422565
2025-10-30,16914022,Checking or savings account,Checking or savings account,1,0.9028325063786204
2025-07-23,14845079,"Money transfer, virtual currency, or money service",Checking or savings account,1,0.6616972752201686
2025-11-05,17042124,"Money transfer, virtual currency, or money service",Checking or savings account,1,0.5242990361259584
2025-09-16,15962273,Checking or savings account,Checking or savings account,1,0.8235007054192113
2025-08-07,15152925,Checking or savings account,Checking or savings account,1,0.8772364562722741
2025-09-06,15767585,Checking or savings account,"Money transfer, virtual currency, or money service",1,0.5620186406233355
2025-07-18,14731852,Checking or savings account,Checking or savings account,1,0.9273198570359181
2025-08-27,15563473,Checking or savings account,Checking or savings account,1,0.848028460768449
2025-11-03,16994903,Credit card,Credit card,1,0.8182625534292031
2026-01-02,18421117,"Money transfer, virtual currency, or money service","Money transfer, virtual currency, or money service",1,0.80991330712191
2025-09-30,16281979,Checking or savings account,Credit card,1,0.5971051001589727
2025-07-09,14540695,Credit card,Credit card,1,0.9231144019575618
2025-07-10,14578047,Credit reporting or other personal consumer reports,Credit card,1,0.4048553418382776
2025-12-08,17823630,Checking or savings account,Checking or savings account,1,0.8946017768620038
2025-12-30,18374749,Checking or savings account,Checking or savings account,1,0.7545994787285851
2025-09-29,16236753,Checking or savings account,Checking or savings account,1,0.6572964998525093
2025-10-01,16297843,Checking or savings account,Checking or savings account,1,0.7590530647158579
2025-09-30,16236122,Checking or savings account,Checking or savings account,1,0.7761231821508767
2025-11-18,17326170,Checking or savings account,"Money transfer, virtual currency, or money service",1,0.603843124792067
2025-08-15,15311511,Debt collection,Credit card,1,0.8012500723111754
2025-11-23,17445122,Checking or savings account,Checking or savings account,1,0.8656822440782893
2025-07-01,14393045,Checking or savings account,Checking or savings account,1,0.9442480355991011
2025-09-04,15727466,Debt collection,Credit reporting or other personal consumer reports,1,0.9287254048829862
2025-11-24,17476534,Checking or savings account,Checking or savings account,1,0.914907475096476
2025-10-07,16417684,"Money transfer, virtual currency, or money service","Money transfer, virtual currency, or money service",1,0.5803350394329533
2025-12-30,18358828,Debt collection,Credit reporting or other personal consumer reports,1,0.9379709145433027
2025-11-10,17137367,Checking or savings account,Checking or savings account,1,0.742187266247484
2025-07-25,14876474,Credit card,Checking or savings account,1,0.6559818446553778
2026-01-22,18940217,Checking or savings account,Checking or savings account,1,0.8893954870430205
2025-08-18,15340976,Checking or savings account,Checking or savings account,1,0.953999905251016
2025-09-01,15644254,"Money transfer, virtual currency, or money service",Checking or savings account,1,0.8349318574563943
2025-07-31,15005271,Credit card,Credit card,1,0.7985138334359644
2025-08-22,15467243,Credit card,Credit card,1,0.8842828857885735
2025-12-24,18267794,Credit card,Credit card,1,0.8104659075811415
2026-01-22,18936931,Checking or savings account,Checking or savings account,1,0.980721326744297
2025-07-07,14506731,Credit card,Credit card,1,0.6168900870928371
2025-12-27,18312473,Checking or savings account,Checking or savings account,1,0.9640255126369706
2025-10-20,16704645,Credit card,Credit card,1,0.66604104778424
2025-08-15,15279521,Checking or savings account,Checking or savings account,1,0.9666953726898448
2025-10-16,16633317,Checking or savings account,Checking or savings account,1,0.8488242011166106
2025-07-30,14943239,"Money transfer, virtual currency, or money service",Checking or savings account,1,0.8514622873200469
2025-11-08,17109249,"Money transfer, virtual currency, or money service","Money transfer, virtual currency, or money service",1,0.5801370764248985
2025-09-02,15671058,Checking or savings account,Checking or savings account,1,0.9612749470746836
2025-07-19,14753559,Checking or savings account,Checking or savings account,1,0.8610017616597968
2025-10-24,16801621,Debt collection,Debt collection,1,0.6744822882916197
2025-10-25,16793530,Checking or savings account,Checking or savings account,1,0.6697911514822188
2025-07-20,14786398,Credit card,Credit card,1,0.9282011860434012
2025-10-02,16329350,Checking or savings account,Checking or savings account,1,0.5285686962648763
2025-11-08,17115733,Credit card,Credit card,1,0.5452624344194189
2025-12-10,17909704,Checking or savings account,Checking or savings account,1,0.9364273687420265
2025-12-02,17952556,Checking or savings account,Checking or savings account,1,0.6511886385103179
2025-10-13,16547432,Vehicle loan or lease,Vehicle loan or lease,1,0.7980713576539932
2025-09-11,15883553,Credit card,Checking or savings account,1,0.6897961457484055
2025-07-30,14977212,"Money transfer, virtual currency, or money service",Checking or savings account,1,0.8903770497777908
2025-10-06,16387960,Checking or savings account,Checking or savings account,1,0.715377934568636
2025-08-19,15386964,Checking or savings account,Checking or savings account,1,0.8735114986315645
2025-07-04,14433827,Checking or savings account,"Money transfer, virtual currency, or money service",1,0.35462417958248277
2025-12-02,18075542,Credit card,Credit card,1,0.9206489259739284
2025-10-13,16540010,Checking or savings account,Checking or savings account,1,0.925373597413417
2025-09-15,15942046,Checking or savings account,Checking or savings account,1,0.915143781005138
2025-10-29,16894769,Credit card,Credit card,1,0.9021492162343785
2025-07-14,14646023,Checking or savings account,Checking or savings account,1,0.816711822373708
2025-11-19,17368216,Credit reporting or other personal consumer reports,Credit card,1,0.6851792251080694
2025-07-23,14836668,Checking or savings account,"Money transfer, virtual currency, or money service",1,0.6872150747002167
2025-08-09,15158533,Checking or savings account,Credit card,1,0.5277730166773167
2025-10-29,16885179,Checking or savings account,Checking or savings account,1,0.9177636037259944
2026-01-02,18432834,Credit card,Credit card,1,0.711940523353436
2025-07-30,14983971,Checking or savings account,Checking or savings account,1,0.9351619347763845
2025-09-24,16146183,Checking or savings account,Checking or savings account,1,0.9292079856416057
2025-12-28,18329173,Checking or savings account,Checking or savings account,1,0.8960926281715453
2026-01-21,18903013,Debt collection,Debt collection,1,0.7267119980650664
2025-08-24,15508086,Checking or savings account,Checking or savings account,1,0.9011173850665667
2025-12-31,18396360,Credit card,Credit card,1,0.824115091993912
2025-07-30,14969848,Credit card,Credit card,1,0.9272937424336294
2025-08-20,15412245,Checking or savings account,Checking or savings account,1,0.8455214850401506
2025-11-30,17987320,Credit reporting or other personal consumer reports,Credit reporting or other personal consumer reports,1,0.9551514117396492
2025-12-26,18289914,Credit card,Credit card,1,0.9074136807841673
2025-07-26,14901796,Credit card,Credit card,1,0.8065641832490785
2025-10-27,16842973,Mortgage,Checking or savings account,1,0.49829788950413717
2025-11-25,17876009,Checking or savings account,Checking or savings account,1,0.9219574722129001
2025-11-19,17317753,Credit card,Credit card,1,0.6697817361556669
2025-07-11,14596399,Mortgage,Credit card,1,0.3122239906959794
2025-11-14,17259301,Credit card,Credit card,1,0.8443996000590626
2025-08-26,15536265,Credit card,Checking or savings account,1,0.33341289272330243
2025-12-09,17867303,Credit card,Credit card,1,0.7358869009192999
2025-08-12,15222449,Credit card,Credit card,1,0.6876184626649167
2025-10-03,16335249,Checking or savings account,Checking or savings account,1,0.8111110445458255
2025-11-28,17961295,Credit card,Credit card,1,0.8991383559861323
2026-01-02,18425750,Credit card,Credit card,1,0.943563792683111
2025-09-27,16219693,Credit card,Credit card,1,0.8672868834612116
2025-10-13,16536080,Credit card,Credit card,1,0.8608597681721631
2025-11-26,17902179,Credit card,Credit card,1,0.9031440978580646
2025-10-20,16702011,Checking or savings account,Checking or savings account,1,0.8981387463873814
2026-01-22,18934401,Checking or savings account,Checking or savings account,1,0.8945872786059347
2025-07-01,14388649,Credit card,Credit card,1,0.9280006401624057
2025-08-15,15308050,Checking or savings account,Checking or savings account,1,0.7169843152929353
2025-12-01,17874333,Credit reporting or other personal consumer reports,Credit reporting or other personal consumer reports,1,0.8968615582815115
2025-10-23,16785498,Checking or savings account,Checking or savings account,1,0.5974527913335224
2025-11-21,18726058,Debt collection,Debt collection,1,0.625159427493395
2025-07-29,14918219,Checking or savings account,Checking or savings account,1,0.8800320503521432
2025-11-14,17251153,Debt collection,Debt collection,1,0.7486784064322182
2025-09-09,15823519,Checking or savings account,Checking or savings account,1,0.8734590410799661
2025-10-21,16724237,Credit card,Credit card,1,0.9108304454732455
2026-01-29,19100691,Checking or savings account,Checking or savings account,1,0.8674859986664943
2025-11-14,17261423,Checking or savings account,Checking or savings account,1,0.8061183708325487
2025-07-10,14563991,Credit reporting or other personal consumer reports,Credit reporting or other personal consumer reports,1,0.8768240510446778
2025-11-25,17917875,Checking or savings account,Checking or savings account,1,0.7789193990838131
2025-10-07,16379518,Checking or savings account,Checking or savings account,1,0.8209059183031716
2025-08-19,15386154,Credit reporting or other personal consumer reports,Credit reporting or other personal consumer reports,1,0.8394765864993806
2025-09-24,16164063,Credit card,Checking or savings account,1,0.48648981860193646
2025-07-18,14740034,Checking or savings account,Checking or savings account,1,0.8119749713685623
2025-07-03,14452620,Credit card,Credit card,1,0.9110266901490958
2025-07-01,14393002,Credit reporting or other personal consumer reports,Credit reporting or other personal consumer reports,1,0.9522218328812814
2025-12-22,18216779,Checking or savings account,Checking or savings account,1,0.7135512575224983
2025-07-29,14954199,Credit card,Credit card,1,0.9090073368500224
2025-08-01,15040277,Credit card,Credit card,1,0.9585824755984406
2026-01-24,18982153,Checking or savings account,Checking or savings account,1,0.8249257478890901
2025-12-18,18150688,Credit card,Credit card,1,0.9483886227571086
2025-11-07,17108584,Checking or savings account,Checking or savings account,1,0.8932414376184775
2025-09-08,15804876,Credit card,Credit card,1,0.8842075505173974
2025-12-18,18151792,Debt collection,Credit reporting or other personal consumer reports,1,0.3470080533201069
2025-08-04,15068909,Mortgage,Checking or savings account,1,0.5994246936281213
2025-09-06,15763543,Credit card,Credit card,1,0.5118678757676157
2025-09-29,16251235,Checking or savings account,Checking or savings account,1,0.8876471618485985
2025-07-31,14999826,"Money transfer, virtual currency, or money service","Money transfer, virtual currency, or money service",1,0.7225330598834265
2025-09-30,16266756,Checking or savings account,Checking or savings account,1,0.8316696465067764
2025-08-20,15403194,Checking or savings account,Checking or savings account,1,0.9031255773421293
2025-08-29,15596662,Credit card,Credit reporting or other personal consumer reports,1,0.7562200195468453
2025-07-02,14419921,Checking or savings account,Checking or savings account,1,0.9565979329468418
2025-11-19,17362182,Credit card,Credit card,1,0.4691933973255375
2025-07-24,14870216,Checking or savings account,Checking or savings account,1,0.9267142630929364
2025-11-19,17316961,Checking or savings account,Checking or savings account,1,0.9508856834480154
2025-07-24,14865017,Credit reporting or other personal consumer reports,Credit card,1,0.7898455537155699
2025-08-09,15186672,Checking or savings account,Checking or savings account,1,0.861959830417204
2025-11-04,17020681,Checking or savings account,Checking or savings account,1,0.7646863693427209
2025-12-30,18384938,Checking or savings account,Credit card,1,0.4819061636154058
2026-01-02,18421897,"Money transfer, virtual currency, or money service","Money transfer, virtual currency, or money service",1,0.8342352736073742
2025-08-26,15535466,"Money transfer, virtual currency, or money service",Checking or savings account,1,0.4998323344791231
2025-08-14,15253631,Checking or savings account,Checking or savings account,1,0.9078868911736505
2025-12-09,17888640,Credit reporting or other personal consumer reports,Credit reporting or other personal consumer reports,1,0.746764246362436
2026-01-21,18902209,Debt collection,Credit reporting or other personal consumer reports,1,0.89393706794767
2025-12-03,18104805,Checking or savings account,Checking or savings account,1,0.915055867252605
2026-01-07,18527881,"Money transfer, virtual currency, or money service",Checking or savings account,1,0.724980140530802
2026-01-01,18408691,Checking or savings account,Credit card,1,0.4842009352730068
2025-11-13,17209030,Checking or savings account,Checking or savings account,1,0.9498909563307558
2025-12-08,17852343,Checking or savings account,Checking or savings account,1,0.9580636112405672
2025-11-04,17020226,Checking or savings account,Credit card,1,0.5181249261533986
2026-01-11,18635672,Checking or savings account,Checking or savings account,1,0.9541768518395459
2025-12-09,17894143,Checking or savings account,Checking or savings account,1,0.9397800997169566
2025-07-17,14725235,Credit reporting or other personal consumer reports,Credit reporting or other personal consumer reports,1,0.611813160912766
2025-09-30,16264990,Checking or savings account,Checking or savings account,1,0.9369588916056412
2025-11-06,17069542,Checking or savings account,Checking or savings account,1,0.9086344971467829
2025-11-13,17209487,Credit card,Credit reporting or other personal consumer reports,1,0.8584695921497412
2025-09-11,15890778,Credit card,Checking or savings account,1,0.883608457675022
2025-11-19,17360996,Debt collection,Credit reporting or other personal consumer reports,1,0.8595556329462735
2025-12-04,18074368,Checking or savings account,Checking or savings account,1,0.5476361936370612
2025-09-28,16228224,Mortgage,Mortgage,1,0.797301808225332
2025-12-01,18046799,Debt collection,Credit reporting or other personal consumer reports,1,0.576847594145741
2025-12-01,18060033,Checking or savings account,Checking or savings account,1,0.870602849630084
2025-12-24,18278065,Credit reporting or other personal consumer reports,Credit card,1,0.5568077075239665
2025-08-02,15023113,Credit card,Credit card,1,0.7864069161341725
2025-08-11,15221496,Credit card,Credit card,1,0.864131622693122
2025-07-25,14883898,Checking or savings account,Checking or savings account,1,0.9476669484098021
2025-12-28,18324370,Checking or savings account,Checking or savings account,1,0.47106816306629556
2026-01-28,19057891,Credit card,Credit reporting or other personal consumer reports,1,0.4881739111904368
2025-08-04,15068790,Vehicle loan or lease,Vehicle loan or lease,1,0.8535778528992729
2026-01-03,18442956,Checking or savings account,Checking or savings account,1,0.8570804154943917
2025-12-15,18049087,Debt collection,Debt collection,2,0.6196520165464842
2025-08-25,15495283,Checking or savings account,Checking or savings account,1,0.8169949319375327
2025-09-22,16082282,Credit card,Credit card,1,0.9026191604024939
2025-09-13,15917494,Checking or savings account,Checking or savings account,1,0.5085249070090757
2025-09-08,15794922,Credit card,Credit card,1,0.7005610832678872
2025-07-08,14535613,Checking or savings account,Checking or savings account,1,0.7086026104080686
2025-12-08,17840146,Checking or savings account,Checking or savings account,1,0.6367593829437356
2025-09-18,16018047,Checking or savings account,Checking or savings account,1,0.8404700781830224
2025-07-18,14741319,Vehicle loan or lease,Vehicle loan or lease,1,0.7357610872401884
2025-12-16,18086088,Credit card,Credit card,1,0.515545306264454
2025-12-25,18286676,Checking or savings account,Checking or savings account,1,0.8912926487816161
2025-11-06,17068533,Credit card,Checking or savings account,1,0.6093416077789836
2025-08-04,15067621,"Money transfer, virtual currency, or money service","Money transfer, virtual currency, or money service",1,0.7042629674418569
2025-11-12,17184835,Credit reporting or other personal consumer reports,Credit reporting or other personal consumer reports,1,0.8654152138071917
2025-10-29,16904338,Credit reporting or other personal consumer reports,Credit reporting or other personal consumer reports,1,0.9498785906854895
2025-07-29,14914046,Checking or savings account,Checking or savings account,1,0.6770722827142385
2025-08-28,15567499,Checking or savings account,Checking or savings account,1,0.7646469371730525
2026-01-21,18896048,Checking or savings account,Checking or savings account,1,0.7077985906518709
2025-07-08,14483885,Checking or savings account,Checking or savings account,1,0.9275091229245259
2025-09-11,15882330,Debt collection,Credit reporting or other personal consumer reports,1,0.7086699553139372
2025-09-21,16115940,Credit card,Credit card,1,0.9083581096937804
2025-07-14,14645768,Credit card,Credit card,1,0.9435349275844748
2025-12-22,18228892,Checking or savings account,Credit card,1,0.6640264950971236
2025-11-25,17917513,Checking or savings account,Checking or savings account,1,0.8460971815011078
2025-09-17,15995122,Checking or savings account,Checking or savings account,1,0.7878599280796946
2025-08-28,15584140,Mortgage,Mortgage,1,0.6860372613611955
2025-10-10,16463064,Credit card,Credit reporting or other personal consumer reports,1,0.8614516777605328
2025-11-25,17836255,Credit card,Credit card,1,0.886539993579618
2025-11-06,17075533,Checking or savings account,Checking or savings account,1,0.9090565418109842
2025-07-02,14404397,Credit card,Credit card,1,0.9660061134925774
2026-01-02,18425879,Credit card,Credit reporting or other personal consumer reports,1,0.37965606762613485
2025-08-26,15534881,Credit reporting or other personal consumer reports,Credit reporting or other personal consumer reports,1,0.3945135902322818
2025-07-23,14842677,Credit reporting or other personal consumer reports,Credit card,1,0.6741324091553867
2025-11-17,17304435,Credit card,Credit card,1,0.837302378936165
2025-10-29,16895320,Credit card,Credit card,1,0.8833997752102354
2025-12-29,18355138,Mortgage,Mortgage,1,0.8559088021865969
2025-10-13,16542743,Checking or savings account,Checking or savings account,1,0.9490717104748896
2025-07-30,14985884,Credit card,Credit card,1,0.8846339603373741
2025-12-30,18360378,Credit card,Credit card,1,0.8142879454868349
2025-08-05,15102872,"Money transfer, virtual currency, or money service",Checking or savings account,1,0.6406279252743156
2025-07-19,14752131,Credit reporting or other personal consumer reports,Credit reporting or other personal consumer reports,1,0.7094166360563161
2025-09-16,15985770,Checking or savings account,Checking or savings account,1,0.5300022225204034
2025-07-13,14622438,Credit card,Credit card,1,0.9386513595004772
2025-09-30,16269580,Checking or savings account,Credit card,1,0.4644134949538345
2026-01-14,18705603,Credit card,Credit card,1,0.7886465160163839
2025-12-24,18274220,Checking or savings account,Checking or savings account,1,0.6388536760517796
2025-12-26,18302985,"Money transfer, virtual currency, or money service",Checking or savings account,1,0.4191486884774256
2025-07-10,14578545,Credit card,Credit card,1,0.7761834329727596
2025-10-21,16722265,Checking or savings account,Checking or savings account,1,0.9049668921773817
2025-11-24,17869420,Credit reporting or other personal consumer reports,Credit reporting or other personal consumer reports,1,0.9010295265011065
2025-07-04,14469781,Checking or savings account,Checking or savings account,1,0.9240148716391966
2025-11-25,17874316,Credit card,Checking or savings account,1,0.8808855772397542
2025-11-10,17151116,"Money transfer, virtual currency, or money service",Credit card,1,0.5496053461778215
2025-11-08,17112548,Checking or savings account,Checking or savings account,1,0.9070714682513502
2025-12-29,18342138,Checking or savings account,Checking or savings account,1,0.9279340113895712
2025-08-19,15385117,Credit card,Credit card,1,0.7112535267153041
2025-10-20,16695905,Credit card,Credit card,1,0.8597864961926242
2025-12-09,17891301,Credit card,Credit reporting or other personal consumer reports,1,0.4164865686921864
2025-11-01,16964816,Checking or savings account,Checking or savings account,1,0.9032006393828759
2025-09-30,16276194,Checking or savings account,Checking or savings account,1,0.5486868650082074
2025-10-20,16703649,Checking or savings account,Checking or savings account,1,0.9416626985419989
2025-08-22,15456772,Credit reporting or other personal consumer reports,Credit reporting or other personal consumer reports,1,0.7846494555223199
2026-01-30,19124104,Checking or savings account,Checking or savings account,1,0.42893033149543375
2025-09-14,15929063,Checking or savings account,Checking or savings account,1,0.6839883241845323
2026-01-23,18959311,Checking or savings account,Checking or savings account,1,0.8420065045909345
2026-01-30,19138426,Checking or savings account,Checking or savings account,1,0.6208791558905987
2025-07-26,14902288,Checking or savings account,Checking or savings account,1,0.8965313516537384
2025-11-24,17872968,Checking or savings account,Checking or savings account,1,0.8342753774083151
2025-07-16,14694674,Credit reporting or other personal consumer reports,Credit reporting or other personal consumer reports,1,0.8698515140281463
2026-01-23,18944622,Credit card,Credit card,1,0.9032579540860824
2025-12-23,18253984,"Money transfer, virtual currency, or money service",Checking or savings account,1,0.8674710041846776
2025-12-09,17885029,Checking or savings account,Checking or savings account,1,0.9239453837038201
2025-10-13,16540940,Checking or savings account,Checking or savings account,1,0.8974867995215791
2025-11-19,17372258,Credit card,Credit card,1,0.8481307086874764
2025-09-26,16197507,Checking or savings account,Checking or savings account,1,0.772027026773595
2025-10-23,16738677,Checking or savings account,Checking or savings account,1,0.5277242032543136
2025-12-23,18251537,Credit reporting or other personal consumer reports,Credit card,1,0.8034569346352609
2025-11-25,17837892,Credit card,Credit card,1,0.929770698580174
2025-09-25,16176044,Credit card,Credit card,1,0.9452778310251911
2025-08-25,15490101,Credit card,Credit card,1,0.9056558668248402
2026-01-21,18878162,Checking or savings account,Checking or savings account,1,0.7272966983801598
2025-09-01,15644617,Checking or savings account,Checking or savings account,1,0.8927411428527702
2025-07-29,14947092,Checking or savings account,Checking or savings account,1,0.9393369553876797
2025-11-18,17337447,Checking or savings account,Checking or savings account,1,0.95925345821751
2025-10-03,16338118,"Money transfer, virtual currency, or money service","Money transfer, virtual currency, or money service",1,0.7554312522678716
2025-10-21,16728844,Checking or savings account,"Money transfer, virtual currency, or money service",1,0.44646332121485505
2025-12-27,18319128,"Money transfer, virtual currency, or money service",Checking or savings account,1,0.5734041968488973
2025-11-12,17158754,Credit card,Credit card,1,0.9017045915819107
2025-09-23,16135427,Credit reporting or other personal consumer reports,Credit reporting or other personal consumer reports,1,0.9034541520902057
2025-11-12,17196447,Credit reporting or other personal consumer reports,Credit reporting or other personal consumer reports,1,0.8810346851649044
2025-07-09,14550534,Credit card,Credit card,1,0.9457611648855019
2025-08-08,15160972,Debt collection,Credit reporting or other personal consumer reports,1,0.7215300098596106
2025-09-23,16137048,Debt collection,Credit card,1,0.6086276097446149
2025-08-29,15603495,"Money transfer, virtual currency, or money service",Checking or savings account,1,0.575314686117209
2025-12-03,17964565,Credit reporting or other personal consumer reports,Credit reporting or other personal consumer reports,1,0.836938063473311
2025-12-23,18237611,Checking or savings account,Checking or savings account,1,0.9269160777179382
2025-11-26,17527142,Credit card,Credit card,1,0.6601786713140131
2025-08-29,15577990,Credit card,Credit card,1,0.8932809515086545
2025-10-31,16939268,Checking or savings account,Checking or savings account,1,0.7496891202261357
2025-08-19,15383857,Checking or savings account,Checking or savings account,1,0.9429197479578116
2025-11-13,17226753,Credit reporting or other personal consumer reports,Credit reporting or other personal consumer reports,3,0.8042131227167397
2025-10-27,16843570,Credit card,Credit card,1,0.9173294459393171
2025-07-31,14985794,Credit card,Credit card,1,0.7985747911671716
2026-01-08,18554540,Checking or savings account,Checking or savings account,1,0.88854590858879
2025-07-01,14398453,Checking or savings account,Checking or savings account,1,0.95793450283834
2025-08-19,15362771,Checking or savings account,Checking or savings account,1,0.6502829314574595
2025-08-03,15051550,"Money transfer, virtual currency, or money service",Checking or savings account,1,0.7533469774025333
2025-12-04,18144772,Debt collection,Debt collection,1,0.840497519398444
2025-10-03,16353012,Vehicle loan or lease,Vehicle loan or lease,1,0.6649725800386658
2025-09-18,16016170,Checking or savings account,Mortgage,1,0.41322112749840123
2025-09-23,16127260,Mortgage,Credit reporting or other personal consumer reports,1,0.8918066072935625
2025-12-15,18054990,Credit card,Credit card,1,0.6911672875424436
2025-07-22,14811301,"Money transfer, virtual currency, or money service","Money transfer, virtual currency, or money service",1,0.7627309738717477
2025-08-26,15533060,Checking or savings account,Checking or savings account,1,0.9360633531522953
2025-09-15,15950449,Credit card,Credit card,1,0.9056667520826904
2025-07-11,14601050,Credit reporting or other personal consumer reports,Credit reporting or other personal consumer reports,1,0.8036149197989227
2025-11-15,17243600,Checking or savings account,Vehicle loan or lease,1,0.44741313458632304
2025-11-25,17883130,Credit card,Credit card,1,0.7563612880125209
2025-12-08,17846450,Checking or savings account,"Money transfer, virtual currency, or money service",1,0.765008888089033
2025-10-01,16279622,Credit card,Credit card,1,0.870565615525885
2025-12-27,18310082,Checking or savings account,Checking or savings account,1,0.922284170699536
2025-12-18,18134153,Checking or savings account,Checking or savings account,1,0.8211297040891664
2025-11-24,17829649,Credit reporting or other personal consumer reports,Credit reporting or other personal consumer reports,1,0.8487439027214124
2025-08-25,15497257,Checking or savings account,Checking or savings account,1,0.7386887250255242
2025-10-28,16865848,Checking or savings account,Checking or savings account,1,0.8692821868987436
2025-11-16,17284640,Checking or savings account,Checking or savings account,1,0.5818020498099911
2025-07-08,14523384,Checking or savings account,Checking or savings account,1,0.9167259562517147
2025-09-16,15982520,Credit card,Credit card,1,0.5560776217251869
2025-10-05,16375078,Credit reporting or other personal consumer reports,Credit reporting or other personal consumer reports,1,0.81612018137668
2025-09-04,15723953,Credit card,Credit card,1,0.7728746221730546
2025-11-25,17894701,"Money transfer, virtual currency, or money service",Checking or savings account,1,0.8133259510433026
2025-12-27,18308841,Checking or savings account,Checking or savings account,1,0.7019964603484059
2025-07-15,14669306,Checking or savings account,Checking or savings account,1,0.7891146126966239
2025-12-16,18081707,Checking or savings account,Checking or savings account,1,0.6440190952555817
2025-08-18,15348462,Credit card,Credit card,1,0.731561413477066
2025-12-18,18131194,Mortgage,Mortgage,1,0.5712482206906295
2025-09-12,15863405,Credit card,Checking or savings account,1,0.8004684163413458
2025-12-23,18236604,Checking or savings account,Checking or savings account,1,0.7922878564794815
2026-01-26,19015843,Vehicle loan or lease,Credit reporting or other personal consumer reports,1,0.8940759135542478
2025-07-14,14641668,Credit card,Credit card,1,0.9182728115630342
2025-11-21,17415170,Credit card,Credit card,1,0.9227594790771492
2025-10-22,16752672,Checking or savings account,Checking or savings account,1,0.5429467552738704
2025-11-12,17190623,Credit card,Credit card,1,0.8942080273469709
2025-07-09,14544903,Credit card,Credit card,1,0.913814584714222
2025-07-11,14567248,Checking or savings account,Checking or savings account,1,0.9155867123318343
2025-08-19,15379288,Credit card,Credit card,1,0.7169199469850399
2025-07-18,14729048,Credit card,Credit reporting or other personal consumer reports,1,0.5438373425850669
2025-09-12,15863312,Checking or savings account,Checking or savings account,1,0.9004067523328599
2025-11-13,17219887,Checking or savings account,Checking or savings account,1,0.9221360195702886
2025-09-22,16086444,Credit card,Credit card,1,0.8121887362065306
2026-01-20,18849614,Credit card,Credit card,1,0.7187678133728275
2025-09-06,15772353,Debt collection,Credit card,1,0.38713977252351456
2026-01-23,18949294,Debt collection,Debt collection,3,0.551297164489421
2026-01-02,18417204,Credit card,Credit card,1,0.8821639715060249
2025-07-25,14875348,"Money transfer, virtual currency, or money service","Money transfer, virtual currency, or money service",1,0.7666354826253589
2025-11-04,17012244,Checking or savings account,Checking or savings account,1,0.9117428365947725
2026-01-12,18666497,Debt collection,Credit reporting or other personal consumer reports,1,0.9272757469592317
2025-07-14,14644271,Credit card,Checking or savings account,1,0.8022901896971653
2025-11-14,17258934,Checking or savings account,Checking or savings account,1,0.9318088557027314
2025-08-25,15494373,Vehicle loan or lease,Vehicle loan or lease,1,0.528864779192915
2025-09-08,15791370,Credit card,Checking or savings account,1,0.6040002547510039
2025-08-05,15094109,"Money transfer, virtual currency, or money service",Checking or savings account,1,0.6247821463847103
2025-12-02,18104082,Checking or savings account,Checking or savings account,1,0.9466603271646545
2026-01-15,18740762,Checking or savings account,Checking or savings account,1,0.7373896869938057
2025-08-03,15020015,Credit reporting or other personal consumer reports,Credit reporting or other personal consumer reports,1,0.7678387762480582
2025-09-15,15949425,Checking or savings account,Checking or savings account,1,0.8550162679280181
2026-01-18,18817847,Checking or savings account,Checking or savings account,1,0.5010201499505054
2025-08-14,15280287,Credit card,Credit card,1,0.7713755289474155
2026-01-30,19123955,Credit card,Credit card,1,0.853595014645924
2025-09-01,15645923,Credit card,Credit card,1,0.773783858512269
2025-09-16,15963003,Checking or savings account,Credit card,1,0.7009800726876945
2025-10-09,16462870,Checking or savings account,Checking or savings account,1,0.7101183306001045
2025-09-19,16017248,Checking or savings account,Checking or savings account,1,0.8218226643111204
2025-11-10,17135761,"Money transfer, virtual currency, or money service","Money transfer, virtual currency, or money service",1,0.523721417250626
2025-09-19,16058873,Credit card,Credit card,1,0.8830081005317592
2026-01-02,18415668,Credit card,Checking or savings account,1,0.5536578847279027
2025-07-08,14528290,"Money transfer, virtual currency, or money service",Checking or savings account,1,0.8321148634190475
2026-01-22,18928412,Debt collection,Mortgage,1,0.39189568283870435
2025-09-12,15912422,Credit card,Credit card,1,0.8931256522384977
2025-08-19,15382554,Checking or savings account,Checking or savings account,1,0.8737184622678228
2025-10-22,16744414,Checking or savings account,"Money transfer, virtual currency, or money service",1,0.5730924546452046
2025-11-14,17248440,"Money transfer, virtual currency, or money service",Checking or savings account,1,0.7050295045669364
2025-08-02,15030127,Checking or savings account,Checking or savings account,1,0.8529726956660707
2025-09-02,15674239,Credit card,Credit card,1,0.853686540369655
2025-11-05,17031545,Credit card,Credit reporting or other personal consumer reports,2,0.930014817930858
2026-01-06,18503219,Credit card,Credit card,1,0.8461499076438388
2026-01-29,19107285,Checking or savings account,Checking or savings account,1,0.6895619772404809
2025-09-13,15916992,Checking or savings account,Checking or savings account,1,0.4992468219962067
2026-01-26,19013976,"Money transfer, virtual currency, or money service","Money transfer, virtual currency, or money service",1,0.8874486853355991
2026-01-02,18417925,"Money transfer, virtual currency, or money service","Money transfer, virtual currency, or money service",1,0.8544222203696843
2025-09-19,16061581,Checking or savings account,Checking or savings account,1,0.5999569531206815
2025-07-29,14948444,Checking or savings account,Checking or savings account,1,0.8574847700341001
2025-07-11,14591468,Debt collection,Credit card,1,0.5252106374861366
2025-08-21,15396956,Checking or savings account,Checking or savings account,1,0.8125189790172871
2025-09-06,15768409,"Money transfer, virtual currency, or money service","Money transfer, virtual currency, or money service",1,0.8805328278266461
2026-01-14,18700756,"Money transfer, virtual currency, or money service","Money transfer, virtual currency, or money service",1,0.7993778911246446
2025-07-10,14581081,Credit card,Credit card,1,0.9356375447481943
2025-12-22,18223069,Credit card,Credit card,1,0.9180196750243867
2025-08-01,15032114,"Money transfer, virtual currency, or money service","Money transfer, virtual currency, or money service",1,0.6155403128019765
2025-11-05,17048687,Credit card,Credit card,1,0.6999630971437485
2025-08-29,15613332,Debt collection,Credit reporting or other personal consumer reports,1,0.5000471452410428
2025-07-01,14403532,Checking or savings account,Checking or savings account,1,0.9504629208046677
2025-10-06,16396444,Checking or savings account,Checking or savings account,1,0.8408982912295769
2025-10-22,16752206,Checking or savings account,Checking or savings account,1,0.7373207509142529
2025-09-10,15845436,Credit reporting or other personal consumer reports,Debt collection,1,0.7058817252374056
2025-11-11,17132263,Credit card,Credit card,1,0.808001922860225
2025-09-02,15672554,Checking or savings account,Checking or savings account,1,0.9172516768312361
2025-07-16,14681479,Debt collection,Debt collection,1,0.481316188915124
2025-07-03,14443031,"Money transfer, virtual currency, or money service","Money transfer, virtual currency, or money service",1,0.5324178803129307
2025-09-17,16006162,Credit card,Checking or savings account,1,0.8617354983184264
2025-08-21,15440775,Checking or savings account,Checking or savings account,1,0.8875827144936399
2025-11-24,17478510,Checking or savings account,Checking or savings account,1,0.7278610443303802
2025-10-03,16351854,Checking or savings account,Checking or savings account,1,0.8599087544729044
2025-11-12,17192932,Credit card,Credit card,1,0.9554835297984643
2025-10-14,16563382,Credit card,Credit card,1,0.8791993411709287
2025-10-01,16302140,Checking or savings account,Checking or savings account,1,0.5549418983763454
2026-01-28,19082630,Checking or savings account,Checking or savings account,1,0.8450349101976985
2025-09-01,15639860,Credit card,Credit card,1,0.8857724634591039
2025-11-08,17113932,Credit reporting or other personal consumer reports,Credit reporting or other personal consumer reports,1,0.741537029621487
2025-08-11,15213715,Checking or savings account,Checking or savings account,1,0.6305393956686425
2025-07-30,14939892,Credit card,Checking or savings account,1,0.5487961786009555
2025-12-04,18109607,"Money transfer, virtual currency, or money service","Money transfer, virtual currency, or money service",1,0.9167438912265476
2025-09-26,16166380,Checking or savings account,Checking or savings account,1,0.9385642053061699
2025-09-06,15737695,Checking or savings account,Checking or savings account,1,0.6838583390675205
2025-11-20,18109134,"Money transfer, virtual currency, or money service","Money transfer, virtual currency, or money service",1,0.617771892131653
2025-08-28,15575580,Checking or savings account,Checking or savings account,1,0.7736692449797656
2025-09-14,15933286,Checking or savings account,Checking or savings account,1,0.8198388460965417
2025-10-14,16561276,Checking or savings account,Checking or savings account,1,0.9207541420621661
2026-01-11,18633515,Credit card,Credit card,1,0.8700550345141793
2025-10-16,16626376,Credit card,Checking or savings account,1,0.5091791472091397
2025-09-27,16224650,Checking or savings account,Credit card,1,0.49112811297259
2025-07-22,14809974,Credit card,Checking or savings account,1,0.7373444137141641
2025-08-14,15299581,Checking or savings account,Credit card,1,0.46066385322448977
2025-10-17,16644932,Checking or savings account,Checking or savings account,1,0.8660830873175204
2025-09-02,15669248,Checking or savings account,Checking or savings account,1,0.8256582443043531
2025-09-05,15748128,Checking or savings account,Checking or savings account,1,0.5262872079874075
2025-07-17,14707533,Checking or savings account,Checking or savings account,1,0.846731985574915
2025-11-03,16991665,Checking or savings account,Checking or savings account,1,0.8433616675630314
2025-09-10,15854135,Checking or savings account,Checking or savings account,1,0.8202573336139194
2025-09-23,16125833,Checking or savings account,"Money transfer, virtual currency, or money service",1,0.48487430929094727
2025-07-10,14578887,Checking or savings account,Checking or savings account,1,0.9303748396636246
2025-10-27,16848471,Checking or savings account,Checking or savings account,1,0.5836919736262488
2025-08-12,15238362,Credit card,Credit card,1,0.8295882167750869
2025-10-21,16686377,Checking or savings account,Checking or savings account,1,0.7940547471126213
2025-07-28,14932392,Checking or savings account,Checking or savings account,1,0.8890483843100493
2025-09-19,16039653,Credit card,Credit reporting or other personal consumer reports,1,0.8888341259748836
2025-08-18,15352282,Checking or savings account,Checking or savings account,1,0.900881795903259
2025-11-14,17261243,Credit card,Checking or savings account,1,0.6630459510481819
2025-08-19,15378398,Credit card,Credit card,1,0.892350363979455
2025-10-09,16477493,"Money transfer, virtual currency, or money service",Checking or savings account,1,0.969914439371878
2025-08-12,15232612,Checking or savings account,Credit card,1,0.5027620402880083
2025-11-03,16984776,Checking or savings account,Checking or savings account,1,0.9305107076786049
2025-07-17,14724795,Credit card,Credit card,1,0.5740423814539329
2025-11-06,17076137,Checking or savings account,Checking or savings account,1,0.5061998508855109
2025-09-03,15690966,Checking or savings account,Checking or savings account,1,0.4206844735282373
2025-12-01,17981139,Credit card,Credit card,1,0.9311160842941616
2025-07-29,14961300,Vehicle loan or lease,Credit reporting or other personal consumer reports,1,0.8179376097973688
2025-12-03,18042378,Checking or savings account,Checking or savings account,1,0.9297150408329031
2025-11-10,17148502,Debt collection,Credit reporting or other personal consumer reports,1,0.5521381094561422
2026-01-07,18548029,Credit card,Credit card,1,0.9309381754039515
2025-12-22,18215807,Checking or savings account,Credit reporting or other personal consumer reports,1,0.487688351087676
2026-01-11,18636224,Checking or savings account,Checking or savings account,1,0.8911430005221895
2025-09-05,15736582,Checking or savings account,Checking or savings account,1,0.8195401978386575
2026-01-08,18557441,Checking or savings account,Checking or savings account,1,0.576652064448914
2026-01-30,19139333,Credit card,Credit card,1,0.9144446089536392
2025-07-16,14684496,Checking or savings account,Checking or savings account,1,0.8674091262401805
2025-07-01,14395943,Credit card,Credit card,1,0.913214876686855
2026-01-25,18992056,Checking or savings account,Checking or savings account,1,0.5271934655837437
2025-08-16,15333090,Checking or savings account,Checking or savings account,1,0.832666209977997
2025-09-15,15956543,Checking or savings account,Checking or savings account,1,0.8568565777788139
2025-10-02,16331640,Credit card,Credit card,1,0.8018043232446307
2025-12-02,18084829,Credit card,Checking or savings account,1,0.5597966764153538
2025-07-18,14730955,Checking or savings account,Checking or savings account,1,0.7970150168133313
2025-12-27,18319206,Checking or savings account,Checking or savings account,1,0.892592985451102
2026-01-21,18882181,Checking or savings account,Checking or savings account,1,0.9431202244679717
2025-08-13,15259230,Checking or savings account,Checking or savings account,1,0.835176487288539
2025-11-25,17895322,Checking or savings account,Checking or savings account,1,0.9269660475764319
2025-08-21,15419597,Credit card,Credit card,1,0.8674410150294077
2025-09-09,15813070,Checking or savings account,Checking or savings account,1,0.46946005799139345
2025-11-20,17387808,Checking or savings account,Checking or savings account,1,0.967930038347525
2026-01-14,18711116,Debt collection,Credit card,1,0.2626363007942843
2026-01-08,18583135,Credit card,Credit card,1,0.5478340914390337
2026-01-06,18512571,Credit card,Credit card,1,0.9099329567096771
2025-12-18,18143790,Checking or savings account,Checking or savings account,1,0.9207760233615369
2025-08-22,15456424,Checking or savings account,Checking or savings account,1,0.9146535155796293
2025-07-22,14812401,Checking or savings account,Checking or savings account,1,0.8386737166217909
2025-10-24,16789872,Credit card,Credit card,1,0.7334678038201168
2025-07-31,14992684,Checking or savings account,Checking or savings account,1,0.8384859372453607
2025-12-25,18282936,Debt collection,Debt collection,2,0.5290949646483408
2025-07-24,14855840,Credit reporting or other personal consumer reports,Credit reporting or other personal consumer reports,1,0.4744064394670739
2025-07-17,14712496,Checking or savings account,Checking or savings account,1,0.781482272735538
2025-10-16,16629764,Debt collection,Debt collection,1,0.7568335652311752
2025-07-17,14711932,Checking or savings account,Checking or savings account,1,0.8105332533094701
2025-12-15,18034592,Credit card,Credit card,1,0.9196043891325473
2026-01-18,18815381,Credit card,Credit card,1,0.9786758497052194
2025-09-10,15808869,Checking or savings account,Checking or savings account,1,0.5046447313747672
2025-08-06,15121556,Checking or savings account,Checking or savings account,1,0.8215236253400665
2025-09-08,15795880,Credit card,Credit card,1,0.7427953979491192
2025-08-08,15171504,Credit reporting or other personal consumer reports,Credit reporting or other personal consumer reports,1,0.5599583248677676
2025-07-13,14620830,Checking or savings account,Credit reporting or other personal consumer reports,1,0.7645216921491741
2025-11-21,17430713,Credit reporting or other personal consumer reports,Credit reporting or other personal consumer reports,1,0.7751755369005203
2025-09-13,15916902,Credit reporting or other personal consumer reports,Credit reporting or other personal consumer reports,1,0.8908404664300605
2025-08-29,15603678,Checking or savings account,Checking or savings account,1,0.7695260974092113
2025-07-28,14908274,Checking or savings account,Checking or savings account,1,0.8057164275485329
2025-07-27,14911052,Checking or savings account,Checking or savings account,1,0.8772302932076004
2025-09-05,15734013,Credit card,Credit card,1,0.8205180672412666
2025-11-20,17386248,Checking or savings account,Checking or savings account,1,0.45003115729460025
2025-12-18,18129191,Credit card,Credit card,1,0.8011005463263837
2026-01-02,18433835,Checking or savings account,Checking or savings account,1,0.6767730335051955
2025-08-08,15172568,Credit reporting or other personal consumer reports,Credit card,1,0.6410062046357465
2026-01-01,18409834,Checking or savings account,Credit card,1,0.749032159618216
2025-09-13,15917615,Checking or savings account,Checking or savings account,1,0.9310945039371346
2025-07-02,14418996,"Money transfer, virtual currency, or money service","Money transfer, virtual currency, or money service",1,0.38334205112861913
2025-12-18,18157392,Credit card,Credit card,1,0.7329743201707863
2025-12-29,18332590,Checking or savings account,Checking or savings account,1,0.5132525479681433
2026-01-27,19049570,Checking or savings account,Checking or savings account,1,0.8085263127567054
2025-11-24,17452667,Checking or savings account,Credit card,1,0.6780954651261483
2025-10-13,16538052,Credit card,Credit card,1,0.8598679002335237
2025-11-24,17845553,"Money transfer, virtual currency, or money service","Money transfer, virtual currency, or money service",1,0.6315625058196618
2025-12-27,18320073,Credit card,Credit card,1,0.8512163025028426
2025-11-28,17957523,Credit card,Checking or savings account,1,0.5312746821319728
2026-01-28,19056185,Checking or savings account,Checking or savings account,1,0.8339849246417655
2025-08-21,15419712,Checking or savings account,"Money transfer, virtual currency, or money service",1,0.4927338204652967
2026-01-07,18520427,Checking or savings account,Credit card,1,0.4958415206372983
2025-11-14,17216620,Credit card,Checking or savings account,1,0.7041005416992832
2025-12-23,18248985,Credit reporting or other personal consumer reports,Credit reporting or other personal consumer reports,1,0.4071521449936746
2025-11-18,17344472,Checking or savings account,Checking or savings account,1,0.8691847784499896
2025-09-04,15684342,Credit reporting or other personal consumer reports,Credit reporting or other personal consumer reports,1,0.7725860514330675
2025-10-27,16854259,Checking or savings account,Checking or savings account,1,0.8036217823160975
2025-07-04,14467764,Checking or savings account,Checking or savings account,1,0.8424648189699896
2025-10-09,16466138,Checking or savings account,Checking or savings account,1,0.4954429246177501
2025-07-29,14945702,Checking or savings account,Checking or savings account,1,0.8607631022330565
2025-08-06,15117559,Credit card,Checking or savings account,1,0.7297166690175046
2025-09-16,15962250,Checking or savings account,Checking or savings account,1,0.8882067987833858
2025-07-14,14650645,Credit card,Credit card,1,0.767360751894198
2025-11-24,17830111,Credit card,Checking or savings account,1,0.846454915771012
2026-01-28,19081399,Mortgage,Mortgage,1,0.7138007460313455
2025-08-08,15180375,Credit reporting or other personal consumer reports,Credit reporting or other personal consumer reports,1,0.8116353034241958
2025-11-21,17432322,"Money transfer, virtual currency, or money service",Checking or savings account,1,0.6879965737152882
2025-11-24,17773475,"Money transfer, virtual currency, or money service",Checking or savings account,1,0.8436480775677785
2026-01-08,18561884,Checking or savings account,Checking or savings account,1,0.6495886849679767
2025-08-28,15587301,Credit card,Credit card,1,0.941231764157167
2025-10-25,16815375,Checking or savings account,Checking or savings account,1,0.8668524661840343
2025-11-28,17985330,Checking or savings account,Checking or savings account,1,0.8295488846467057
2025-08-03,15017300,Checking or savings account,Checking or savings account,1,0.9088434251989694
2025-12-22,18229131,Credit card,Credit card,1,0.9331715884314743
2025-09-16,15978830,"Money transfer, virtual currency, or money service",Checking or savings account,1,0.6196050268774004
2025-08-02,15021537,Checking or savings account,Checking or savings account,1,0.4230013658602701
2025-07-02,14407995,Checking or savings account,Checking or savings account,1,0.7147959994346277
2025-08-23,15469838,Mortgage,Mortgage,1,0.4810971474496905
2026-01-09,18607078,Checking or savings account,Credit card,1,0.8500002726645274
2025-09-04,15719997,Credit card,Credit card,1,0.9286061157424795
2025-07-02,14412740,Checking or savings account,Checking or savings account,1,0.9488987484986332
2025-10-30,16917649,Checking or savings account,Checking or savings account,1,0.9618341647026454
2025-07-13,14620708,"Money transfer, virtual currency, or money service","Money transfer, virtual currency, or money service",1,0.600208066489751
2025-11-11,17157941,Checking or savings account,Checking or savings account,1,0.8131726375336975
2025-08-03,15017883,Credit reporting or other personal consumer reports,Credit reporting or other personal consumer reports,1,0.7854784083152406
2025-07-18,14739042,Credit card,Credit reporting or other personal consumer reports,1,0.8968746563536851
2025-11-26,17898707,Checking or savings account,Checking or savings account,1,0.8747663889237498
2025-09-27,16218306,Checking or savings account,Checking or savings account,1,0.759638965659004
2025-08-08,15180222,Credit card,Credit card,1,0.8512608466013734
2025-11-11,17164001,"Money transfer, virtual currency, or money service",Checking or savings account,1,0.5677169600572688
2025-12-09,17897661,Checking or savings account,Checking or savings account,1,0.5946569777433596
2025-07-02,14423924,Credit card,Credit card,1,0.7549013541952666
2025-07-07,14485182,Checking or savings account,Checking or savings account,1,0.8171839575398271
2025-10-07,16417686,Checking or savings account,Checking or savings account,1,0.7301016349940092
2025-08-16,15332663,Credit card,Credit card,1,0.8498661543986312
2025-10-29,16900310,Credit card,Checking or savings account,1,0.5089695948256338
2025-10-13,16551521,Credit card,Credit card,1,0.7202389065411307
2025-07-16,14703234,Credit card,Credit card,1,0.595092209108711
2025-12-03,18004924,Credit card,Credit reporting or other personal consumer reports,1,0.5889579411612054
2025-11-06,17034608,Credit card,Credit card,1,0.9598764008083244
2025-11-23,17446229,Credit reporting or other personal consumer reports,Vehicle loan or lease,1,0.5590333174824372
2026-01-12,18647643,Credit card,Credit card,1,0.5941317914070522
2025-09-05,15744128,"Money transfer, virtual currency, or money service",Checking or savings account,1,0.8756872039582451
2025-08-28,15584851,Checking or savings account,Credit card,1,0.5367000301833142
2025-12-27,18313877,Checking or savings account,Checking or savings account,1,0.8742358583773094
2025-09-16,15962308,Credit card,Credit card,1,0.8539385398515614
2025-07-12,14612422,Credit card,Credit card,1,0.8733382553239588
2025-12-01,18051305,Checking or savings account,Checking or savings account,1,0.8615276589539334
2025-07-19,14758959,Credit card,Credit card,1,0.7459385728945923
2025-07-03,14443746,Checking or savings account,Checking or savings account,1,0.9013904860703983
2025-09-30,16261045,Checking or savings account,Checking or savings account,1,0.95218045994271
2025-08-12,15224178,Checking or savings account,Checking or savings account,1,0.9437812708623191
2025-11-28,17957798,Credit card,Credit card,1,0.7200800102949382
2025-10-20,16696294,Checking or savings account,Credit reporting or other personal consumer reports,1,0.6457154345775863
2025-12-30,18357473,Checking or savings account,Checking or savings account,1,0.8662192737823969
2025-07-23,14818740,Checking or savings account,Checking or savings account,1,0.9208435508705781
2025-12-04,18154054,Credit card,Credit card,1,0.9052657203769995
2025-11-25,17878049,Credit card,Credit reporting or other personal consumer reports,1,0.9039694601844098
2025-09-08,15805943,"Money transfer, virtual currency, or money service",Credit card,1,0.43304517270736737
2025-09-25,16171213,Credit reporting or other personal consumer reports,Credit reporting or other personal consumer reports,1,0.8722914228671647
2025-07-09,14544572,Credit card,Credit card,1,0.9492764502603368
2025-08-04,15077385,Checking or savings account,Checking or savings account,1,0.9471134123351731
2025-10-22,16746508,Credit card,Credit card,1,0.8814273953799031
2025-11-11,17175080,Credit card,Credit card,1,0.8357867683998251
2025-10-27,16844269,Checking or savings account,"Money transfer, virtual currency, or money service",1,0.5995048192031309
2026-01-09,18595389,"Money transfer, virtual currency, or money service","Money transfer, virtual currency, or money service",1,0.5992387106186499
2025-09-22,16082840,Credit card,Checking or savings account,1,0.47743062237087613
2025-11-11,18379588,Checking or savings account,Checking or savings account,1,0.9357500181230382
2025-07-08,14527876,Credit card,Credit card,1,0.9317883270211412
2025-10-05,16372802,Checking or savings account,"Money transfer, virtual currency, or money service",1,0.32055186198859303
2025-08-22,15427208,Checking or savings account,Credit card,1,0.47192214878423955
2025-09-28,16227548,Debt collection,Debt collection,1,0.6130214846692649
2025-07-02,14400883,Credit reporting or other personal consumer reports,Credit reporting or other personal consumer reports,1,0.9438139424684165
2025-09-10,15842332,Credit card,Credit card,1,0.8982907909486803
2025-12-10,17905990,Checking or savings account,Checking or savings account,1,0.8889320335993397
2025-07-19,14752525,Checking or savings account,Checking or savings account,1,0.9537893843343827
2025-11-18,17313879,Credit card,Credit card,1,0.8862016561226587
2025-08-21,15437045,Checking or savings account,Checking or savings account,1,0.8950150156454767
2025-09-25,16181261,Checking or savings account,Checking or savings account,1,0.8881431466953046
2025-07-07,14508439,Checking or savings account,Checking or savings account,1,0.6748553830409523
2026-01-12,18650234,Credit card,Credit card,1,0.9277081440175624
2025-08-01,15050313,Checking or savings account,Checking or savings account,1,0.8140099329972171
2026-01-11,18638963,Checking or savings account,Checking or savings account,1,0.6828604522158686
2025-09-12,15892931,Checking or savings account,Checking or savings account,1,0.5130815792825801
2025-07-29,14955998,Mortgage,Mortgage,1,0.747178463795112
2025-07-25,14878590,Credit card,Credit card,1,0.8781627157787563
2025-07-15,14665885,Credit reporting or other personal consumer reports,Credit reporting or other personal consumer reports,1,0.4778217043435417
2025-07-23,14795407,Debt collection,Credit card,1,0.5441196395503446
2025-07-03,14450969,Credit reporting or other personal consumer reports,Credit reporting or other personal consumer reports,1,0.7983412085731909
2026-01-07,18545524,Checking or savings account,Credit card,1,0.4775811236893366
2025-08-08,15165881,Debt collection,Debt collection,1,0.4225583617664614
2025-12-15,18057021,Credit card,Credit card,1,0.8135821013719401
2025-11-08,17090203,Credit reporting or other personal consumer reports,Credit reporting or other personal consumer reports,1,0.9151137408251567
2026-01-02,18429574,Checking or savings account,Checking or savings account,1,0.8847862631022861
2025-10-12,16527741,Credit card,Credit card,1,0.4861033286090519
2025-11-30,17995492,Checking or savings account,Checking or savings account,1,0.7918372080656205
2025-07-14,14649538,Checking or savings account,Checking or savings account,1,0.9426868058345145
2025-09-25,16143649,Checking or savings account,Checking or savings account,1,0.9223617757096815
2025-07-23,14835548,Checking or savings account,Checking or savings account,1,0.7736255776777212
2025-10-25,16816643,Checking or savings account,Checking or savings account,1,0.8599094896749553
2025-07-23,14817807,"Money transfer, virtual currency, or money service","Money transfer, virtual currency, or money service",1,0.6579677345879404
2025-08-27,15549113,Checking or savings account,Checking or savings account,1,0.8784844855102456
2025-11-18,17332637,Checking or savings account,Checking or savings account,1,0.9615263959391127
2025-07-14,14649544,Debt collection,Debt collection,1,0.5361538259770313
2025-11-03,16982614,Checking or savings account,Checking or savings account,1,0.7846326612514525
2025-07-13,14622331,Checking or savings account,Checking or savings account,1,0.8913323226256146
2026-01-06,18497138,Checking or savings account,Checking or savings account,1,0.9357912872650479
2025-10-12,16529113,Credit card,Credit card,1,0.9638948908745446
2026-01-09,18608019,Checking or savings account,Checking or savings account,1,0.8362329906839953
2026-01-20,18867227,Checking or savings account,Checking or savings account,1,0.8635924380178294
2025-08-16,15326957,Credit card,Credit card,1,0.9385538805361838
2025-07-08,14492685,Credit card,Credit card,1,0.8366163755271997
2025-09-13,15922184,"Money transfer, virtual currency, or money service",Checking or savings account,1,0.5272868084998684
2025-12-23,18249799,Credit card,Checking or savings account,1,0.4178766408556441
2025-08-09,15160543,Credit reporting or other personal consumer reports,Credit reporting or other personal consumer reports,1,0.816421823183301
2025-08-15,15314700,Checking or savings account,"Money transfer, virtual currency, or money service",1,0.5437514546530048
2025-07-11,14602371,Checking or savings account,Checking or savings account,1,0.8194242448455439
2025-07-31,14986008,Checking or savings account,Credit card,1,0.5013782760459226
2025-10-08,16443001,Debt collection,Checking or savings account,1,0.3598646453478867
2025-07-10,14576652,Credit reporting or other personal consumer reports,Credit reporting or other personal consumer reports,1,0.4229304300501456
2025-07-29,14951571,Checking or savings account,Checking or savings account,1,0.8644632735118316
2025-12-23,18238803,Checking or savings account,Checking or savings account,1,0.8233401566886455
2025-12-23,18234561,Mortgage,Mortgage,1,0.4407204108849643
2025-07-14,14649667,Checking or savings account,Checking or savings account,1,0.9376144557334899
2025-10-28,16875531,Checking or savings account,Checking or savings account,1,0.9430086218862225
2025-12-15,18049393,Credit card,Credit card,1,0.913535160630353
2025-09-17,15996478,Checking or savings account,Checking or savings account,1,0.7023852410247301
2025-12-30,18375202,Vehicle loan or lease,Debt collection,1,0.4791036119009005
2025-08-07,15150660,Credit reporting or other personal consumer reports,Credit reporting or other personal consumer reports,1,0.7504534862061166
2025-10-27,16841400,Checking or savings account,Checking or savings account,1,0.8685048057457178
2025-08-18,15344752,Checking or savings account,Checking or savings account,1,0.9691994557709495
2025-07-12,14611838,Checking or savings account,Checking or savings account,1,0.8036447863080024
2025-08-10,15195080,"Money transfer, virtual currency, or money service","Money transfer, virtual currency, or money service",1,0.7253887247176678
2025-12-26,18295706,Credit reporting or other personal consumer reports,Credit reporting or other personal consumer reports,1,0.6468134242042196
2025-08-13,15260948,Credit card,Credit card,1,0.5097440116894761
2025-11-14,17261545,"Money transfer, virtual currency, or money service","Money transfer, virtual currency, or money service",1,0.8947862441359967
2025-10-12,16528261,Checking or savings account,Checking or savings account,1,0.7384816982376643
2025-10-30,16911674,Debt collection,Debt collection,1,0.7924247714486247
2025-12-22,18226389,Checking or savings account,Checking or savings account,1,0.8871769643137739
2025-10-08,16444638,Checking or savings account,Checking or savings account,1,0.9035459770481905
2025-10-22,16747665,Checking or savings account,Checking or savings account,1,0.913359253180175
2025-12-31,18395075,Credit card,Credit card,1,0.9418386624644937
2025-08-15,15318487,Checking or savings account,Checking or savings account,1,0.7870451484711953
2025-09-08,15774550,Credit reporting or other personal consumer reports,Credit card,1,0.36251174569733857
2025-08-02,15030696,Credit card,Credit card,1,0.9494707796693335
2025-07-02,14423160,"Money transfer, virtual currency, or money service",Checking or savings account,1,0.7141599873369017
2025-07-12,14614243,Credit reporting or other personal consumer reports,Credit reporting or other personal consumer reports,1,0.4889831898811606
2026-01-27,19053357,Checking or savings account,Checking or savings account,1,0.9529344276738585
2025-07-29,14953664,Checking or savings account,Checking or savings account,1,0.9451944097571051
2025-12-15,18031922,Checking or savings account,Checking or savings account,1,0.9482003615684165
2025-07-29,14959067,Credit card,Checking or savings account,1,0.5017812336035894
2025-12-30,18384655,Credit card,Credit card,1,0.8113912269174314
2026-01-13,18677180,Vehicle loan or lease,Vehicle loan or lease,1,0.45509837603062914
2025-11-02,16977083,Checking or savings account,Checking or savings account,1,0.9134114527170416
2026-01-25,18990405,"Money transfer, virtual currency, or money service","Money transfer, virtual currency, or money service",1,0.8320933838732015
2025-11-10,17141950,"Money transfer, virtual currency, or money service",Checking or savings account,1,0.47119101085387166
2026-01-21,18885203,Checking or savings account,Checking or savings account,1,0.8263388745144954
2025-09-25,16189608,Credit card,Credit reporting or other personal consumer reports,1,0.7842164807118172
2025-07-22,14806523,Checking or savings account,Checking or savings account,1,0.8509878728387449
2025-12-08,17826919,Checking or savings account,Checking or savings account,1,0.6789586021027242
2025-07-02,14408375,Credit card,Credit card,1,0.82051369014448
2025-08-12,15229437,Checking or savings account,Checking or savings account,1,0.895813961463904
2026-01-07,18525735,Checking or savings account,Checking or savings account,1,0.5852506096148874
2025-12-30,18378913,Credit card,Credit card,1,0.8675518750109538
2025-10-14,16561499,Checking or savings account,Checking or savings account,1,0.8758170878290562
2026-01-09,18614128,Checking or savings account,Checking or savings account,1,0.8117973138976632
2026-01-06,18489939,Mortgage,Mortgage,1,0.758497680110119
2025-10-23,16773401,Checking or savings account,Checking or savings account,1,0.9255509541389819
2026-01-18,18813219,Vehicle loan or lease,Vehicle loan or lease,1,0.5576361487706656
2025-07-31,15004288,Credit card,Credit card,1,0.795130719020427
2025-10-12,16528050,Credit card,Credit card,1,0.8444239852775675
2025-11-19,17374769,Checking or savings account,Checking or savings account,1,0.8982015324223971
2025-07-16,14695494,Credit reporting or other personal consumer reports,Credit reporting or other personal consumer reports,1,0.86515171977936
2025-11-17,17313944,Credit reporting or other personal consumer reports,Credit reporting or other personal consumer reports,1,0.8300862165229105
2025-12-18,18149120,Checking or savings account,Checking or savings account,1,0.8505494454422425
2026-01-20,18875604,Credit card,Credit card,1,0.8387784249153847
2025-09-09,15822050,Credit card,Credit card,1,0.900780311980101
2025-07-23,14793778,Checking or savings account,Checking or savings account,1,0.5835538100131353
2025-09-26,16207366,Credit card,Credit card,1,0.9391885136688183
2025-10-03,16316639,Credit card,Credit reporting or other personal consumer reports,1,0.9018288594304681
2025-12-22,18221818,Credit card,Credit card,1,0.8436698832505168
2025-07-25,14886278,Checking or savings account,Checking or savings account,1,0.6856535429732875
2025-09-27,16218896,Credit reporting or other personal consumer reports,Credit card,1,0.878888797980045
2025-10-15,16596550,Checking or savings account,Checking or savings account,1,0.7850075873892705
2025-07-24,14860507,Credit card,Credit card,1,0.9309398621416376
2025-09-22,16084877,Credit card,Credit card,1,0.810916180374336
2025-11-20,17357483,Credit card,Credit card,1,0.6104747502821678
2025-07-22,14806056,Checking or savings account,Checking or savings account,1,0.7712120703000465
2025-07-09,14555951,Credit reporting or other personal consumer reports,Credit card,1,0.5837887697414236
2025-07-12,14608993,Checking or savings account,Checking or savings account,1,0.878302423747947
2025-12-26,18296292,Checking or savings account,Checking or savings account,1,0.9112067603415936
2025-09-04,15721221,Checking or savings account,Checking or savings account,1,0.6951494149454374
2026-01-13,18697693,Credit card,Credit reporting or other personal consumer reports,1,0.8781632576422895
2026-01-06,18513213,Credit card,Credit card,1,0.950818298987203
2025-09-03,15656926,Mortgage,Mortgage,1,0.6996972494410386
2025-07-20,14784915,Credit card,Credit card,1,0.962298460714074
2025-10-22,16730950,Credit card,Credit card,1,0.9404772947045226
2025-12-04,18145980,Credit reporting or other personal consumer reports,Credit reporting or other personal consumer reports,1,0.8613042790588817
2025-07-06,14498530,Credit reporting or other personal consumer reports,Vehicle loan or lease,1,0.550555825472862
2025-07-24,14846244,Checking or savings account,Checking or savings account,1,0.8590010090791136
2025-09-09,15787574,Credit card,Credit card,1,0.968283707138379
2026-01-27,19047577,Credit card,Credit card,1,0.867799101041893
2025-07-01,14395685,Checking or savings account,Checking or savings account,1,0.8253408647774503
2025-08-04,15071627,Credit reporting or other personal consumer reports,Credit reporting or other personal consumer reports,1,0.9874326892520336
2025-10-27,16842634,Credit card,Credit card,1,0.9074098236702687
2025-12-26,18298244,Checking or savings account,Checking or savings account,1,0.7321772451500387
2026-01-15,18737447,Checking or savings account,Checking or savings account,1,0.74696075083056
2025-07-13,14610666,Credit card,Checking or savings account,1,0.5421704327433415
2025-08-09,15187622,Debt collection,Credit card,1,0.43157898867019867
2025-10-21,16694477,Checking or savings account,Checking or savings account,1,0.945425593664594
2025-08-15,15277328,Checking or savings account,Checking or savings account,1,0.964933806940337
2025-07-02,14408227,Checking or savings account,Checking or savings account,1,0.7178984931726893
2025-07-08,14493363,Credit card,Credit card,1,0.8913210832283186
2025-10-23,16780644,Checking or savings account,Checking or savings account,1,0.8787963419927451
2025-11-21,17407787,Checking or savings account,Checking or savings account,1,0.9362869381028164
2025-09-16,15935149,Checking or savings account,Checking or savings account,1,0.9177320877011432
2025-10-30,16933333,Checking or savings account,Checking or savings account,1,0.9564563704898369
2025-08-13,15249408,"Money transfer, virtual currency, or money service",Vehicle loan or lease,1,0.45031403534612285
2025-07-10,14577297,Credit card,Credit card,1,0.9409288838217215
2025-11-21,17399992,Checking or savings account,Checking or savings account,1,0.6561087138049388
2025-12-23,18262363,Vehicle loan or lease,Vehicle loan or lease,1,0.8282516879072714
2026-01-11,18636868,Mortgage,Mortgage,1,0.8860853661831655
2025-08-15,15310850,Credit card,Credit card,1,0.851184585134488
2025-07-14,14641147,Checking or savings account,Checking or savings account,1,0.6107505682641738
2025-12-01,18049995,Checking or savings account,Checking or savings account,1,0.900499042963792
2025-10-28,16879864,Credit card,Credit card,1,0.8646666140137205
2025-07-18,14726470,Checking or savings account,Checking or savings account,1,0.9110733354779222
2025-08-22,15457669,Credit reporting or other personal consumer reports,Credit reporting or other personal consumer reports,1,0.8446373675638622
2025-07-01,14405479,Credit reporting or other personal consumer reports,Credit reporting or other personal consumer reports,1,0.9283468589622861
2025-09-23,16099588,Checking or savings account,Checking or savings account,1,0.7760991929198613
2025-10-20,16698097,Checking or savings account,Checking or savings account,1,0.942913626497519
2025-11-17,17287438,Credit card,Credit card,1,0.8182855004830336
2025-07-16,14681712,Checking or savings account,Checking or savings account,1,0.44188277141367394
2025-11-06,17067659,Credit reporting or other personal consumer reports,Checking or savings account,1,0.5510455527430063
2025-11-19,17360703,Credit card,Credit card,1,0.8358828758551827
2025-09-10,15843006,Credit card,Credit card,1,0.8728594420947458
2025-10-01,16296035,Checking or savings account,Checking or savings account,1,0.821351628369504
2025-08-20,15388275,Checking or savings account,"Money transfer, virtual currency, or money service",1,0.6757815443547065
2025-10-09,16474674,Credit reporting or other personal consumer reports,Credit reporting or other personal consumer reports,1,0.7515590724582273
2025-08-30,15619074,Credit card,Credit card,1,0.5248875011819899
2025-08-28,15590196,Credit reporting or other personal consumer reports,Credit reporting or other personal consumer reports,1,0.808313723634038
2025-10-13,16555858,Checking or savings account,Checking or savings account,1,0.9237108759403196
2025-10-22,16756691,Checking or savings account,Checking or savings account,1,0.8997754665075828
2025-09-17,16000612,Checking or savings account,Checking or savings account,1,0.6858649088218072
2025-11-20,17386889,"Money transfer, virtual currency, or money service","Money transfer, virtual currency, or money service",1,0.3706420297195186
2025-11-11,17168314,Checking or savings account,Checking or savings account,1,0.9712559890386293
2025-09-26,16210872,Mortgage,Credit reporting or other personal consumer reports,1,0.8976246396432823
2025-11-22,17784694,Checking or savings account,Checking or savings account,1,0.7427655920818732
2025-11-01,16965703,Credit card,Credit card,1,0.9015148189574944
2026-01-25,18992588,Credit card,Credit card,1,0.8973515431224145
2025-10-21,16723530,Checking or savings account,Checking or savings account,1,0.7912498981475428
2025-12-30,18378167,Checking or savings account,Checking or savings account,1,0.9101742769146194
2026-01-24,18979613,Checking or savings account,Checking or savings account,1,0.9147124658350502
2025-07-02,14411872,Checking or savings account,Checking or savings account,1,0.9292717486332233
2025-07-17,14706478,Debt collection,Debt collection,1,0.6975334315400175
2025-10-31,16951919,Credit card,Credit card,1,0.8366405491928836
2025-08-21,15396987,Credit reporting or other personal consumer reports,Credit reporting or other personal consumer reports,1,0.8333650895196657
2025-09-12,15896542,Vehicle loan or lease,Vehicle loan or lease,1,0.7597427273123559
2025-07-28,14924908,Credit card,Credit card,1,0.5418247611252598
2025-10-26,16824884,Credit card,Credit card,1,0.8719484645326872
2025-11-23,17447225,Checking or savings account,Checking or savings account,1,0.8950991382992396
2025-11-25,17516656,Credit reporting or other personal consumer reports,Credit reporting or other personal consumer reports,1,0.7898793432072222
2025-11-23,17837371,"Money transfer, virtual currency, or money service",Checking or savings account,1,0.717733807569231
2025-11-05,17008398,Checking or savings account,Checking or savings account,1,0.842185121702017
2026-01-14,18723436,Credit card,Credit card,1,0.8072241604053939
2025-09-10,15856753,Credit reporting or other personal consumer reports,Credit reporting or other personal consumer reports,1,0.9001049311017241
2025-08-28,15579959,Checking or savings account,Credit card,1,0.573172772904104
2025-08-19,15365083,Checking or savings account,Checking or savings account,1,0.9056796904808732
2025-07-04,14466686,Credit card,Credit card,1,0.8800340127108193
2025-10-30,16930428,Credit card,Credit card,1,0.9408085233964169
2025-07-07,14474306,Checking or savings account,Checking or savings account,1,0.4669582945860114
2026-01-26,19017116,"Money transfer, virtual currency, or money service","Money transfer, virtual currency, or money service",1,0.7417081260525639
2025-08-13,15251868,Credit card,Credit card,1,0.618170475398673
2025-12-08,17850331,Credit card,Credit card,1,0.9283477661952949
2025-08-21,15443901,Checking or savings account,Checking or savings account,1,0.8419770394546263
2025-12-31,18386085,Checking or savings account,Checking or savings account,1,0.8993282831410836
2025-11-30,17962112,Credit reporting or other personal consumer reports,Credit reporting or other personal consumer reports,1,0.8628091801981239
2025-10-30,16919761,Credit card,Credit card,1,0.4556258919581917
2025-09-23,16130256,Credit card,Checking or savings account,1,0.5522246129037816
2025-07-05,14478194,"Money transfer, virtual currency, or money service",Checking or savings account,1,0.5370778121416937
2025-07-14,14648003,Credit card,Credit card,1,0.7310539645932671
2025-09-15,15957473,Checking or savings account,Checking or savings account,1,0.8959462334736941
2025-07-17,14719764,Checking or savings account,Checking or savings account,1,0.9652548586997386
2025-07-09,14550598,"Money transfer, virtual currency, or money service",Checking or savings account,1,0.7640911018222734
2025-12-26,18287714,"Money transfer, virtual currency, or money service",Checking or savings account,1,0.9334662100867579
2025-09-15,15940963,Credit card,Credit reporting or other personal consumer reports,1,0.8409202851013055
2025-12-29,18340097,Checking or savings account,Checking or savings account,1,0.8917422267107008
2025-09-04,15722175,Credit reporting or other personal consumer reports,Credit reporting or other personal consumer reports,1,0.8903962378568879
2025-08-23,15477036,Credit card,Credit card,1,0.8543657010664613
2025-09-02,15666671,Credit card,Credit card,1,0.8330764424208942
2025-11-07,17061210,Debt collection,Credit reporting or other personal consumer reports,1,0.8727310493474056
2025-09-17,15991164,"Money transfer, virtual currency, or money service","Money transfer, virtual currency, or money service",1,0.7088769190914661
2025-11-13,17226244,Checking or savings account,Credit card,1,0.7322300687250878
2025-12-19,18162521,Checking or savings account,Checking or savings account,1,0.9711802525948617
2025-12-23,18251106,Checking or savings account,Checking or savings account,1,0.9503512578031169
2025-07-18,14741251,Vehicle loan or lease,Credit card,1,0.680321037691061
2025-10-28,16874572,Credit card,Credit card,1,0.9551575728706695
2025-07-31,14963388,Checking or savings account,Checking or savings account,1,0.6862254744184435
2026-01-24,18980563,Checking or savings account,Checking or savings account,1,0.9633302049689996
2025-10-06,16390459,Checking or savings account,Checking or savings account,1,0.874607503428786
2025-08-17,15335391,"Money transfer, virtual currency, or money service",Checking or savings account,1,0.5480576864361733
2025-07-23,14842937,Checking or savings account,Checking or savings account,1,0.8813819526158401
2026-01-18,18816872,"Money transfer, virtual currency, or money service","Money transfer, virtual currency, or money service",1,0.7857092359595687
2026-01-30,19123944,Credit card,Credit card,1,0.5541233501704262
2025-10-15,16598094,"Money transfer, virtual currency, or money service","Money transfer, virtual currency, or money service",1,0.6869499732511756
2025-08-21,15436672,Checking or savings account,Checking or savings account,1,0.658031247482257
2025-08-29,15595846,Checking or savings account,Checking or savings account,1,0.8845271109889516
2025-07-11,14598583,Credit card,Credit card,1,0.7986466141793486
2025-07-14,14646716,Credit card,Credit card,1,0.802383480242678
2025-11-17,17303096,Mortgage,Mortgage,1,0.585973066508709
2025-12-04,17758796,Mortgage,Mortgage,1,0.8041869072930682
2025-08-11,15206391,Credit card,Credit card,1,0.8924634662128123
2025-08-05,15101614,Credit card,Credit card,1,0.7961274406862971
2025-07-30,14973786,Credit card,Credit card,1,0.7133854454767002
2025-07-22,14805502,Checking or savings account,Checking or savings account,1,0.9645150422019646
2025-09-24,16145969,Credit card,Credit reporting or other personal consumer reports,1,0.8851981412010987
2025-07-02,14384636,Checking or savings account,Checking or savings account,1,0.7553446801806852
2025-10-09,16475978,Checking or savings account,Checking or savings account,1,0.9039565561783408
2025-11-21,17428855,"Money transfer, virtual currency, or money service","Money transfer, virtual currency, or money service",1,0.7347181611073124
2026-01-18,18815691,Checking or savings account,Checking or savings account,1,0.922426061767192
2025-07-09,14540469,Credit card,Checking or savings account,1,0.6385079184841413
2025-11-21,17797937,Checking or savings account,Credit reporting or other personal consumer reports,1,0.8484727334357819
2025-08-19,15381860,Credit card,Checking or savings account,1,0.9369839566160941
2025-07-27,14911479,Vehicle loan or lease,Vehicle loan or lease,1,0.8584514711205719
2025-10-03,16353973,Checking or savings account,Credit card,1,0.466591883329923
2025-10-19,16685931,Credit card,Credit card,1,0.8923445950926635
2025-11-11,17171576,Checking or savings account,Checking or savings account,1,0.7316719989206449
2025-09-17,16002556,Credit card,Credit reporting or other personal consumer reports,1,0.9030421148643947
2025-07-24,14859042,Checking or savings account,Checking or savings account,1,0.5687238771860574
2026-01-13,18683220,Checking or savings account,Checking or savings account,1,0.8967778867995566
2025-07-21,14778365,Checking or savings account,Checking or savings account,1,0.9217271586437589
2025-11-26,17916554,"Money transfer, virtual currency, or money service",Credit card,1,0.5036618822262073
2025-07-22,14798443,Checking or savings account,Checking or savings account,1,0.854962973030626
2025-07-10,14573209,Checking or savings account,Checking or savings account,1,0.779681738454117
2025-12-21,18206920,Credit card,Credit card,1,0.9334242770157405
2025-11-18,17328244,Checking or savings account,Checking or savings account,1,0.8755533909178205
2025-08-06,15125239,Checking or savings account,"Money transfer, virtual currency, or money service",1,0.4340291322776076
2025-08-19,15373024,Credit card,Credit card,1,0.8551267435282396
2025-09-22,16083636,Checking or savings account,Checking or savings account,1,0.8035458167914519
2025-11-30,18038322,Mortgage,Mortgage,1,0.8105097021619452
2025-07-15,14676449,Debt collection,Credit reporting or other personal consumer reports,1,0.44446819865026815
2025-07-03,14455075,"Money transfer, virtual currency, or money service","Money transfer, virtual currency, or money service",1,0.600544810722668
2025-12-14,18027609,Credit card,Credit card,1,0.9638338063330534
2025-09-17,16003951,Credit card,Credit card,1,0.8898529917698067
2025-11-06,17077621,Checking or savings account,Checking or savings account,1,0.6086392379407589
2026-01-23,18948005,Checking or savings account,Checking or savings account,1,0.9002965419555541
2025-11-11,17178345,Credit card,Credit card,1,0.9684994726002897
2025-11-28,17952919,Checking or savings account,Checking or savings account,1,0.9569666575743265
2025-11-07,17095748,Checking or savings account,Checking or savings account,1,0.9129468936250773
2025-11-17,17302753,Checking or savings account,Checking or savings account,1,0.8705271857854129
2025-11-12,17874288,Checking or savings account,Checking or savings account,1,0.6522232202842463
2025-09-11,15873889,Checking or savings account,Checking or savings account,1,0.4861241279057907
2025-12-25,18283889,Credit card,Credit card,1,0.9586489064624888
2025-11-22,17406762,Credit reporting or other personal consumer reports,Checking or savings account,1,0.2828025476401398
2025-09-03,15701269,Credit card,Credit reporting or other personal consumer reports,1,0.8278646256367365
2026-01-28,19083000,Checking or savings account,Checking or savings account,1,0.869375468090146
2025-12-03,18045554,Checking or savings account,Checking or savings account,1,0.8499821223230728
2026-01-02,18413625,Checking or savings account,Checking or savings account,1,0.905780904165263
2025-09-24,16096222,Credit card,Credit card,1,0.6907570250954777
2025-09-18,16037797,Credit card,Credit card,1,0.5089758760723955
2025-09-23,16099600,Credit reporting or other personal consumer reports,Credit card,1,0.893552355852156
2025-12-31,18387314,Checking or savings account,Checking or savings account,1,0.9344549645615595
2025-12-01,18045822,Checking or savings account,Checking or savings account,1,0.7302715532136513
2025-11-21,17421903,Checking or savings account,Checking or savings account,1,0.9043423832320707
2026-01-28,19070699,"Money transfer, virtual currency, or money service",Checking or savings account,1,0.8644993041425035
2025-11-18,17335775,Checking or savings account,Checking or savings account,1,0.9288299992055512
2025-07-31,14991122,Checking or savings account,Checking or savings account,1,0.845566557974191
2025-11-03,16991275,Credit card,Credit card,1,0.8432570800173621
2025-10-18,16648703,Checking or savings account,Checking or savings account,1,0.7770223753498554
2025-09-22,16085959,Checking or savings account,Checking or savings account,1,0.41471826142374096
2025-08-18,15352215,Credit reporting or other personal consumer reports,Credit reporting or other personal consumer reports,1,0.9053705485122778
2025-11-25,17879001,Credit card,Credit reporting or other personal consumer reports,1,0.9454689652141469
2025-10-08,16432631,Credit reporting or other personal consumer reports,Credit reporting or other personal consumer reports,1,0.8367294788047507
2025-07-30,14938330,Credit card,Credit card,1,0.5301510963453874
2025-12-16,18073783,Checking or savings account,Checking or savings account,1,0.8429662371777719
2026-01-11,18636133,Checking or savings account,Checking or savings account,1,0.7639503789548933
2025-07-02,14409690,Checking or savings account,Checking or savings account,1,0.7272000854118789
2025-07-23,14841438,Credit reporting or other personal consumer reports,Credit reporting or other personal consumer reports,1,0.8293491962472409
2025-11-05,17050185,Checking or savings account,Checking or savings account,1,0.4092600745020738
2025-11-25,17902367,Checking or savings account,Credit card,1,0.4060950363530935
2025-10-24,16798251,Checking or savings account,Checking or savings account,1,0.7227168286857667
2025-07-26,14903117,Checking or savings account,Credit card,1,0.4240171654289438
2025-07-02,14428116,Credit card,Credit reporting or other personal consumer reports,1,0.35408043252074245
2026-01-25,18998419,Checking or savings account,Checking or savings account,1,0.8905813568903147
2025-08-22,15428878,Checking or savings account,Checking or savings account,1,0.6867681186443632
2025-07-21,14774801,Credit reporting or other personal consumer reports,Credit reporting or other personal consumer reports,1,0.7483199491198981
2026-01-13,18696979,"Money transfer, virtual currency, or money service",Checking or savings account,1,0.8481799334544711
2025-11-11,17170793,Credit card,Credit card,1,0.8632648157956132
2026-01-26,19018384,Checking or savings account,Checking or savings account,1,0.8659863761497658
2025-07-08,14531498,Credit card,Credit card,1,0.8479582328566099
2025-10-14,16585413,Checking or savings account,Checking or savings account,1,0.8850427233314341
2025-07-10,14577504,Credit card,Credit card,1,0.7881182964645426
2025-07-14,14629546,Credit card,Credit card,1,0.920937320943723
2025-11-10,17140670,Credit card,Credit card,1,0.7678295504543037
2025-11-02,16976840,Checking or savings account,Checking or savings account,1,0.8546603738829927
2025-08-16,15324511,Debt collection,Credit reporting or other personal consumer reports,1,0.749634797496553
2025-07-01,14389405,Checking or savings account,Checking or savings account,1,0.9520846062213143
2026-01-01,18405259,Checking or savings account,Checking or savings account,1,0.9456263869945807
2025-07-18,14726099,Checking or savings account,Credit card,1,0.5348738049632357
2025-10-14,16570407,Checking or savings account,Checking or savings account,1,0.9366507365085713
2025-07-24,14850043,Checking or savings account,Checking or savings account,1,0.7459785923105339
2025-08-08,15168799,Credit card,Credit card,1,0.9305074188000386
2025-08-06,15119611,Checking or savings account,Credit card,1,0.5197550640937497
2026-01-28,19086208,Checking or savings account,Checking or savings account,1,0.9277630975595826
2025-12-26,18308797,Vehicle loan or lease,Vehicle loan or lease,1,0.5394418533456199
2025-12-09,17897239,Checking or savings account,Checking or savings account,1,0.9399623030394059
2025-09-27,16217868,Checking or savings account,Checking or savings account,1,0.8868430914086702
2025-10-24,16802863,Checking or savings account,Credit card,1,0.5393818899070003
2025-10-30,16925772,Checking or savings account,Checking or savings account,1,0.7909585207463414
2025-07-04,14467525,Credit card,Checking or savings account,1,0.8895021821146637
2025-11-27,17960557,Credit reporting or other personal consumer reports,Credit card,1,0.3715141077689106
2025-11-26,17918073,Debt collection,Credit reporting or other personal consumer reports,1,0.7843844856083296
2025-12-25,18286027,Mortgage,Mortgage,1,0.7070090767259951
2025-12-16,18068307,Credit card,Credit card,1,0.8571150112661896
2025-10-24,16811020,Debt collection,Credit reporting or other personal consumer reports,1,0.8554096679660695
2025-09-15,15927156,Credit card,Credit reporting or other personal consumer reports,1,0.7941984737413823
2025-09-15,15948768,Checking or savings account,Checking or savings account,1,0.8290407111787311
2025-09-27,16217927,Checking or savings account,Checking or savings account,1,0.6036736744426187
2025-07-26,14870604,Checking or savings account,"Money transfer, virtual currency, or money service",1,0.7475134521494526
2025-09-16,15964467,Credit card,Checking or savings account,1,0.75866513908024
2025-10-29,16890990,Checking or savings account,Checking or savings account,1,0.9176483513290977
2025-09-10,15850764,Credit reporting or other personal consumer reports,Credit reporting or other personal consumer reports,1,0.9124630495373626
2025-09-26,16168395,Credit card,Credit card,1,0.832859457562989
2025-07-18,14744320,Checking or savings account,Checking or savings account,1,0.8414488557736818
2026-01-13,18692881,Debt collection,Credit reporting or other personal consumer reports,1,0.5455178471794618
2025-12-23,18238216,Credit reporting or other personal consumer reports,Credit reporting or other personal consumer reports,1,0.7362266592872317
2025-07-18,14743473,Credit card,Checking or savings account,1,0.5671269172164809
2025-12-18,18157295,Checking or savings account,Checking or savings account,1,0.8870453536159948
2025-11-21,17800969,Checking or savings account,Checking or savings account,1,0.8939566583185323
2025-07-17,14677003,Vehicle loan or lease,Credit reporting or other personal consumer reports,1,0.47751779391120297
2025-12-09,17872130,Credit card,Credit card,1,0.7303658627736618
2025-08-26,15521038,Credit card,Credit card,1,0.9093609228056084
2025-07-04,14472315,Checking or savings account,Checking or savings account,1,0.7583086860719944
2025-12-01,17923343,Checking or savings account,Checking or savings account,1,0.6747988800132448
2025-12-09,17879706,Checking or savings account,Checking or savings account,1,0.7686933949387815
2026-01-09,18592917,Checking or savings account,Checking or savings account,1,0.8336515172353719
2025-08-01,15040134,Checking or savings account,Checking or savings account,1,0.6310088633780055
2025-08-25,15497776,Checking or savings account,Checking or savings account,1,0.9282549171186298
2025-07-30,14982194,Checking or savings account,Checking or savings account,1,0.5816160797255112
2025-12-16,18075995,Checking or savings account,Credit card,1,0.5606487242278445
2026-01-19,18825100,Checking or savings account,Checking or savings account,1,0.9685473263652237
2025-07-21,14769747,Checking or savings account,Checking or savings account,1,0.7904081233874516
2025-12-30,18377938,Credit card,Credit card,1,0.9399411576249128
2025-09-06,15771783,Credit card,Credit reporting or other personal consumer reports,1,0.313107628609429
2025-10-21,16718238,Credit card,Credit card,1,0.9595075436403265
2025-10-03,16359080,Credit card,Credit card,1,0.7519869516677288
2025-11-07,17062257,Checking or savings account,Checking or savings account,1,0.4695211564850604
2025-11-05,17047835,Checking or savings account,Credit card,1,0.8138522854232718
2025-09-29,16236220,"Money transfer, virtual currency, or money service","Money transfer, virtual currency, or money service",1,0.817056210397506
2025-10-15,16584010,Checking or savings account,Checking or savings account,1,0.7776839216213972
2025-07-25,14876079,Credit card,Credit card,1,0.5309466993502509
2025-07-30,14981127,Vehicle loan or lease,Vehicle loan or lease,1,0.42497962609383905
2025-11-23,17826715,"Money transfer, virtual currency, or money service","Money transfer, virtual currency, or money service",1,0.6460888301487656
2025-11-11,17131739,Credit card,Credit card,1,0.5074798537870958
2025-12-25,18278437,Mortgage,Mortgage,1,0.7110524140894787
2025-09-26,16194040,Mortgage,Mortgage,1,0.7946711722793626
2025-12-25,18279144,Credit card,Checking or savings account,1,0.5729079982840865
2025-09-10,15852888,Mortgage,Mortgage,1,0.8381043372430312
2026-01-23,18968265,"Money transfer, virtual currency, or money service",Checking or savings account,1,0.7598272887315138
2025-10-01,16291816,Checking or savings account,Checking or savings account,1,0.8521230894641861
2025-09-28,16227650,Credit card,Credit card,1,0.40424921384926055
2025-12-18,18155518,"Money transfer, virtual currency, or money service","Money transfer, virtual currency, or money service",1,0.5327431387975117
2025-11-02,16972633,Credit card,Checking or savings account,1,0.49151564182393276
2025-08-22,15449101,Debt collection,Vehicle loan or lease,1,0.679045367893291
2025-10-27,16824461,Credit card,Credit reporting or other personal consumer reports,1,0.8567032867197488
2026-01-08,18576572,Credit card,Credit card,1,0.8975603997711442
2025-08-15,15316169,Credit reporting or other personal consumer reports,Credit reporting or other personal consumer reports,1,0.9382625483343013
2025-10-03,16346932,Debt collection,Debt collection,1,0.6098639824658432
2026-01-08,18578823,"Money transfer, virtual currency, or money service",Checking or savings account,1,0.5888530288910748
2025-09-26,16195118,Checking or savings account,"Money transfer, virtual currency, or money service",1,0.8267898362400831
2025-08-29,15602060,Credit card,Credit card,1,0.9155981286409173
2025-11-05,17036751,Credit card,Credit card,1,0.8711300327385404
2025-10-16,16590812,Checking or savings account,Checking or savings account,1,0.5616899663899579
2025-10-02,16328151,Credit reporting or other personal consumer reports,Credit reporting or other personal consumer reports,2,0.9093301089159039
2025-08-05,15092007,"Money transfer, virtual currency, or money service","Money transfer, virtual currency, or money service",1,0.7213059015415225
2025-07-23,14834011,Credit card,Credit card,1,0.9246188142224073
2025-09-17,15998924,Credit card,Credit card,1,0.8900660657867033
2025-11-28,17952355,Checking or savings account,Checking or savings account,1,0.5697641869570168
2025-10-14,16561439,Credit card,Credit card,1,0.9679028872784841
2025-10-14,16562003,Checking or savings account,Checking or savings account,1,0.7972426319504776
2025-12-08,17846089,Credit card,Credit card,1,0.5633829641727955
2025-10-29,16905097,Credit card,Credit card,1,0.9565979025481218
2025-07-29,14952200,Credit card,Checking or savings account,1,0.7941183840703285
2025-11-21,17797882,Checking or savings account,Checking or savings account,1,0.9097712653326854
2025-09-07,15778292,Checking or savings account,Checking or savings account,1,0.7666923558835842
2025-09-05,15742540,Credit card,Credit card,1,0.8982898663898915
2025-07-04,14434155,Checking or savings account,Checking or savings account,1,0.9538660239784446
2025-09-01,15646745,Checking or savings account,Checking or savings account,1,0.882298575603957
2025-09-06,15763610,Credit card,Credit card,1,0.9465973907638707
2025-08-29,15599569,Checking or savings account,Checking or savings account,1,0.9288623333465066
2025-12-25,18286080,Checking or savings account,Checking or savings account,1,0.8428186056787057
2025-10-08,16453599,Credit card,Credit card,1,0.7970432688567559
2026-01-27,19025147,Credit card,Credit card,1,0.9378193293298406
2026-01-07,18520706,Credit card,Credit card,1,0.8295621201018651
2025-10-29,16893101,"Money transfer, virtual currency, or money service",Checking or savings account,1,0.5093609958373443
2025-10-10,16512048,Credit card,Credit reporting or other personal consumer reports,1,0.7616910726568297
2025-09-13,15916180,Checking or savings account,Checking or savings account,1,0.5284695289795563
2025-07-22,14766905,Checking or savings account,Checking or savings account,1,0.9722483568360659
2025-11-10,17152698,Credit card,Credit card,1,0.8979984942582231
2026-01-20,18863105,"Money transfer, virtual currency, or money service",Checking or savings account,1,0.8936661967471631
2025-11-07,17090807,Checking or savings account,Checking or savings account,1,0.958511169605209
2025-08-06,15089692,Credit reporting or other personal consumer reports,Credit reporting or other personal consumer reports,1,0.9231157627093683
2025-10-31,16960909,Credit card,Checking or savings account,1,0.5099445442959519
2025-11-10,17136751,Credit card,Credit card,1,0.7636391036010691
2025-08-06,15125127,Checking or savings account,Checking or savings account,1,0.889607438612559
2025-11-10,17135989,Checking or savings account,Credit card,1,0.6888600239340154
2025-08-02,15027413,"Money transfer, virtual currency, or money service",Checking or savings account,1,0.9142254716633879
2025-12-02,18043956,Checking or savings account,Checking or savings account,1,0.9673147197513071
2025-11-12,17190870,Credit card,Credit card,1,0.9104466875926635
2025-07-28,14920761,Mortgage,Mortgage,1,0.5936294807167989
2025-11-18,17329632,Checking or savings account,Checking or savings account,1,0.8577102389670341
2026-01-30,19143409,Debt collection,Debt collection,1,0.6642318317591867
2025-11-11,17164473,Credit card,Credit card,1,0.8778896523139341
2025-11-21,17434159,Credit card,Credit card,1,0.8467437294946164
2025-12-14,18029007,Credit card,Credit card,1,0.8878287494501452
2025-11-08,17090215,Credit card,Credit card,1,0.9489365074239714
2025-08-22,15468572,Credit card,Credit card,1,0.9379779713803731
2026-01-20,18861167,Mortgage,Mortgage,1,0.6982772072236393
2025-07-09,14544667,Checking or savings account,"Money transfer, virtual currency, or money service",1,0.5679387243885774
2025-11-16,17281821,Debt collection,Mortgage,1,0.2800825442535529
2025-12-23,18261264,Checking or savings account,Checking or savings account,1,0.8710715723618595
2025-08-13,15255967,Checking or savings account,Credit card,1,0.4483526966829509
2025-09-12,15913329,Checking or savings account,Checking or savings account,1,0.5512423708169377
2025-07-17,14711411,Credit reporting or other personal consumer reports,Credit reporting or other personal consumer reports,1,0.6316837511424631
2025-11-08,17115342,Checking or savings account,Checking or savings account,1,0.6243870876518686
2025-12-01,18053625,Checking or savings account,Checking or savings account,1,0.5392212932450667
2025-08-27,15564473,"Money transfer, virtual currency, or money service","Money transfer, virtual currency, or money service",1,0.5503976087582945
2025-10-15,16584384,Credit reporting or other personal consumer reports,Credit reporting or other personal consumer reports,1,0.8661642628553058
2025-09-17,15997984,Checking or savings account,Checking or savings account,1,0.7436075324911139
2025-11-08,17114140,Credit reporting or other personal consumer reports,Credit card,1,0.5411503978025594
2025-10-27,16844840,Checking or savings account,Credit card,1,0.3801391035732198
2025-07-29,14959716,Checking or savings account,Checking or savings account,1,0.8336511969942779
2025-10-30,16926389,"Money transfer, virtual currency, or money service","Money transfer, virtual currency, or money service",1,0.5296200024425591
2025-07-16,14694711,Credit card,Credit card,1,0.8066924081795213
2025-08-26,15534606,Credit reporting or other personal consumer reports,Credit card,1,0.7478260617372032
2025-09-03,15706448,Credit card,Credit card,1,0.6784023093222591
2026-01-01,18399448,Credit card,Debt collection,1,0.6783660536877246
2025-07-12,14617502,Credit card,Credit card,1,0.7393823633211096
2025-12-16,18084765,Checking or savings account,Checking or savings account,1,0.9072482229476554
2025-10-09,16475508,Checking or savings account,Checking or savings account,1,0.5291011294330549
2026-01-09,18585632,Credit card,Checking or savings account,1,0.6586932209342997
2026-01-26,19015755,Checking or savings account,Checking or savings account,1,0.741244831604383
2025-07-19,14757130,Credit card,Credit card,1,0.9623365750144114
2025-07-30,14972391,Checking or savings account,Checking or savings account,1,0.7080266732087407
2025-07-23,14838032,Checking or savings account,Checking or savings account,1,0.941053554600455
2025-07-15,14636657,Checking or savings account,Checking or savings account,1,0.9121466212112038
2025-07-29,14946465,Mortgage,Mortgage,1,0.7976456803881106
2025-11-12,17201794,Credit card,Credit reporting or other personal consumer reports,1,0.8069340370914344
2025-12-09,17859188,Credit card,Credit card,1,0.559764879117688
2025-12-23,18235794,Checking or savings account,Checking or savings account,1,0.7817407630247398
2026-01-03,18438085,"Money transfer, virtual currency, or money service",Checking or savings account,1,0.7084801324750506
2025-07-18,14736711,Checking or savings account,Checking or savings account,1,0.7529211360033973
2025-10-01,16296301,Checking or savings account,Checking or savings account,1,0.9190178985513189
2025-10-02,16313893,Mortgage,Mortgage,1,0.8197304782781428
2025-12-30,18368172,Credit card,Credit card,1,0.9129615413876823
2025-11-06,17083788,"Money transfer, virtual currency, or money service",Checking or savings account,1,0.9125877931095429
2025-09-25,16168911,Checking or savings account,Checking or savings account,1,0.9328036482242408
2025-09-22,16081401,Checking or savings account,Checking or savings account,1,0.9291324129626806
2025-09-02,15669141,Checking or savings account,Credit card,1,0.7547822880466967
2025-07-19,14735395,Credit reporting or other personal consumer reports,Debt collection,1,0.7584979997101712
2025-07-10,14573388,Checking or savings account,Checking or savings account,1,0.8656193267153256
2025-08-14,15285171,Credit reporting or other personal consumer reports,Credit reporting or other personal consumer reports,1,0.7127089601879834
2025-07-14,14646545,Credit card,Credit card,1,0.8665870938458361
2025-11-02,16977126,Credit card,Credit reporting or other personal consumer reports,1,0.8985631801944325
2025-08-05,15060232,Credit card,Credit reporting or other personal consumer reports,1,0.5389992253408485
2025-10-31,16913287,Checking or savings account,Checking or savings account,1,0.9264664704943684
2025-11-20,17353698,Checking or savings account,Checking or savings account,1,0.8800303569869025
2025-07-11,14596887,Checking or savings account,"Money transfer, virtual currency, or money service",1,0.5976198297726426
2025-11-20,17893223,Checking or savings account,Checking or savings account,1,0.6479312051841338
2025-10-29,16898550,Debt collection,Checking or savings account,1,0.499881573028308
2025-07-03,14411942,Checking or savings account,Checking or savings account,1,0.7428716141047366
2025-07-16,14686503,"Money transfer, virtual currency, or money service",Checking or savings account,1,0.4033172650419288
2025-10-24,16795867,Checking or savings account,Checking or savings account,1,0.5936546299706164
2025-12-23,18258029,Checking or savings account,Checking or savings account,1,0.807880054900114
2025-07-09,14543994,Checking or savings account,Checking or savings account,1,0.8283433224045865
2026-01-24,18975088,Credit card,Credit card,1,0.6486557737450921
2025-11-04,17011281,Checking or savings account,Checking or savings account,1,0.8686322557527566
2025-07-02,14400889,Credit reporting or other personal consumer reports,Credit reporting or other personal consumer reports,1,0.9243242402885414
2025-12-01,18054296,Checking or savings account,Checking or savings account,1,0.8029693151931915
2025-09-22,16082798,Checking or savings account,Checking or savings account,1,0.8418991954325806
2025-09-11,15840913,Checking or savings account,Checking or savings account,1,0.7416898940841369
2025-11-04,17025420,Credit card,Credit card,1,0.902009631346392
2026-01-24,18981557,Debt collection,Credit reporting or other personal consumer reports,1,0.8485385843219536
2026-01-03,18446932,Credit card,Credit card,1,0.898288530058709
2025-11-27,17985599,Checking or savings account,Checking or savings account,1,0.9186289248440875
2025-07-22,14767578,Checking or savings account,Checking or savings account,1,0.9103909832785032
2025-09-24,16156612,Checking or savings account,Checking or savings account,1,0.8984192171077056
2025-09-22,16078952,Checking or savings account,Credit reporting or other personal consumer reports,1,0.3970443294658667
2025-11-24,17837026,Debt collection,Debt collection,1,0.825332889765204
2025-11-14,17264583,Credit card,Credit reporting or other personal consumer reports,1,0.9043588361894708
2025-12-23,18257957,Credit card,Credit card,1,0.7795803007233565
2025-09-24,16097417,Checking or savings account,Credit reporting or other personal consumer reports,1,0.6144084749900182
2025-11-28,17955564,Credit card,Credit card,1,0.7448534743554848
2025-09-23,16077458,Checking or savings account,Checking or savings account,1,0.7395605641188002
2025-11-12,17180271,Credit card,Checking or savings account,1,0.3878710359641507
2025-07-20,14788993,Checking or savings account,Credit reporting or other personal consumer reports,1,0.5151866968491167
2025-11-28,17971030,Credit card,Credit card,1,0.7245427561328436
2025-12-15,18043841,Credit reporting or other personal consumer reports,Credit reporting or other personal consumer reports,1,0.7171236860737599
2025-12-08,17837325,Checking or savings account,Checking or savings account,1,0.8136477981628781
2025-12-03,18085086,Checking or savings account,Checking or savings account,1,0.8532815854231806
2025-08-04,15069877,Checking or savings account,"Money transfer, virtual currency, or money service",1,0.7597094628215615
2025-07-29,14957871,Mortgage,Mortgage,1,0.8685541362252843
2026-01-29,19090958,Checking or savings account,Checking or savings account,1,0.7666309144144631
2025-09-23,16124819,Credit reporting or other personal consumer reports,Credit reporting or other personal consumer reports,1,0.597855965306378
2025-12-24,18276213,Credit card,Credit card,1,0.8152677886456837
2025-07-02,14427818,Credit card,Credit card,1,0.8601038258720489
2025-09-27,16193102,Credit card,Credit card,1,0.3996858157071455
2026-01-27,19046464,"Money transfer, virtual currency, or money service","Money transfer, virtual currency, or money service",1,0.8600142770160842
2025-11-05,17036966,"Money transfer, virtual currency, or money service","Money transfer, virtual currency, or money service",1,0.7603331811703185
2025-10-09,16485872,Checking or savings account,Checking or savings account,1,0.6192660842621759
2026-01-08,18557985,Credit card,Credit reporting or other personal consumer reports,1,0.8707906230924002
2025-12-22,18211269,Credit card,Credit card,1,0.9029572473275623
2025-07-16,14691584,Credit card,Credit card,1,0.5675232372042815
2025-09-26,16167126,Checking or savings account,Checking or savings account,1,0.9137654081286213
2025-09-03,15701093,Checking or savings account,Checking or savings account,1,0.8700430808026279
2026-01-07,18542442,Checking or savings account,Checking or savings account,1,0.9579764362003482
2025-09-23,16097570,Credit reporting or other personal consumer reports,Credit card,1,0.5278817630469842
2025-11-13,17225362,Credit card,Checking or savings account,1,0.4353887735123685
2025-12-05,17761072,Credit card,Credit card,1,0.5114242528240819
2025-09-15,15925959,Credit card,Credit reporting or other personal consumer reports,2,0.784144937336564
2025-12-30,18379312,"Money transfer, virtual currency, or money service",Checking or savings account,1,0.9569454686903152
2025-11-06,17081167,Checking or savings account,Checking or savings account,1,0.8888494119085372
2025-10-28,16873032,Credit card,Credit card,1,0.7085264622057784
2025-08-10,15194882,Credit reporting or other personal consumer reports,Credit reporting or other personal consumer reports,1,0.5886761531421997
2025-09-15,15926794,Checking or savings account,Credit card,1,0.41844427972003206
2025-10-19,16685547,Checking or savings account,Checking or savings account,1,0.9518609318326607
2025-12-29,18339239,Credit card,Credit card,1,0.5719193692840535
2025-07-16,14684456,Checking or savings account,Checking or savings account,1,0.9582612534353357
2025-08-04,15072839,Checking or savings account,Checking or savings account,1,0.9398065561378074
2025-10-09,16463061,Checking or savings account,Checking or savings account,1,0.6920929887418907
2025-10-01,16293754,Checking or savings account,Checking or savings account,1,0.844907911296844
2025-07-06,14479188,Credit reporting or other personal consumer reports,Credit reporting or other personal consumer reports,1,0.8059568736412173
2025-12-01,18047003,Credit card,Checking or savings account,1,0.7947486789290453
2025-10-13,16526467,Checking or savings account,Checking or savings account,1,0.9389237182027911
2025-11-18,17337638,Credit card,Credit card,1,0.7814180459311286
2026-01-30,19131452,Vehicle loan or lease,Credit reporting or other personal consumer reports,1,0.5785158167438927
2025-08-01,15046434,Credit card,Credit card,1,0.8711040868091441
2026-01-21,18899946,Checking or savings account,Checking or savings account,1,0.9003645374521013
2025-12-08,17844665,Checking or savings account,Checking or savings account,1,0.4891179858740564
2026-01-13,18698679,Checking or savings account,Checking or savings account,1,0.6934615176898382
2025-07-10,14569742,Credit reporting or other personal consumer reports,Credit reporting or other personal consumer reports,1,0.8579346863598268
2025-09-16,15980098,Checking or savings account,Checking or savings account,1,0.7419261152341879
2025-07-01,14388860,"Money transfer, virtual currency, or money service",Credit card,1,0.6090984621430473
2025-12-27,18312754,Checking or savings account,Checking or savings account,1,0.8878958925024706
2025-07-25,14874960,Checking or savings account,Checking or savings account,1,0.929535070315854
2025-09-17,16006195,Credit card,Credit card,1,0.5617334315616532
2025-09-23,16097967,Credit reporting or other personal consumer reports,Checking or savings account,1,0.4382758013907622
2025-12-16,18087888,Checking or savings account,Checking or savings account,1,0.7856140986296664
2025-11-25,17836603,Checking or savings account,Checking or savings account,1,0.7391309792863253
2025-11-18,17337858,Credit card,Checking or savings account,1,0.5088187764151729
2025-08-22,15449509,Checking or savings account,Checking or savings account,1,0.8725920793860601
2025-11-20,17401705,Credit card,Credit card,1,0.742938008166307
2025-11-23,17835382,Checking or savings account,Checking or savings account,1,0.8719949501245402
2025-08-25,15492354,Checking or savings account,Checking or savings account,1,0.9136030945424753
2025-09-16,15983002,Checking or savings account,Checking or savings account,1,0.8996475737566794
2025-11-08,17117519,Checking or savings account,Credit card,1,0.539954105278931
2025-08-24,15482231,Checking or savings account,Checking or savings account,1,0.9338177179286227
2025-11-07,17103697,Checking or savings account,Checking or savings account,1,0.7758132605221658
2025-10-16,16637573,Credit card,Credit card,1,0.7811350091668108
2025-09-05,15728908,"Money transfer, virtual currency, or money service",Checking or savings account,1,0.5116586193256407
2025-12-09,17886725,Credit card,Credit card,1,0.6577970475561029
2026-01-13,18692486,Checking or savings account,Credit card,1,0.47490454323637604
2026-01-15,18742949,Checking or savings account,Checking or savings account,1,0.9557051959601731
2026-01-14,18717388,Credit card,Credit card,1,0.9181308485347737
2025-07-31,14996692,"Money transfer, virtual currency, or money service","Money transfer, virtual currency, or money service",1,0.8331429345950444
2025-08-18,15350173,Credit card,Credit reporting or other personal consumer reports,1,0.34163490176630823
2025-08-11,15209520,"Money transfer, virtual currency, or money service",Checking or savings account,1,0.820588701619004
2026-01-20,18866907,Credit card,Credit card,1,0.598911894474173
2025-10-15,16604897,Credit card,Credit card,1,0.8451430528949748
2025-10-02,16315854,Credit reporting or other personal consumer reports,Credit reporting or other personal consumer reports,1,0.8700902923844702
2025-10-28,16863239,Credit reporting or other personal consumer reports,Credit reporting or other personal consumer reports,1,0.9167005953523572
2025-09-15,15943547,Checking or savings account,Checking or savings account,1,0.47556356158644736
2025-12-24,18273738,Checking or savings account,Checking or savings account,1,0.901387616563789
2025-09-07,15773331,Credit card,Credit card,1,0.7964532763917047
2025-09-16,15962539,Mortgage,Checking or savings account,1,0.3600879043140588
2025-08-12,15244927,Credit card,Credit card,1,0.8355187347909623
2025-08-04,15074593,Credit reporting or other personal consumer reports,Credit reporting or other personal consumer reports,1,0.9119492911464304
2025-12-29,18347786,Checking or savings account,Checking or savings account,1,0.6332241272153077
2025-12-04,18139481,Credit reporting or other personal consumer reports,Credit reporting or other personal consumer reports,1,0.8316918243150008
2025-07-31,15001058,Checking or savings account,Checking or savings account,1,0.9318739389824557
2025-08-01,15034496,Credit card,Credit card,1,0.7380804413982783
2025-08-21,15444564,Credit reporting or other personal consumer reports,Credit reporting or other personal consumer reports,1,0.8908579580818027
2026-01-09,18610097,Credit card,Credit card,1,0.6130729465859976
2025-07-17,14676622,Credit reporting or other personal consumer reports,Credit reporting or other personal consumer reports,1,0.887369002863697
2025-07-25,14875767,Credit card,Credit card,1,0.8973867565367072
2025-09-12,15914487,Checking or savings account,Checking or savings account,1,0.8381924518836027
2026-01-01,18403686,Checking or savings account,Checking or savings account,1,0.46014645828337053
2025-07-02,14425243,Checking or savings account,Checking or savings account,1,0.9330715613312724
2026-01-27,19051470,Credit card,Credit card,1,0.4977763246608713
2025-12-24,18273581,Credit reporting or other personal consumer reports,Credit reporting or other personal consumer reports,1,0.6364013400217742
2025-11-16,17282850,Credit card,Credit reporting or other personal consumer reports,1,0.5234362216177855
2025-09-26,16203797,Checking or savings account,Checking or savings account,1,0.6519784823038094
2025-09-25,16178751,Checking or savings account,"Money transfer, virtual currency, or money service",1,0.5999687177760286
2025-12-08,17850906,Mortgage,Checking or savings account,1,0.5148021728263513
2026-01-18,18817347,Checking or savings account,Checking or savings account,1,0.9030629337594004
2026-01-12,18652556,Checking or savings account,Checking or savings account,1,0.5268445923524848
2025-10-14,16571206,Checking or savings account,Checking or savings account,1,0.8511318610299347
2025-10-14,16533344,Checking or savings account,Checking or savings account,1,0.8930296258764802
2026-01-29,19097994,Credit card,Credit card,1,0.9027329812761131
2025-08-28,15586174,Checking or savings account,Checking or savings account,1,0.7992034080974837
2025-10-14,16577705,Checking or savings account,Checking or savings account,1,0.9785210124325819
2025-11-13,17234525,Checking or savings account,"Money transfer, virtual currency, or money service",1,0.43015271838299274
2025-10-18,16643804,Credit reporting or other personal consumer reports,Credit reporting or other personal consumer reports,1,0.9216639536698176
2025-09-30,16268564,Credit card,Credit card,1,0.8956286703009556
2025-08-27,15558214,Checking or savings account,Checking or savings account,1,0.9369841594156068
2026-01-08,18558762,Checking or savings account,Checking or savings account,1,0.96245889367603
2025-10-03,16343670,Checking or savings account,Checking or savings account,1,0.8591632318525967
2025-11-11,17170101,"Money transfer, virtual currency, or money service","Money transfer, virtual currency, or money service",1,0.510450944730006
2025-09-06,15754712,Credit reporting or other personal consumer reports,Credit reporting or other personal consumer reports,1,0.6207745541242002
2025-09-28,16228001,Credit card,Credit card,1,0.7848389312956469
2025-07-02,14417503,Checking or savings account,Checking or savings account,1,0.6682606571618207
2025-08-15,15310006,Checking or savings account,Checking or savings account,1,0.8930643843248228
2025-11-24,17881940,Checking or savings account,Checking or savings account,1,0.8999952275404975
2025-12-21,18207691,Checking or savings account,Checking or savings account,1,0.8960437728668472
2025-08-28,15575263,Credit reporting or other personal consumer reports,Credit reporting or other personal consumer reports,1,0.7245056605898087
2025-10-08,16450597,Checking or savings account,Checking or savings account,1,0.8966466117695822
2025-12-08,17838357,"Money transfer, virtual currency, or money service",Checking or savings account,1,0.6028093588528164
2025-09-25,16171100,"Money transfer, virtual currency, or money service","Money transfer, virtual currency, or money service",1,0.7841853715141891
2025-10-08,16456541,Checking or savings account,Checking or savings account,1,0.8027985765407619
2025-10-10,16465036,Checking or savings account,Checking or savings account,1,0.9030417226970661
2025-07-21,14776220,"Money transfer, virtual currency, or money service",Checking or savings account,1,0.6112627607969104
2025-12-24,18277086,Credit card,Credit card,1,0.9017802695739977
2025-10-28,16873839,"Money transfer, virtual currency, or money service",Checking or savings account,1,0.8662189301822002
2025-10-29,16895945,Checking or savings account,Checking or savings account,1,0.840105934773538
2025-08-20,15401179,Credit card,Credit card,1,0.8496384884514067
2026-01-30,19127401,Vehicle loan or lease,Checking or savings account,1,0.5191029794949676
2026-01-26,19021632,Mortgage,Mortgage,1,0.6555873878818281
2025-11-06,17082637,Checking or savings account,Checking or savings account,1,0.7926217286010383
2026-01-22,18928893,Checking or savings account,Checking or savings account,1,0.680911439789268
2025-11-19,17372820,Checking or savings account,Checking or savings account,1,0.5394961620862281
2025-10-29,16903676,Checking or savings account,Checking or savings account,1,0.8314331862774272
2025-12-23,18253440,Credit reporting or other personal consumer reports,Credit card,1,0.42306578823884017
2025-11-12,17191208,Credit card,Credit card,1,0.8855119681160449
2025-09-17,15996054,Checking or savings account,Checking or savings account,1,0.7672520283041026
2025-12-22,18226774,Checking or savings account,Checking or savings account,1,0.8919048680879919
2025-10-22,16755750,Checking or savings account,Checking or savings account,1,0.9016037118307393
2025-09-30,16274366,Credit card,Credit card,1,0.5401226949564846
2025-09-03,15663522,Checking or savings account,Checking or savings account,1,0.8083310412420855
2025-08-12,15228582,Credit reporting or other personal consumer reports,Credit reporting or other personal consumer reports,1,0.8286017980046284
2025-08-15,15276470,Checking or savings account,Credit card,1,0.6179520866327004
2025-09-30,16274040,Credit card,Credit card,1,0.8849268371912236
2025-08-25,15496119,Checking or savings account,Checking or savings account,1,0.8749291230802919
2025-10-29,16858086,Checking or savings account,Checking or savings account,1,0.87941137506113
2026-01-24,18986033,Checking or savings account,Checking or savings account,1,0.9064963322883351
2025-10-02,16337052,Credit card,Credit card,1,0.9264345001465246
2025-07-04,14469703,"Money transfer, virtual currency, or money service",Checking or savings account,1,0.5402590752808178
2025-08-23,15475136,Credit card,Credit card,1,0.9440143050007408
2025-07-02,14402453,Credit card,Credit card,1,0.8615757748342195
2025-09-27,16220725,Checking or savings account,Checking or savings account,1,0.8419116773384127
2025-11-16,17282909,Checking or savings account,Checking or savings account,1,0.9191154271864478
2025-08-02,15021300,Checking or savings account,Credit card,1,0.6686384847985107
2025-10-02,16314636,Checking or savings account,Checking or savings account,1,0.9627099459953287
2025-08-06,15118944,Checking or savings account,Checking or savings account,1,0.7619578770194889
2025-07-03,14441726,"Money transfer, virtual currency, or money service","Money transfer, virtual currency, or money service",1,0.8141294925617449
2025-07-01,14393512,Checking or savings account,Checking or savings account,1,0.9307006520534209
2025-12-09,17900538,Checking or savings account,Checking or savings account,1,0.7327271670528493
2026-01-21,18898065,"Money transfer, virtual currency, or money service","Money transfer, virtual currency, or money service",1,0.7742628705327191
2025-08-21,15429644,Checking or savings account,Checking or savings account,1,0.5358463539287828
2026-01-25,18991084,"Money transfer, virtual currency, or money service","Money transfer, virtual currency, or money service",1,0.8180190516221056
2025-08-03,15053082,Credit reporting or other personal consumer reports,Credit card,1,0.6200742793970868
2025-07-26,14896621,Checking or savings account,Checking or savings account,1,0.8297870370136357
2025-11-23,17447000,Checking or savings account,Checking or savings account,1,0.8886452637453349
2025-07-31,14995218,"Money transfer, virtual currency, or money service",Checking or savings account,1,0.5044314360224046
2025-07-18,14740049,Credit card,Checking or savings account,1,0.5604225717605283
2025-09-04,15712335,Credit card,Credit reporting or other personal consumer reports,1,0.7437535850190501
2025-10-01,16302312,Credit card,Credit card,1,0.8360986871765294
2025-11-21,17801306,"Money transfer, virtual currency, or money service",Checking or savings account,1,0.8294289473773123
2025-09-24,16161968,Credit card,Checking or savings account,1,0.8652941188924265
2026-01-02,18424044,Credit card,Credit card,1,0.6702999496932026
2025-08-17,15338074,Credit card,Credit card,1,0.7788556126571372
2025-11-28,17918624,Checking or savings account,Checking or savings account,1,0.7305404280743518
2025-09-11,15866194,Credit reporting or other personal consumer reports,Credit reporting or other personal consumer reports,1,0.859686569419179
2025-10-06,16395928,Vehicle loan or lease,Vehicle loan or lease,1,0.7810516442320257
2025-12-23,18240331,Checking or savings account,Checking or savings account,1,0.7314916115591658
2025-12-31,18394955,Credit card,Credit card,1,0.6234467026130561
2025-08-10,15195988,Credit reporting or other personal consumer reports,Credit reporting or other personal consumer reports,1,0.7905444107633214
2025-11-10,17146723,Checking or savings account,Checking or savings account,1,0.6487214500008992
2026-01-30,19135175,Credit card,Credit card,1,0.8742473299474575
2025-10-28,16867183,"Money transfer, virtual currency, or money service",Checking or savings account,1,0.6538259022772567
2025-07-01,14405326,"Money transfer, virtual currency, or money service","Money transfer, virtual currency, or money service",1,0.7391537545437417
2026-01-09,18604718,Checking or savings account,Checking or savings account,1,0.7415784891489082
2026-01-17,18803575,"Money transfer, virtual currency, or money service","Money transfer, virtual currency, or money service",1,0.43813119872055634
2025-08-16,15328867,Credit reporting or other personal consumer reports,Debt collection,1,0.5508076610377287
2026-01-25,18994131,"Money transfer, virtual currency, or money service","Money transfer, virtual currency, or money service",1,0.5806494978659321
2025-11-01,16968314,Checking or savings account,Checking or savings account,1,0.6964079923384725
2025-12-04,18145562,Credit card,Credit reporting or other personal consumer reports,1,0.7868329724177167
2025-11-10,17135957,Checking or savings account,Checking or savings account,1,0.5495420454077469
2025-08-21,15442568,Credit reporting or other personal consumer reports,Credit reporting or other personal consumer reports,1,0.7451659859763442
2025-10-06,16371510,Checking or savings account,Checking or savings account,1,0.9429308983522012
2026-01-25,18994640,Checking or savings account,Checking or savings account,1,0.8770676630246573
2025-12-25,18278765,Credit card,Credit card,1,0.8109043895280924
2025-07-23,14794580,Credit card,Credit card,1,0.7172492451816165
2025-08-12,15233171,Credit card,Credit card,1,0.5030240110065191
2025-09-15,15956858,Credit card,Credit card,1,0.7409843526681384
2025-09-12,15914573,Checking or savings account,Checking or savings account,1,0.9440714231336654
2025-10-06,16372368,Debt collection,Credit card,1,0.5001922531628901
2025-10-28,16863184,Checking or savings account,Checking or savings account,1,0.8357095873771545
2026-01-30,19128522,Checking or savings account,Checking or savings account,1,0.8022861334542334
2026-01-26,19009310,Checking or savings account,Checking or savings account,1,0.956124238510821
2025-07-05,14498710,Checking or savings account,Checking or savings account,1,0.8286626374352114
2026-01-01,18402435,Checking or savings account,Checking or savings account,1,0.8055472761823902
2025-08-07,15145779,Credit card,Checking or savings account,1,0.9204330851741918
2025-08-05,15080181,"Money transfer, virtual currency, or money service","Money transfer, virtual currency, or money service",1,0.7575261116156708
2025-08-19,15365299,"Money transfer, virtual currency, or money service","Money transfer, virtual currency, or money service",1,0.5459147654528197
2025-09-14,15930310,Checking or savings account,Checking or savings account,1,0.5930718202247722
2025-08-28,15589775,Debt collection,Debt collection,1,0.5087100279484914
2025-08-08,15164309,Checking or savings account,Checking or savings account,1,0.791885677277218
2025-11-19,17316580,Checking or savings account,Checking or savings account,1,0.5062733391326414
2026-01-08,18574717,Checking or savings account,Checking or savings account,1,0.5877668774242624
2025-08-23,15476024,Checking or savings account,Checking or savings account,1,0.9424778585435464
2025-10-13,16542944,Checking or savings account,Checking or savings account,1,0.6310232839242381
2025-11-21,17413343,Credit card,Credit card,1,0.8855459572666883
2025-09-21,16111547,Credit reporting or other personal consumer reports,Credit card,1,0.48231890680977596
2025-10-30,16891664,Credit reporting or other personal consumer reports,Credit reporting or other personal consumer reports,1,0.46836669683869037
2025-09-04,15725620,Credit card,Credit card,1,0.9383273306712039
2025-11-21,17801716,Checking or savings account,Checking or savings account,1,0.8318874239572865
2025-11-14,17256449,Credit card,Credit card,1,0.9142268022895456
2025-11-11,17162612,Credit card,Credit card,1,0.7307884007100012
2026-01-27,19055458,Checking or savings account,Checking or savings account,1,0.8811340163502944
2025-11-22,17764006,Checking or savings account,Checking or savings account,1,0.8743615810084794
2025-09-30,16259538,Credit card,Credit card,1,0.8969645312409531
2025-10-30,16927381,Checking or savings account,Checking or savings account,1,0.9147933364293741
2025-08-02,15021548,Debt collection,Credit reporting or other personal consumer reports,1,0.5435855534577336
2025-10-15,16605709,Credit card,Credit card,1,0.852312207163057
2025-07-13,14621054,Checking or savings account,Checking or savings account,1,0.7592415488400203
2025-09-16,15979635,Credit card,Debt collection,1,0.7132505410304075
2026-01-30,19120868,"Money transfer, virtual currency, or money service","Money transfer, virtual currency, or money service",1,0.5595237098760986
2025-10-21,16729212,Checking or savings account,Checking or savings account,1,0.5691552781611462
2025-10-03,16358728,Credit card,Credit reporting or other personal consumer reports,1,0.8553835305026091
2025-07-10,14567768,Checking or savings account,Credit card,1,0.7367779220996687
2025-08-16,15327047,Credit reporting or other personal consumer reports,Credit card,1,0.682637595005934
2025-09-09,15823594,Mortgage,Mortgage,1,0.7717602011317237
2025-11-19,17361925,"Money transfer, virtual currency, or money service",Checking or savings account,1,0.7477965490124047
2025-07-19,14735276,Credit card,Credit card,1,0.8030967218128374
2025-08-06,15121314,Credit card,Credit card,1,0.92152219366259
2025-08-14,15280184,Credit card,Checking or savings account,1,0.6659730991223031
2026-01-02,18419665,Credit card,Credit card,1,0.9447730203341944
2026-01-21,18908051,Checking or savings account,Checking or savings account,1,0.5009482149635806
2025-10-30,16885695,Checking or savings account,Checking or savings account,1,0.8882103930970763
2025-08-07,15144366,Checking or savings account,Checking or savings account,1,0.8822056054848394
2025-10-09,16470548,Checking or savings account,Checking or savings account,1,0.7357047839724129
2026-01-14,18717279,Credit card,Credit card,1,0.6700320843373021
2025-09-08,15791683,Credit card,Credit card,1,0.3835362424969769
2025-12-01,17874332,Credit card,Credit reporting or other personal consumer reports,1,0.7724517790625544
2026-01-30,19130416,Checking or savings account,"Money transfer, virtual currency, or money service",1,0.7699506708320283
2025-12-02,18104441,Checking or savings account,Checking or savings account,1,0.9620695359589168
2025-09-29,16236421,Debt collection,Debt collection,1,0.7910338716638549
2025-10-02,16287899,Checking or savings account,Checking or savings account,1,0.7522781626169861
2025-08-14,15286640,Checking or savings account,Checking or savings account,1,0.9089483933556429
2025-12-15,18042816,Credit card,Credit card,1,0.911275019863473
2026-01-30,19142501,Credit card,Credit card,1,0.7854531980165769
2025-07-31,15008084,Credit reporting or other personal consumer reports,Credit reporting or other personal consumer reports,1,0.7170361529302646
2025-10-21,16693859,Checking or savings account,Checking or savings account,1,0.8389155877030477
2025-12-09,17893459,Checking or savings account,Checking or savings account,1,0.794687331559038
2025-08-07,15150704,Checking or savings account,Checking or savings account,1,0.9176532422928286
2026-01-02,18410828,Credit card,Credit card,1,0.8163453463034275
2025-12-01,18069617,Credit card,Credit card,1,0.541090765256028
2025-11-02,16974054,Checking or savings account,Checking or savings account,1,0.87104688985811
2026-01-27,19028066,Credit card,Credit card,1,0.4862797815502822
2025-09-09,15812976,Checking or savings account,Checking or savings account,1,0.5218564888461464
2025-09-27,16219328,Checking or savings account,Checking or savings account,1,0.8971267555950359
2026-01-29,19091515,Credit card,Credit card,1,0.8329920062232344
2025-12-22,18230811,Checking or savings account,Checking or savings account,1,0.9445138650447227
2026-01-21,18890346,Credit card,Credit card,1,0.746891484039053
2025-08-01,15011426,Checking or savings account,Checking or savings account,1,0.9558150707630958
2025-08-15,15311937,Checking or savings account,Checking or savings account,1,0.8023007439982314
2026-01-07,18533529,Checking or savings account,Checking or savings account,1,0.882372102977472
2025-09-17,15995977,Checking or savings account,Checking or savings account,1,0.9334150632575402
2025-12-09,17886223,Checking or savings account,Checking or savings account,1,0.9455787111767964
2025-11-19,17369069,Debt collection,Debt collection,4,0.6071852315097147
2025-07-03,14452208,Checking or savings account,Checking or savings account,1,0.7447949412968482
2025-07-06,14479044,Checking or savings account,Checking or savings account,1,0.5449328521103407
2025-08-22,15460522,Checking or savings account,Checking or savings account,1,0.9594172174675775
2025-07-31,14990129,"Money transfer, virtual currency, or money service",Checking or savings account,1,0.8790493850808216
2025-12-21,18208789,Checking or savings account,Checking or savings account,1,0.8557301379381451
2025-07-17,14720605,Checking or savings account,Checking or savings account,1,0.9053018841091599
2025-12-21,18208931,Checking or savings account,Checking or savings account,1,0.916705263785157
2025-12-16,18071585,"Money transfer, virtual currency, or money service",Checking or savings account,1,0.556413314025683
2025-11-21,17801252,Checking or savings account,Checking or savings account,1,0.9247082987785463
2025-12-02,17930975,Debt collection,Debt collection,1,0.7023435405421132
2025-10-16,16623765,Checking or savings account,Credit reporting or other personal consumer reports,1,0.5186047344013932
2025-10-10,16464028,Credit card,Credit card,1,0.7890474189271998
2025-11-05,17047332,Checking or savings account,Checking or savings account,1,0.4832317576811101
2025-11-19,17357019,Credit card,Credit card,1,0.8747717260789581
2025-10-15,16606884,Checking or savings account,Checking or savings account,1,0.8747251904305466
2025-07-17,14708695,Credit card,Credit card,1,0.9163001664694083
2025-07-03,14445436,Debt collection,Credit reporting or other personal consumer reports,1,0.2755636383156167
2025-07-22,14805943,Mortgage,Mortgage,1,0.4592717814456855
2025-11-04,17016306,Checking or savings account,Credit card,1,0.6816783079598544
2025-08-23,15476485,Credit card,Credit card,1,0.903067486248052
2025-11-01,16965605,Checking or savings account,Checking or savings account,1,0.962115677655185
2025-11-28,17953798,Checking or savings account,Checking or savings account,1,0.8860684445996546
2025-07-09,14561727,Checking or savings account,Checking or savings account,1,0.9307502500118875
2025-09-13,15918476,Checking or savings account,Checking or savings account,1,0.7084525733142609
2025-07-11,14596863,Checking or savings account,Checking or savings account,1,0.7375401786587835
2025-11-19,17360840,Debt collection,Credit card,1,0.6374522115502793
2025-11-28,18954868,Credit card,Credit card,1,0.5923659342847439
2025-09-12,15890268,Checking or savings account,Checking or savings account,1,0.8407348007124784
2025-09-27,16220016,Mortgage,Mortgage,1,0.8691717842104564
2025-07-03,14454789,Credit reporting or other personal consumer reports,Credit card,1,0.5845809912983807
2025-09-25,16183004,Checking or savings account,Checking or savings account,1,0.7849770287922341
2025-07-24,14857116,Checking or savings account,Checking or savings account,1,0.94875673456719
2025-07-22,14802795,Credit card,Credit card,1,0.9114468279053224
2026-01-08,18569367,Checking or savings account,"Money transfer, virtual currency, or money service",1,0.7003725303210574
2025-07-11,14595409,Checking or savings account,Checking or savings account,1,0.47586636222245815
2025-12-21,18204770,Credit card,Credit card,1,0.7114897377499102
2025-12-26,18294676,Checking or savings account,Checking or savings account,1,0.9283324002490204
2025-10-28,16883702,Credit card,Credit card,1,0.9062578526436442
2025-08-22,15466990,Checking or savings account,Checking or savings account,1,0.596954525308365
2025-07-16,14662506,Checking or savings account,Checking or savings account,1,0.831842425282523
2025-09-27,16192275,Checking or savings account,Checking or savings account,1,0.8463025501079896
2025-12-22,18227240,Debt collection,Credit reporting or other personal consumer reports,1,0.7642947412860822
2025-07-21,14759992,Mortgage,Mortgage,1,0.7236483042994379
2025-10-13,16527625,Credit card,Checking or savings account,1,0.8791858233515984
2025-11-10,17129246,Checking or savings account,Checking or savings account,1,0.9323300353492
2025-07-28,14935180,"Money transfer, virtual currency, or money service","Money transfer, virtual currency, or money service",1,0.8476344881392134
2025-10-28,16880110,Checking or savings account,Checking or savings account,1,0.4504532328935293
2025-09-06,15768867,Credit card,Credit card,1,0.6596778112652397
2025-11-17,17309391,"Money transfer, virtual currency, or money service","Money transfer, virtual currency, or money service",1,0.6564885785576505
2025-08-14,15286614,"Money transfer, virtual currency, or money service",Checking or savings account,1,0.6360941456411996
2025-08-05,15098725,Checking or savings account,Checking or savings account,1,0.911601573500416
2025-08-20,15388050,Credit reporting or other personal consumer reports,Credit card,1,0.32357342465036565
2025-08-28,15575612,Checking or savings account,Checking or savings account,1,0.7016359963613167
2025-10-07,16421182,Credit card,Checking or savings account,1,0.7214996807265911
2025-12-09,17899758,Credit card,Credit card,1,0.6567310190815401
2025-07-28,14929437,Checking or savings account,Checking or savings account,1,0.6819686810068357
2025-12-05,17762785,Checking or savings account,Checking or savings account,1,0.7934841348170804
2026-01-19,18836981,Credit reporting or other personal consumer reports,Credit reporting or other personal consumer reports,1,0.8314927709995152
2025-07-29,14957039,"Money transfer, virtual currency, or money service",Checking or savings account,1,0.724024638159373
2025-09-29,16252285,Debt collection,Debt collection,1,0.7866627410855145
2025-09-03,15662108,Credit reporting or other personal consumer reports,Credit card,1,0.8702129457592654
2025-12-02,18107651,Checking or savings account,Checking or savings account,1,0.9653450714818689
2025-10-31,16957017,Checking or savings account,Checking or savings account,1,0.8506443779266429
2025-10-05,16373799,Checking or savings account,Checking or savings account,1,0.9172928969975879
2025-10-14,16569209,Credit card,Credit card,1,0.9149943155499828
2025-10-18,16675731,Credit card,Credit card,1,0.9307028734739479
2025-11-06,17030388,Checking or savings account,Checking or savings account,1,0.8747947566184516
2025-07-30,14966456,Checking or savings account,Checking or savings account,1,0.8545408508314093
2025-10-07,16402517,Checking or savings account,Checking or savings account,1,0.9026453097291761
2026-01-20,18856251,Checking or savings account,Checking or savings account,1,0.7703972170764605
2025-11-03,16987411,Checking or savings account,Checking or savings account,1,0.8578733718206158
2025-10-14,16564653,Checking or savings account,Checking or savings account,1,0.9592743462113013
2025-11-16,17267433,Credit card,Credit card,1,0.9502606140881712
2025-11-25,17895052,Checking or savings account,Checking or savings account,1,0.7814266424948798
2025-08-27,15563505,Checking or savings account,Credit card,1,0.622606622627636
2025-11-28,17883163,"Money transfer, virtual currency, or money service","Money transfer, virtual currency, or money service",1,0.9229878909853371
2025-09-04,15712542,Checking or savings account,Checking or savings account,1,0.5591765550680551
2025-07-31,14990966,Checking or savings account,Checking or savings account,1,0.8817304985712328
2025-11-13,17231743,Checking or savings account,Checking or savings account,1,0.6513106353783945
2025-08-01,15032685,Checking or savings account,Checking or savings account,1,0.9296156808521071
2026-01-20,18863585,Checking or savings account,Checking or savings account,1,0.9205762600837245
2025-10-08,16452638,Credit reporting or other personal consumer reports,Credit card,1,0.5331188195300455
2025-08-13,15249495,Checking or savings account,Checking or savings account,1,0.916011316699043
2025-11-17,17302622,Credit card,Credit card,1,0.9048996522862701
2025-11-06,17075705,Checking or savings account,Checking or savings account,1,0.6798556190892149
2025-07-16,14673890,Credit reporting or other personal consumer reports,Credit reporting or other personal consumer reports,1,0.8532654209712441
2025-11-20,17390275,Checking or savings account,Checking or savings account,1,0.9439102860877204
2025-07-26,14902566,Checking or savings account,Checking or savings account,1,0.6096484507334115
2025-09-21,16119004,Checking or savings account,Checking or savings account,1,0.6632998577963932
2025-09-17,15997825,Checking or savings account,Checking or savings account,1,0.8410120113211442
2025-08-29,15601707,Checking or savings account,Checking or savings account,1,0.8226027957620077
2025-08-13,15249045,Checking or savings account,Checking or savings account,1,0.8890085198362394
2025-07-28,14922426,Checking or savings account,Checking or savings account,1,0.9233621959517432
2025-11-21,18086380,Credit card,Credit card,1,0.920419213887861
2025-12-14,18030033,Checking or savings account,Checking or savings account,1,0.5652000359663473
2025-08-06,15123458,Credit card,Credit card,1,0.9551237094229647
2025-07-24,14860921,Checking or savings account,Checking or savings account,1,0.8240238344503087
2025-08-08,15169046,Checking or savings account,Checking or savings account,1,0.936498203962588
2025-12-18,18145477,Checking or savings account,Checking or savings account,1,0.777922298240956
2025-11-20,17350908,Credit card,Credit card,1,0.9381187375754104
2025-08-02,15027177,Checking or savings account,Checking or savings account,1,0.7939275634579029
2025-12-29,18343634,Credit card,Credit card,1,0.7923089889991254
2025-07-30,14970193,Credit card,Credit card,1,0.9187785069603138
2025-07-18,14740795,Mortgage,Mortgage,1,0.7278000982331894
2025-09-10,15828369,Credit card,Credit card,1,0.8593989637069877
2025-10-31,16955901,Credit reporting or other personal consumer reports,Credit reporting or other personal consumer reports,1,0.9407024040520043
2025-08-26,15524268,Credit card,Credit card,1,0.5161370896750969
2025-12-01,18039947,Credit card,Credit card,1,0.7549201169324912
2025-08-07,15148381,"Money transfer, virtual currency, or money service",Credit card,1,0.7166058045498862
2025-12-23,18255691,Debt collection,Debt collection,1,0.3806605490817339
2025-09-18,16011673,Checking or savings account,Checking or savings account,1,0.9273591486081229
2025-10-31,16949821,Checking or savings account,Checking or savings account,1,0.8810020918387718
2025-11-09,17110995,Checking or savings account,Checking or savings account,1,0.7119581610709833
2025-10-14,16562267,Checking or savings account,Checking or savings account,1,0.9270960372401227
2026-01-09,18604154,Mortgage,Mortgage,1,0.7746792061966756
2025-12-26,18288134,Mortgage,Mortgage,1,0.6349166962298018
2026-01-07,18532582,Credit card,Credit card,1,0.8854552583536722
2025-08-02,15025199,Checking or savings account,Checking or savings account,1,0.7554028326949068
2025-07-01,14387408,"Money transfer, virtual currency, or money service",Checking or savings account,1,0.5995425744205599
2026-01-20,18861320,Checking or savings account,Checking or savings account,1,0.8417369424180644
2025-10-18,16644079,Mortgage,Credit reporting or other personal consumer reports,1,0.763910439030722
2026-01-29,19092977,Credit card,Credit card,1,0.7725651091792494
2026-01-27,19040530,Checking or savings account,Checking or savings account,1,0.7876288726801383
2025-08-06,15121134,Checking or savings account,Checking or savings account,1,0.874650414149154
2025-07-02,14411772,Checking or savings account,Checking or savings account,1,0.8958392320339067
2025-09-03,15707700,Credit card,Credit card,1,0.7337587024061584
2026-01-07,18544102,"Money transfer, virtual currency, or money service","Money transfer, virtual currency, or money service",1,0.8732537105735917
2025-10-30,16933268,Credit card,Credit card,1,0.9404413001005448
2026-01-22,18928511,Credit card,Credit reporting or other personal consumer reports,1,0.7014598976052274
2025-11-24,17830673,Credit card,Credit card,1,0.8691260348185988
2025-10-28,16860102,Checking or savings account,Checking or savings account,1,0.7586838095336074
2025-08-08,15170931,Credit card,Credit card,1,0.8997738175024569
2025-08-19,15375095,Checking or savings account,Checking or savings account,1,0.6056650048981718
2026-01-12,18657198,Checking or savings account,Checking or savings account,1,0.8738595088337627
2025-12-24,18271279,Checking or savings account,Checking or savings account,1,0.9045234023880355
2025-11-10,17142950,Checking or savings account,Checking or savings account,1,0.6792665673522533
2025-12-23,18257917,Checking or savings account,Checking or savings account,1,0.6630501703239654
2025-07-24,14858244,Credit card,Credit card,1,0.8996469514795981
2025-08-29,15598253,Checking or savings account,Checking or savings account,1,0.9207494975182927
2025-09-02,15680202,Credit reporting or other personal consumer reports,Credit card,1,0.8588215162383608
2025-07-05,14459353,Credit card,Credit card,1,0.8012014185454532
2026-01-13,18684119,Checking or savings account,Checking or savings account,1,0.5091852113167834
2025-10-29,16859003,Credit card,Credit reporting or other personal consumer reports,1,0.6352654779407667
2025-10-27,16850782,Credit reporting or other personal consumer reports,Credit reporting or other personal consumer reports,1,0.8526517344617326
2025-12-15,18054779,Credit card,Credit card,1,0.9543269154212753
2026-01-02,18425273,"Money transfer, virtual currency, or money service","Money transfer, virtual currency, or money service",1,0.5243219443736394
2025-10-30,16931008,Credit card,Credit card,1,0.8291895412653858
2025-08-05,15081979,Mortgage,Checking or savings account,1,0.5627679260798867
2025-11-26,17897125,Checking or savings account,Checking or savings account,1,0.8369504764022544
2025-07-07,14484735,Checking or savings account,Checking or savings account,1,0.868160175956195
2025-09-23,16135068,Checking or savings account,Checking or savings account,1,0.5742361831276891
2026-01-13,18682144,Credit card,Credit card,1,0.9544572034639595
2025-08-23,15476672,Checking or savings account,Checking or savings account,1,0.9485091913040802
2025-10-21,16734639,Checking or savings account,Checking or savings account,1,0.8556551597055094
2025-08-06,15122983,Checking or savings account,Checking or savings account,1,0.8765931657971516
2025-12-23,18238924,Credit card,Credit card,1,0.8808368872382815
2025-07-07,14475965,Credit reporting or other personal consumer reports,Credit card,1,0.5426906305266109
2025-12-31,18396641,Checking or savings account,Checking or savings account,1,0.9644431231879169
2025-07-28,14922280,Checking or savings account,Checking or savings account,1,0.7846768832818457
2025-11-05,17047673,Checking or savings account,Checking or savings account,1,0.7558254097936633
2026-01-29,19097415,Checking or savings account,Checking or savings account,1,0.7716215256224651
2025-07-13,14609739,Checking or savings account,Checking or savings account,1,0.8534717181979351
2025-09-05,15741984,Credit reporting or other personal consumer reports,Credit reporting or other personal consumer reports,1,0.6314533835621581
2025-10-30,16890234,Checking or savings account,Checking or savings account,1,0.8598947512136973
2025-08-19,15377429,"Money transfer, virtual currency, or money service","Money transfer, virtual currency, or money service",1,0.5928602750980126
2025-11-17,17301750,Checking or savings account,Checking or savings account,1,0.8609360489765322
2025-11-20,17391726,Debt collection,Credit reporting or other personal consumer reports,1,0.8970751506656179
2025-09-19,16054008,Checking or savings account,Checking or savings account,1,0.8031398185736469
2025-09-23,16132484,Credit card,Credit card,1,0.957940912502283
2026-01-08,18573021,Credit card,Credit card,1,0.4619109875774618
2025-07-25,14882146,Credit card,Credit card,1,0.6475998071131364
2026-01-22,18909815,Checking or savings account,Checking or savings account,1,0.9344884096557546
2025-11-19,17376195,Credit card,Credit card,1,0.8583563630519847
2025-09-06,15771425,Credit card,Credit card,1,0.7152691272891135
2025-10-29,16899913,Checking or savings account,Checking or savings account,1,0.9011828116514073
2025-11-17,17304711,"Money transfer, virtual currency, or money service",Checking or savings account,1,0.8824590190629924
2025-08-04,15075936,Credit card,Credit card,1,0.599413604090771
2025-12-30,18374106,Checking or savings account,Checking or savings account,1,0.9310319889313613
2025-07-09,14551633,Checking or savings account,Checking or savings account,1,0.8666554767273986
2025-07-12,14615404,Credit card,Credit card,1,0.9452121453158218
2025-10-15,16604283,Checking or savings account,Checking or savings account,1,0.8894289014875142
2025-07-07,14509778,Checking or savings account,Checking or savings account,1,0.8673592268361383
2025-07-25,14884300,Credit card,Credit card,1,0.5191010825975836
2025-09-02,15675064,Checking or savings account,Checking or savings account,1,0.9066754440857477
2025-08-11,15217077,Checking or savings account,Checking or savings account,1,0.9306543708556562
2025-11-04,17015897,Checking or savings account,Checking or savings account,1,0.9014104630119256
2025-07-01,14387924,Checking or savings account,"Money transfer, virtual currency, or money service",1,0.6623714746703186
2025-09-03,15657147,Checking or savings account,Checking or savings account,1,0.537631571188556
2025-09-04,15722475,Checking or savings account,Checking or savings account,1,0.9173960210503509
2025-11-08,17110720,Checking or savings account,Checking or savings account,1,0.8614567755147965
2025-07-23,14834248,Credit card,Credit card,1,0.752610178523463
2026-01-21,18878072,Checking or savings account,Checking or savings account,1,0.8850879270289432
2025-11-09,17120051,Checking or savings account,Checking or savings account,1,0.960090748403283
2026-01-20,18872978,"Money transfer, virtual currency, or money service",Checking or savings account,1,0.7697910565871013
2025-09-02,15680473,Checking or savings account,Checking or savings account,1,0.9215218402807883
2025-10-31,17950537,"Money transfer, virtual currency, or money service","Money transfer, virtual currency, or money service",1,0.4295080012979442
2025-12-22,18228103,Checking or savings account,Credit card,1,0.43223367189417966
2025-07-27,14908571,Checking or savings account,Checking or savings account,1,0.6384148600115024
2025-08-20,15407607,Checking or savings account,Checking or savings account,1,0.8937901143613852
2025-09-12,15901423,Credit card,Credit card,1,0.9382391823135549
2025-09-25,16170996,Credit card,Credit reporting or other personal consumer reports,1,0.884423012417697
2025-10-24,16798496,Checking or savings account,Checking or savings account,1,0.8867588095066993
2025-11-14,17259026,Checking or savings account,Checking or savings account,1,0.8857594732756153
2026-01-13,18690934,Checking or savings account,Checking or savings account,1,0.9268663418617824
2025-12-04,18111360,Checking or savings account,Checking or savings account,1,0.40544546354493943
2025-09-16,15982964,Credit card,Credit card,1,0.9565092369039802
2025-10-26,16828807,"Money transfer, virtual currency, or money service",Checking or savings account,1,0.8436922839010735
2025-09-24,16156941,Checking or savings account,Checking or savings account,1,0.682692050199211
2026-01-21,18903613,Checking or savings account,Checking or savings account,1,0.8533514284897733
2025-09-26,16198815,Checking or savings account,Checking or savings account,1,0.7698340713624855
2025-11-14,17251148,Credit card,Credit card,1,0.6060241423557139
2025-11-20,17926442,Checking or savings account,Checking or savings account,1,0.7227675025396915
2025-08-29,15603707,Credit card,Credit card,1,0.5163805781137051
2025-09-04,15723873,Checking or savings account,Checking or savings account,1,0.8461954609274115
2025-10-27,16838937,Credit reporting or other personal consumer reports,Credit reporting or other personal consumer reports,1,0.9333266909272376
2026-01-14,18716613,Mortgage,Checking or savings account,1,0.3230357201080631
2025-10-24,16804938,Checking or savings account,Checking or savings account,1,0.8368070105179309
2025-10-10,16505553,Credit card,Credit card,1,0.9523351833992376
2025-09-13,15917320,Debt collection,Checking or savings account,1,0.7816049127764916
2025-07-29,14913807,Checking or savings account,Checking or savings account,1,0.8019170469451821
2025-09-09,15819716,Credit card,Credit reporting or other personal consumer reports,1,0.7339823638513527
2025-10-15,17844345,"Money transfer, virtual currency, or money service","Money transfer, virtual currency, or money service",1,0.7164461416429483
2025-10-28,16871704,Vehicle loan or lease,Vehicle loan or lease,1,0.5279402425042093
2025-10-02,16320436,Credit card,Credit card,1,0.9273935739667998
2025-11-10,17146258,Credit card,Credit card,1,0.7173564853340251
2025-08-28,15591358,"Money transfer, virtual currency, or money service","Money transfer, virtual currency, or money service",1,0.5283406153893064
2025-08-24,15472361,Credit reporting or other personal consumer reports,Credit reporting or other personal consumer reports,1,0.881892237315923
2025-07-19,14757201,Checking or savings account,Checking or savings account,1,0.9478378833058486
2025-09-08,15802173,Checking or savings account,Checking or savings account,1,0.9741534077408248
2025-08-22,15456909,Checking or savings account,Checking or savings account,1,0.7773115999487002
2025-09-12,15895423,Checking or savings account,Checking or savings account,1,0.8283830819046051
2025-10-08,16446369,Credit card,Credit card,1,0.47831348015403985
2025-11-10,17128683,Credit card,Credit card,1,0.7729728804627639
2026-01-08,18553887,Checking or savings account,Checking or savings account,1,0.4849501237819765
2025-07-01,14387137,Checking or savings account,Credit reporting or other personal consumer reports,1,0.7413182294684076
2025-12-02,18043798,Credit card,Credit reporting or other personal consumer reports,1,0.8918887393474146
2025-08-30,15625538,Checking or savings account,Checking or savings account,1,0.9287194113738382
2026-01-06,18501485,Checking or savings account,Checking or savings account,1,0.5896369499923056
2025-12-15,18053232,Checking or savings account,Checking or savings account,1,0.6505971528549841
2025-10-29,16896071,Credit card,Credit card,1,0.8382484348650934
2026-01-07,18524479,Vehicle loan or lease,Vehicle loan or lease,1,0.7492188433950825
2025-08-06,15129951,Credit reporting or other personal consumer reports,Credit reporting or other personal consumer reports,1,0.44473872683906984
2025-12-24,18267986,Checking or savings account,"Money transfer, virtual currency, or money service",1,0.6320855490147381
2025-11-04,17021786,Checking or savings account,Checking or savings account,1,0.622270492470506
2025-12-23,18245454,Credit card,Credit card,1,0.8239545969322272
2025-08-17,15340122,Credit card,Credit card,1,0.6747829117019806
2025-10-30,16929442,Checking or savings account,Credit card,1,0.5038964142395963
2025-12-18,18152915,Debt collection,Credit card,1,0.6847230639855569
2025-11-12,17203451,Checking or savings account,Checking or savings account,1,0.5907689504943743
2026-01-22,18931454,Credit card,Credit card,1,0.7475781996925176
2025-10-10,16466003,Credit card,Credit reporting or other personal consumer reports,1,0.7758374432831872
2025-08-28,15588703,Checking or savings account,Checking or savings account,1,0.7493038568251716
2026-01-13,18686781,Checking or savings account,Checking or savings account,1,0.9088184423073628
2025-08-29,15599490,Checking or savings account,Checking or savings account,1,0.9379917870075039
2025-08-11,15208187,Credit card,Credit card,1,0.5475282437804558
2025-12-23,18238858,Checking or savings account,Checking or savings account,1,0.9117425329349037
2025-11-05,17047674,Credit card,Credit card,1,0.7863867883938127
2025-08-22,15447310,Credit card,Credit card,1,0.9184442870573538
2025-12-25,18284763,Checking or savings account,Checking or savings account,1,0.9164352068379339
2025-07-21,14776771,Credit card,Credit card,1,0.9499615254472881
2026-01-19,18840886,Credit card,Credit card,1,0.87804093372424
2025-08-31,15629866,"Money transfer, virtual currency, or money service",Credit card,1,0.4446284435268814
2025-09-19,16060655,Credit card,Credit card,1,0.9709793612001452
2025-09-25,16185888,Credit card,Credit reporting or other personal consumer reports,1,0.8728231748946147
2025-07-24,14866570,Credit card,Credit card,1,0.8822193254150635
2026-01-13,18699602,Checking or savings account,Checking or savings account,1,0.9479369479212832
2025-11-25,17891159,Checking or savings account,Checking or savings account,1,0.8023572898991723
2025-09-04,15718098,Credit card,Credit card,1,0.8706129367149963
2025-10-05,16376591,Credit card,Credit card,1,0.8728824718126451
2026-01-26,18996016,Checking or savings account,Checking or savings account,1,0.4942213315487269
2025-07-29,14956920,Checking or savings account,Checking or savings account,1,0.741692613979206
2025-11-19,17874311,"Money transfer, virtual currency, or money service",Checking or savings account,1,0.42958218391763153
2026-01-03,18447302,Checking or savings account,Checking or savings account,1,0.9248702261410703
2025-10-20,16700509,Checking or savings account,Checking or savings account,1,0.9044863829888853
2026-01-20,18862324,Credit card,Credit card,1,0.8043721271632985
2025-07-24,14857028,Checking or savings account,Checking or savings account,1,0.3594189490690238
2025-10-20,16704313,Credit reporting or other personal consumer reports,Checking or savings account,1,0.9311391252386513
2025-10-16,16625381,Checking or savings account,Checking or savings account,1,0.9462800723179065
2025-09-08,15806456,Credit card,Credit card,1,0.8792729303665063
2026-01-19,18841276,"Money transfer, virtual currency, or money service","Money transfer, virtual currency, or money service",1,0.5368725970205938
2025-11-02,16974741,Credit card,Credit card,1,0.9098418135872898
2025-12-09,17854890,Checking or savings account,Checking or savings account,1,0.6906248041906676
2025-08-08,15173876,Credit card,Checking or savings account,1,0.6133045593906102
2025-11-11,17168751,Checking or savings account,Checking or savings account,1,0.9345558092343266
2026-01-12,18658865,Credit card,Credit card,1,0.8638774488467503
2025-07-06,14477009,Checking or savings account,Checking or savings account,1,0.7732468435307518
2025-11-04,17028203,Checking or savings account,Checking or savings account,1,0.8156586870924691
2025-07-05,14501269,Checking or savings account,Checking or savings account,1,0.5971584436769287
2025-09-02,15680296,Credit card,Credit card,1,0.9038397629356987
2026-01-18,18814424,Checking or savings account,Credit card,1,0.4755694250519018
2025-07-09,14552220,Mortgage,Mortgage,1,0.3551713130882834
2026-01-29,19116727,"Money transfer, virtual currency, or money service","Money transfer, virtual currency, or money service",1,0.8093917888884202
2025-07-20,14786559,Credit card,Credit card,1,0.7971168152642285
2025-10-01,16300153,Credit card,Credit card,1,0.867831624010858
2025-11-04,17011399,Credit card,Credit card,1,0.9382038912515945
2025-08-02,15022572,"Money transfer, virtual currency, or money service","Money transfer, virtual currency, or money service",1,0.7778449346325838
2025-09-10,15853310,Credit reporting or other personal consumer reports,Mortgage,1,0.7004071544440112
2025-09-10,15852319,Checking or savings account,Checking or savings account,1,0.7825190442678016
2025-08-11,15209940,"Money transfer, virtual currency, or money service",Checking or savings account,1,0.6994501553865419
2025-12-01,18038040,Checking or savings account,Checking or savings account,1,0.9480710969226234
2025-09-09,15813673,Checking or savings account,Checking or savings account,1,0.7706365940107661
2026-01-29,19113566,Checking or savings account,Checking or savings account,1,0.8104411783748051
2025-11-25,17882989,Credit card,Credit card,1,0.8051290172338536
2025-10-18,16649013,Checking or savings account,Checking or savings account,1,0.8680481409013566
2025-10-30,16919871,Checking or savings account,Checking or savings account,1,0.7402974257748998
2025-07-09,14559017,Credit card,Credit card,1,0.8345111667028785
2025-07-06,14479575,Credit card,Credit card,1,0.8972464211659444
2025-12-25,18281179,Credit card,Credit card,1,0.9617204389980394
2025-08-04,15073579,Checking or savings account,Checking or savings account,1,0.7374623268026798
2025-10-29,16902836,Credit card,Credit card,1,0.627590710137361
2025-09-02,15636511,Credit card,Credit card,1,0.6388979595457748
2025-10-22,16730649,Checking or savings account,Checking or savings account,1,0.9038595248011028
2025-08-27,15554854,Checking or savings account,Checking or savings account,1,0.9320841868378512
2026-01-22,18915583,Checking or savings account,"Money transfer, virtual currency, or money service",1,0.49625847113050187
2025-07-12,14612035,Credit card,Credit card,1,0.45312940752305075
2025-11-17,17308170,Checking or savings account,Checking or savings account,1,0.9061317570807832
2026-01-11,18638450,Vehicle loan or lease,Credit reporting or other personal consumer reports,1,0.6418195250570625
2026-01-28,19081522,Checking or savings account,Checking or savings account,1,0.8334603590178157
2025-11-14,17251845,Credit card,Credit card,1,0.8660635754391802
2025-08-11,15207247,Checking or savings account,Checking or savings account,1,0.6445279359244015
2025-10-08,16452258,Checking or savings account,Credit card,1,0.4955699126078619
2025-09-01,15635012,Credit card,Credit card,1,0.747287148831838
2025-10-17,16644433,Vehicle loan or lease,Vehicle loan or lease,1,0.6616581223779346
2025-07-16,14674064,Debt collection,Credit reporting or other personal consumer reports,1,0.8984779357741525
2025-10-08,16446475,Checking or savings account,Checking or savings account,1,0.8267598594211011
2025-07-31,14995012,Checking or savings account,Checking or savings account,1,0.48391470434291217
2025-09-05,15747817,Checking or savings account,Checking or savings account,1,0.9449445472879078
2025-12-16,18081356,Credit reporting or other personal consumer reports,Credit reporting or other personal consumer reports,1,0.5620770896609634
2025-07-08,14490551,Credit reporting or other personal consumer reports,Credit card,1,0.6742465971916075
2026-01-03,18434290,Credit card,Credit card,1,0.62441537473714
2025-09-26,16168655,Checking or savings account,Checking or savings account,1,0.8465050456851867
2025-07-26,14903911,Checking or savings account,Checking or savings account,1,0.666504802304622
2025-08-20,15408976,Credit card,Credit card,1,0.9650287669944966
2025-10-20,16698345,Checking or savings account,Checking or savings account,1,0.8797797285741703
2026-01-21,18900120,Checking or savings account,Checking or savings account,1,0.8710559070062102
2025-09-15,15950478,Checking or savings account,Credit card,1,0.6440568554530536
2025-09-23,16124064,Checking or savings account,Checking or savings account,1,0.9378732407626996
2025-12-31,18392441,Checking or savings account,Checking or savings account,1,0.9010746225934406
2025-10-01,16297492,Credit card,Credit card,1,0.9237381606956957
2025-11-10,17147075,Debt collection,Debt collection,1,0.5214619083400774
2026-01-08,18571913,Checking or savings account,Checking or savings account,1,0.9586640611983598
2025-07-07,14505625,Checking or savings account,"Money transfer, virtual currency, or money service",1,0.8628341526039477
2026-01-02,18426590,Checking or savings account,Checking or savings account,1,0.7879988925323728
2025-11-09,17122523,Checking or savings account,Checking or savings account,1,0.8652325614652887
2025-07-15,14668034,Credit card,Credit card,1,0.8779719941437873
2026-01-03,18436791,Credit card,Credit card,1,0.7209208781959774
2025-10-03,16351466,Checking or savings account,Checking or savings account,1,0.8743495536584684
2025-09-12,15894601,Checking or savings account,Checking or savings account,1,0.5577895530433846
2025-10-10,16464371,Mortgage,Mortgage,1,0.7254251855831169
2025-11-06,17064504,Credit card,Credit card,1,0.8063018779969923
2025-11-23,17828898,"Money transfer, virtual currency, or money service","Money transfer, virtual currency, or money service",1,0.7661294193973731
2025-11-24,17827065,"Money transfer, virtual currency, or money service",Checking or savings account,1,0.7561233029231444
2026-01-02,18428314,Credit card,Credit card,1,0.7594073842274556
2025-08-21,15397339,Credit card,Credit card,1,0.916721494461826
2025-07-31,15001327,Debt collection,Debt collection,1,0.7732595780208134
2025-11-06,17072794,Credit reporting or other personal consumer reports,Credit card,1,0.6361526811541013
2025-07-10,14568196,Credit reporting or other personal consumer reports,Credit reporting or other personal consumer reports,1,0.7999562173975501
2025-12-30,18367652,Checking or savings account,Checking or savings account,1,0.9516067635978604
2025-07-19,14753186,Credit card,Credit card,1,0.8659333719743456
2025-11-15,17266286,Checking or savings account,Checking or savings account,1,0.9221002362994043
2025-10-31,16943220,Credit card,Checking or savings account,1,0.6195863179220797
2025-12-01,17841563,Credit card,Credit card,1,0.5426847633563147
2026-01-27,19048349,Credit card,Credit card,1,0.8753365560735595
2025-09-30,16272059,Credit card,Checking or savings account,1,0.8449561519059924
2026-01-26,19014126,Credit card,Credit reporting or other personal consumer reports,1,0.8019479255058838
2025-08-26,15523838,Checking or savings account,Checking or savings account,1,0.8183433391001468
2025-07-15,14663983,Checking or savings account,Checking or savings account,1,0.8785752190150924
2025-11-08,17112226,Checking or savings account,Checking or savings account,1,0.658371104953301
2025-08-17,15339878,"Money transfer, virtual currency, or money service","Money transfer, virtual currency, or money service",1,0.7931852644469003
2025-08-04,15078048,Checking or savings account,Credit card,1,0.6305388845145988
2025-10-01,16306505,Checking or savings account,Checking or savings account,1,0.8952128969857874
2025-07-31,14993349,"Money transfer, virtual currency, or money service","Money transfer, virtual currency, or money service",1,0.6972739873901049
2025-08-07,15149920,Debt collection,Debt collection,1,0.48360198320006065
2026-01-01,18407798,Credit card,Checking or savings account,1,0.28759230737254615
2025-11-15,17272813,Checking or savings account,Checking or savings account,1,0.8417340484794501
2025-07-29,14949244,Checking or savings account,Checking or savings account,1,0.9541736526394903
2025-11-25,17831351,Debt collection,Checking or savings account,1,0.7573357549392137
2025-11-17,17294100,Credit card,Credit card,1,0.9062397482991512
2025-11-27,17960494,Credit reporting or other personal consumer reports,Credit reporting or other personal consumer reports,1,0.9385298468081237
2025-09-08,15808164,"Money transfer, virtual currency, or money service",Checking or savings account,1,0.6345741671198132
2025-09-03,15695922,Checking or savings account,Checking or savings account,1,0.8312268497551317
2025-09-08,15790870,Checking or savings account,Checking or savings account,1,0.8819481230223829
2025-09-06,15771448,Credit card,Credit card,1,0.8738397782117874
2025-09-29,16238819,Credit card,Credit card,1,0.9413025894352421
2025-12-03,18110534,Credit reporting or other personal consumer reports,Credit reporting or other personal consumer reports,1,0.5100656546400709
2026-01-18,18812930,Credit card,Credit card,1,0.756084640512907
2025-10-01,16288691,Credit reporting or other personal consumer reports,Credit reporting or other personal consumer reports,1,0.7340972521716544
2025-08-07,15148432,Credit card,Credit card,1,0.8751218513591755
2025-08-01,15044753,Credit card,Credit reporting or other personal consumer reports,1,0.4546024091415115
2025-07-28,14925743,Checking or savings account,Checking or savings account,1,0.9037845259444154
2026-01-02,18420460,Credit card,Credit card,1,0.8327645017870754
2026-01-20,18857818,Checking or savings account,Checking or savings account,1,0.9022335956486677
2025-11-06,17058092,Checking or savings account,Checking or savings account,1,0.5438138954033892
2025-07-19,14757030,Credit reporting or other personal consumer reports,Checking or savings account,1,0.4521495345160256
2025-08-03,15018749,Checking or savings account,Checking or savings account,1,0.9476278391290158
2025-07-10,14564837,Credit reporting or other personal consumer reports,Credit reporting or other personal consumer reports,1,0.8567895536949477
2025-12-04,18107279,Credit card,Credit card,1,0.839999584822129
2025-09-18,16010818,Credit card,Credit reporting or other personal consumer reports,1,0.8915227956195019
2025-10-23,16788393,Credit card,Checking or savings account,1,0.7281957854215717
2025-07-23,14839358,Credit card,Credit card,1,0.6773577230833668
2025-08-11,15215400,"Money transfer, virtual currency, or money service",Checking or savings account,1,0.8172385352828527
2026-01-28,19075069,Checking or savings account,Checking or savings account,1,0.5331949643274675
2025-07-06,14478046,Checking or savings account,Checking or savings account,1,0.8070695409753972
2025-10-06,16398427,Checking or savings account,Checking or savings account,1,0.9442556325013586
2025-08-27,15559268,Credit card,Credit card,1,0.8412042328034266
2025-08-06,15121191,Checking or savings account,Checking or savings account,1,0.8825186650812674
2025-10-19,16681855,Checking or savings account,Checking or savings account,1,0.8508049767806449
2025-07-15,14664011,Credit reporting or other personal consumer reports,Credit reporting or other personal consumer reports,1,0.8723813451826832
2026-01-25,18990762,Checking or savings account,Checking or savings account,1,0.9278758490050322
2025-09-15,15941299,Checking or savings account,Credit reporting or other personal consumer reports,1,0.7926176896031899
2025-08-29,15599491,Checking or savings account,Checking or savings account,1,0.7023001241826456
2025-11-25,17904325,Checking or savings account,Checking or savings account,1,0.9002071158554527
2025-07-24,14859569,Checking or savings account,Checking or savings account,1,0.9183657317154643
2025-10-28,16875615,Checking or savings account,Checking or savings account,1,0.6437899771695125
2025-11-28,17984795,Checking or savings account,Checking or savings account,1,0.7771175718946893
2025-07-16,14695460,Checking or savings account,Checking or savings account,1,0.8913704837468202
2025-12-27,18313598,Credit card,"Money transfer, virtual currency, or money service",1,0.3459270329546893
2025-10-06,16394769,Checking or savings account,Checking or savings account,1,0.968074534897526
2025-07-08,14535050,Checking or savings account,Checking or savings account,1,0.3970451388554606
2025-07-03,14445332,Checking or savings account,Checking or savings account,1,0.8914292112083745
2026-01-27,19041296,Credit card,Credit card,1,0.7392381522596733
2025-09-11,15883045,Checking or savings account,Checking or savings account,1,0.805870880886018
2025-09-15,15944125,Credit card,Credit card,1,0.8222109243665187
2025-08-09,15186677,Checking or savings account,Checking or savings account,1,0.8930851491487936
2025-12-29,18347050,Credit card,Credit card,1,0.9560871916509348
2025-09-28,16216612,Credit card,Credit card,1,0.9317266806179343
2025-07-09,14561712,Vehicle loan or lease,Vehicle loan or lease,1,0.838954905851605
2025-09-25,16171306,Checking or savings account,Checking or savings account,1,0.7545264139907505
2025-11-07,17063019,Checking or savings account,Checking or savings account,1,0.9370891977019853
2025-08-22,15452858,Credit card,Credit card,1,0.9615861404736261
2025-08-04,15067480,"Money transfer, virtual currency, or money service","Money transfer, virtual currency, or money service",1,0.3909479232041793
2025-11-21,17917581,Checking or savings account,Checking or savings account,1,0.6485842373080456
2025-09-26,16210466,Credit card,Credit card,1,0.9346147026793007
2025-07-11,14589707,"Money transfer, virtual currency, or money service",Checking or savings account,1,0.634498766336474
2025-10-15,16597067,Credit reporting or other personal consumer reports,Credit reporting or other personal consumer reports,1,0.7857525795879062
2025-07-03,14445930,Checking or savings account,Checking or savings account,1,0.9189430447819301
2025-07-24,14849604,Checking or savings account,Checking or savings account,1,0.8568075289974365
2025-11-08,17115090,Checking or savings account,Checking or savings account,1,0.7704938137975766
2026-01-29,19114911,Credit card,Checking or savings account,1,0.6351526129880006
2025-07-05,14499879,Credit card,Credit reporting or other personal consumer reports,1,0.43487942090259785
2025-10-16,16631442,Credit card,Credit card,1,0.9117020091849665
2025-07-31,14997151,Checking or savings account,Checking or savings account,1,0.8038841190608855
2025-08-15,15308191,Credit reporting or other personal consumer reports,Credit reporting or other personal consumer reports,1,0.39973287799823876
2025-07-21,14784892,Credit card,Credit card,1,0.8983069803160811
2025-07-10,14577268,Credit reporting or other personal consumer reports,Credit reporting or other personal consumer reports,1,0.871786068988282
2025-07-19,14753608,Checking or savings account,Checking or savings account,1,0.9426024298464997
2025-11-02,16974585,Credit reporting or other personal consumer reports,Credit reporting or other personal consumer reports,1,0.8879969281068827
2025-09-10,15848877,Checking or savings account,Checking or savings account,1,0.8101697638242924
2025-10-02,16285477,Credit card,Credit card,1,0.6952800481012561
2025-07-22,14815113,Credit reporting or other personal consumer reports,Credit reporting or other personal consumer reports,1,0.770047774403678
2025-09-28,16230572,Credit card,Credit card,1,0.43035112345560894
2025-11-03,16990710,Credit card,Credit card,1,0.8304269691159688
2026-01-09,18597918,Checking or savings account,Credit card,1,0.5925512247241813
2025-08-16,15328434,Credit card,Credit card,1,0.9528808085676684
2025-08-05,15100673,Checking or savings account,Checking or savings account,1,0.556830772403004
2025-11-04,17024126,Credit card,Credit card,1,0.9095819706026017
2025-11-28,17927236,Checking or savings account,Checking or savings account,1,0.8350862752306503
2025-09-07,15779935,Credit card,Credit card,1,0.5215288221961342
2025-09-22,16082569,Checking or savings account,Checking or savings account,1,0.6240732433524934
2025-10-23,16791285,"Money transfer, virtual currency, or money service","Money transfer, virtual currency, or money service",1,0.7382240461002857
2025-11-22,17775780,Credit card,Credit card,1,0.7157722877901184
2025-12-18,18135063,Debt collection,Credit reporting or other personal consumer reports,1,0.6719831715756013
2025-10-23,16774285,Checking or savings account,Checking or savings account,1,0.896576239809519
2025-10-07,16426185,Checking or savings account,Checking or savings account,1,0.9410329052255175
2025-08-13,15257778,Checking or savings account,Credit card,1,0.7926229892021951
2025-08-05,15094810,"Money transfer, virtual currency, or money service",Checking or savings account,1,0.46488353158958556
2025-07-04,14472759,Checking or savings account,"Money transfer, virtual currency, or money service",1,0.38652629796972127
2025-10-28,16873429,Checking or savings account,Checking or savings account,1,0.9493882458051544
2025-11-29,17936233,Credit reporting or other personal consumer reports,Credit card,1,0.8251249932635204
2025-09-26,16203409,Checking or savings account,Checking or savings account,1,0.9530509741882011
2025-09-13,15916206,Credit reporting or other personal consumer reports,Credit reporting or other personal consumer reports,1,0.7348207667843033
2025-07-23,14835752,Credit card,Checking or savings account,1,0.8093905995534451
2025-11-04,16980550,Checking or savings account,Checking or savings account,1,0.8917540134408011
2025-07-24,14859936,Credit card,Credit card,1,0.7656987398931628
2026-01-13,18676373,Credit card,Checking or savings account,1,0.7698731757067723
2025-10-28,16880290,"Money transfer, virtual currency, or money service",Checking or savings account,1,0.7326870559322182
2025-11-15,17245452,Credit card,Credit card,1,0.8629568791709049
2025-09-21,16093350,Checking or savings account,Checking or savings account,1,0.9278333419425079
2026-01-02,18424075,Credit card,Credit card,1,0.8966607383263926
2025-08-07,15113847,Checking or savings account,Checking or savings account,1,0.5233023699071191
2026-01-14,18723792,Checking or savings account,Checking or savings account,1,0.67017607601501
2026-01-26,19015924,Checking or savings account,Checking or savings account,1,0.7084058278060782
2025-11-25,17917457,Checking or savings account,Checking or savings account,1,0.9108696525016408
2025-11-12,17192851,Credit card,Credit card,1,0.6435469222089366
2025-12-19,18163848,Checking or savings account,Checking or savings account,1,0.9674340102081697
2025-09-10,15844025,Credit reporting or other personal consumer reports,Credit card,1,0.8194701443845108
2025-07-22,14765254,"Money transfer, virtual currency, or money service",Checking or savings account,1,0.6725819644091636
2025-08-16,15329948,"Money transfer, virtual currency, or money service","Money transfer, virtual currency, or money service",1,0.4934025281558309
2025-12-03,18075084,Credit card,Credit card,1,0.8848528912332533
2025-11-18,17340670,Credit reporting or other personal consumer reports,Credit reporting or other personal consumer reports,1,0.824679835661685
2025-09-05,15745594,Checking or savings account,Checking or savings account,1,0.9487348134222522
2025-11-24,17836228,Credit card,Credit card,1,0.8374976491304736
2025-07-25,14881710,Credit reporting or other personal consumer reports,Credit reporting or other personal consumer reports,1,0.9328767265904201
2025-10-21,16717473,"Money transfer, virtual currency, or money service","Money transfer, virtual currency, or money service",1,0.5596102385334943
2025-08-19,15378772,Credit card,Checking or savings account,1,0.6125476439546753
2025-10-28,16876110,Credit card,Credit card,1,0.9595478581086329
2025-07-30,14986632,Debt collection,Debt collection,1,0.8138074406595278
2026-01-07,18530486,Checking or savings account,Credit card,1,0.7991544641970786
2026-01-28,19058431,Checking or savings account,Checking or savings account,1,0.7347730373343399
2026-01-01,18400452,Credit card,Credit card,1,0.902382920229346
2025-10-14,16578294,Credit reporting or other personal consumer reports,Vehicle loan or lease,1,0.47874784812361054
2025-07-29,14958156,Checking or savings account,Checking or savings account,1,0.7666724553270367
2025-09-23,16119679,Credit card,Credit card,1,0.8732914752513187
2025-07-20,14787660,Credit card,Credit card,1,0.7995477718669103
2025-11-19,17361882,Debt collection,Credit reporting or other personal consumer reports,1,0.7706328042408391
2026-01-06,18493306,Checking or savings account,Checking or savings account,1,0.8345936600436851
2025-11-20,17403863,Credit reporting or other personal consumer reports,Credit reporting or other personal consumer reports,1,0.7825363960982253
2025-09-26,16201350,Credit card,Credit card,1,0.29727804921457274
2025-07-07,14494919,Credit reporting or other personal consumer reports,Credit reporting or other personal consumer reports,1,0.8104561728625413
2025-11-07,17092686,Credit card,Credit card,1,0.8300697182070546
2025-07-22,14811522,Checking or savings account,Checking or savings account,1,0.8397004411498975
2025-07-09,14561042,Checking or savings account,Checking or savings account,1,0.8654204183738612
2025-08-07,15133832,Credit card,Credit card,1,0.892580976005191
2026-01-26,19011453,Checking or savings account,Checking or savings account,1,0.8671551322824992
2025-11-10,17136574,Mortgage,Mortgage,1,0.7968090850849309
2026-01-22,18931683,Credit card,Credit card,1,0.8484637605442589
2025-10-03,16347090,Debt collection,Debt collection,1,0.4514244281250941
2025-10-30,16937178,"Money transfer, virtual currency, or money service","Money transfer, virtual currency, or money service",1,0.8789698934649802
2025-10-31,16947650,Checking or savings account,Checking or savings account,1,0.5952874877191944
2025-07-18,14743573,Checking or savings account,Checking or savings account,1,0.8928515015791209
2026-01-02,18429139,Credit card,Credit card,1,0.7296818022971193
2025-11-25,17828303,Credit card,Credit card,1,0.9285151279048539
2025-09-10,15853674,Credit card,Credit card,1,0.7975384385580561
2025-10-12,16517141,Credit card,Credit card,1,0.7567220263488604
2025-11-08,17112716,Checking or savings account,Checking or savings account,1,0.905171414197885
2025-11-20,17348793,Checking or savings account,Checking or savings account,1,0.9087921278642247
2025-07-09,14559202,"Money transfer, virtual currency, or money service","Money transfer, virtual currency, or money service",1,0.790147090208421
2025-09-04,15721789,Credit card,Credit card,1,0.7700631607247818
2025-12-31,18394230,Checking or savings account,"Money transfer, virtual currency, or money service",1,0.8340823555323743
2025-11-18,17325846,Credit card,Credit card,1,0.903812436955549
2025-07-18,14726291,Checking or savings account,Checking or savings account,1,0.906143649787293
2025-12-04,18173181,"Money transfer, virtual currency, or money service",Checking or savings account,1,0.5384886795433635
2025-08-21,15440607,Credit card,Credit card,1,0.9226121263148448
2025-09-25,16141097,Credit card,Credit card,1,0.9501288321720122
2025-12-05,17761539,Checking or savings account,Checking or savings account,1,0.8104939457014266
2026-01-20,18876095,Checking or savings account,Checking or savings account,1,0.877125886610327
2025-11-26,17941288,"Money transfer, virtual currency, or money service","Money transfer, virtual currency, or money service",1,0.4993469585758908
2025-11-24,17886665,Checking or savings account,Checking or savings account,1,0.8523940600643946
2026-01-05,18464450,Checking or savings account,Checking or savings account,1,0.6278045913818461
2025-07-01,14398291,Checking or savings account,Checking or savings account,1,0.9302217622569867
2025-08-09,15188209,Credit reporting or other personal consumer reports,Credit reporting or other personal consumer reports,1,0.8722094330398674
2025-08-18,15349758,Checking or savings account,Checking or savings account,1,0.6553887220038221
2025-07-23,14837595,Checking or savings account,"Money transfer, virtual currency, or money service",1,0.48870647095609804
2025-10-25,16819258,Credit card,Credit card,1,0.6690133732488994
2025-09-27,16196643,Checking or savings account,Checking or savings account,1,0.9517378917538754
2025-09-27,16221174,Checking or savings account,Checking or savings account,1,0.7227398781176592
2025-08-29,15617754,Checking or savings account,Checking or savings account,1,0.9380423914821322
2025-11-14,17246973,Credit card,Credit card,1,0.9427229395819124
2025-10-21,16693089,Credit reporting or other personal consumer reports,Debt collection,1,0.7804556684687376
2025-09-04,15713263,Debt collection,Debt collection,1,0.717676185587455
2025-11-25,17916660,Checking or savings account,Checking or savings account,1,0.9747724139492964
2026-01-19,18823941,Checking or savings account,Checking or savings account,1,0.9625013762849352
2025-09-22,16082577,Checking or savings account,Checking or savings account,1,0.449287884194898
2025-09-23,16127459,Checking or savings account,Checking or savings account,1,0.8598504127376493
2025-08-20,15404591,Checking or savings account,Checking or savings account,1,0.9321294597827793
2025-09-11,15873435,Checking or savings account,Checking or savings account,1,0.9216055909350316
2025-08-03,15016442,Checking or savings account,Checking or savings account,1,0.5796427573501814
2025-12-22,18228860,Checking or savings account,Checking or savings account,1,0.9783710792155755
2025-07-25,14880829,Checking or savings account,Checking or savings account,1,0.8647241596153924
2026-01-29,19109350,Checking or savings account,Checking or savings account,1,0.6147488641362693
2025-10-03,16343602,Credit card,Credit card,1,0.7077976470746924
2025-12-02,18044601,"Money transfer, virtual currency, or money service","Money transfer, virtual currency, or money service",1,0.892358908138784
2025-09-01,15651315,Checking or savings account,Checking or savings account,1,0.5557095515019693
2025-12-09,17864994,Checking or savings account,Checking or savings account,1,0.7267053698118745
2025-12-23,18254444,Credit reporting or other personal consumer reports,Credit reporting or other personal consumer reports,1,0.7503563496592758
2025-12-01,18057300,Checking or savings account,Checking or savings account,1,0.5825322365742346
2025-07-24,14860253,Debt collection,Debt collection,1,0.7532973244310534
2025-12-26,18298634,Checking or savings account,Checking or savings account,1,0.9324212981052691
2025-09-01,15645756,"Money transfer, virtual currency, or money service",Checking or savings account,1,0.6202416325586196
2025-10-23,16741633,Credit card,Credit card,1,0.8678438706254136
2025-11-07,17099613,Checking or savings account,Checking or savings account,1,0.8226299781570937
2025-07-15,14655447,Credit card,Credit card,1,0.8578742392401352
2025-10-17,16656903,Vehicle loan or lease,Vehicle loan or lease,1,0.5015036441415311
2025-10-03,16355241,Checking or savings account,Checking or savings account,1,0.9475011299576522
2025-10-31,16944277,Checking or savings account,Checking or savings account,1,0.925621052888347
2025-09-23,16125723,"Money transfer, virtual currency, or money service","Money transfer, virtual currency, or money service",1,0.7042467896199943
2025-12-08,17852925,Checking or savings account,Checking or savings account,1,0.8472674852877825
2025-08-26,15487722,Checking or savings account,Checking or savings account,1,0.8832471773058437
2025-08-10,15194961,Debt collection,Credit card,1,0.45840293516174
2026-01-01,18401815,Credit card,Credit card,1,0.9406333205246874
2025-08-30,15623168,Credit card,Credit card,1,0.8645480083818505
2026-01-26,19016736,Credit card,Credit card,1,0.9456553844409042
2025-12-25,18281265,Checking or savings account,Checking or savings account,1,0.6305931193449696
2025-12-09,17863494,Credit card,Credit card,1,0.7812801625236845
2025-09-27,16222008,Credit card,Credit card,1,0.9445726668648423
2025-09-23,16134740,Checking or savings account,Checking or savings account,1,0.8978016112810785
2025-11-28,17986719,Checking or savings account,Checking or savings account,1,0.8411024578041427
2026-01-18,18816972,Credit card,Credit card,1,0.7855666821314103
2025-07-09,14555991,Checking or savings account,Checking or savings account,1,0.9058491342106375
2025-10-28,16836725,Checking or savings account,Checking or savings account,1,0.8921342703663054
2026-01-01,18398965,Checking or savings account,Checking or savings account,1,0.9091161302166507
2025-07-01,14398850,Credit reporting or other personal consumer reports,Credit reporting or other personal consumer reports,1,0.8650204086435725
2026-01-28,19076919,Checking or savings account,Checking or savings account,1,0.9735410584094041
2025-07-06,14478221,Credit reporting or other personal consumer reports,Credit reporting or other personal consumer reports,1,0.803746462961679
2025-11-04,17020708,Mortgage,Mortgage,1,0.8588095729505839
2025-11-14,17212642,Credit reporting or other personal consumer reports,Credit reporting or other personal consumer reports,1,0.7984336443009864
2025-07-26,14897586,Checking or savings account,Checking or savings account,1,0.942277033953124
2025-09-17,16011937,Mortgage,Mortgage,1,0.7478740575259026
2025-12-08,17841805,Credit card,Checking or savings account,1,0.4188026973953283
2025-08-22,15457546,Credit card,Credit card,1,0.9421406394965546
2025-10-02,16334301,Checking or savings account,Checking or savings account,1,0.9214749466297126
2025-08-11,15210594,Credit card,Credit card,1,0.8062733014355907
2025-07-05,14473328,Credit reporting or other personal consumer reports,Credit card,1,0.5923049316183913
2025-11-02,16976609,Checking or savings account,Checking or savings account,1,0.9662654324816105
2025-07-29,14946977,Credit card,Credit card,1,0.5752147968429847
2025-11-02,16977453,Credit card,Credit card,1,0.9278784233968512
2026-01-06,18511009,Credit card,Credit card,1,0.8195517204267314
2025-08-06,15118895,Credit reporting or other personal consumer reports,Credit reporting or other personal consumer reports,1,0.9458543400556675
2025-08-01,15041716,Checking or savings account,Checking or savings account,1,0.5011528498475194
2026-01-11,18638325,Credit card,Credit card,1,0.7488187139792309
2025-11-10,17140200,Checking or savings account,Checking or savings account,1,0.8873141623989919
2025-10-24,16798498,Credit reporting or other personal consumer reports,Credit card,1,0.6094200754393103
2026-01-06,18500003,Vehicle loan or lease,Vehicle loan or lease,1,0.564620244999217
2025-07-17,14714381,Checking or savings account,Checking or savings account,1,0.9241230880088734
2025-10-16,16630464,Checking or savings account,Checking or savings account,1,0.8855274641516017
2025-10-03,16348229,Credit card,Credit card,1,0.6675931106244338
2025-08-22,15464081,Checking or savings account,Checking or savings account,1,0.6869752675103084
2025-08-14,15253315,Checking or savings account,Checking or savings account,1,0.8414549017607232
2025-10-28,16836660,Credit card,Credit card,1,0.8213021115419762
2026-01-23,18941991,Credit card,Credit card,1,0.9504810497743484
2025-11-30,17993230,Debt collection,Checking or savings account,1,0.3921778556884934
2025-12-15,18045480,Credit card,Credit card,1,0.8989695521137068
2025-08-26,15539530,Checking or savings account,Checking or savings account,1,0.8701928891200361
2025-12-22,18219973,Credit card,Credit card,1,0.9048541626977915
2025-08-08,15173975,Credit card,Credit card,1,0.9508358705075525
2025-12-29,18355177,Checking or savings account,Checking or savings account,1,0.8458626728154383
2025-11-20,17354217,Checking or savings account,Checking or savings account,1,0.8324885810239636
2025-08-15,15310389,Credit reporting or other personal consumer reports,Credit card,1,0.3862320485101462
2025-07-16,14682618,Checking or savings account,Checking or savings account,1,0.9667530385472158
2026-01-07,18529531,Credit card,Credit card,1,0.7721985646289221
2025-12-16,18061346,Checking or savings account,Checking or savings account,1,0.9109999690560819
2025-12-26,18300641,Checking or savings account,Checking or savings account,1,0.7126961502615493
2025-12-29,18351863,Vehicle loan or lease,Vehicle loan or lease,1,0.49546930854325694
2025-12-04,17758700,Checking or savings account,Checking or savings account,1,0.9356824032397145
2025-07-14,14643683,Checking or savings account,Credit card,1,0.7186383834283677
2025-09-08,15808209,Credit card,Credit card,1,0.8355097191184032
2025-09-28,16217683,Credit reporting or other personal consumer reports,Credit reporting or other personal consumer reports,1,0.9167184916832428
2025-11-24,17870893,Credit card,Credit card,1,0.7247280343400524
2025-09-12,15907613,Checking or savings account,Checking or savings account,1,0.9292802741221999
2026-01-30,19132434,Credit card,Credit card,1,0.7829374039996134
2025-10-26,16829168,Credit reporting or other personal consumer reports,Credit reporting or other personal consumer reports,1,0.7766596141176558
2025-08-06,15125317,Checking or savings account,Checking or savings account,1,0.8425114906403778
2025-07-29,14956725,Checking or savings account,Checking or savings account,1,0.7058058123321448
2025-12-02,18048537,Credit card,Credit card,1,0.8300745318449089
2025-07-22,14795457,Checking or savings account,Checking or savings account,1,0.7868938642675755
2025-12-03,18118426,Checking or savings account,Checking or savings account,1,0.8458653603210539
2025-07-25,14874948,Credit reporting or other personal consumer reports,Credit reporting or other personal consumer reports,1,0.7225110200502055
2025-10-13,16527204,Credit card,Credit card,1,0.9639897777436945
2025-07-17,14714528,Checking or savings account,Checking or savings account,1,0.8553905570911237
2026-01-29,19111067,Checking or savings account,"Money transfer, virtual currency, or money service",1,0.4274956320398518
2025-11-28,17966740,Checking or savings account,Checking or savings account,1,0.8561830266445699
2025-07-15,14675260,Credit reporting or other personal consumer reports,Credit reporting or other personal consumer reports,1,0.9214899841721861
2025-10-12,16526735,Mortgage,Mortgage,1,0.7807560118095115
2026-01-22,18923708,Credit card,Credit card,1,0.859353867452028
2025-11-17,17306433,Checking or savings account,Checking or savings account,1,0.9519022464241326
2025-10-30,16916053,Credit card,Credit card,1,0.9423694069076965
2025-09-25,16170577,Checking or savings account,Checking or savings account,1,0.9305616861458595
2025-09-10,15846760,Checking or savings account,Checking or savings account,1,0.5485688531354193
2025-07-21,14782144,Credit reporting or other personal consumer reports,Credit card,1,0.9318395064498889
2025-12-02,17989497,Checking or savings account,Checking or savings account,1,0.7917905077590431
2026-01-09,18600868,Checking or savings account,Checking or savings account,1,0.8871052829942546
2025-10-31,16942043,Credit card,Credit card,1,0.846047069307209
2025-11-20,17391665,Checking or savings account,Checking or savings account,1,0.9592506094745324
2025-07-24,14862622,Credit card,Credit card,1,0.9621691384903858
2026-01-29,19114774,Checking or savings account,Checking or savings account,1,0.893075160440456
2026-01-06,18508886,Checking or savings account,Checking or savings account,1,0.7360291885390023
2025-09-18,16029427,Credit card,Credit card,1,0.9233043047025712
2025-12-07,17814329,Checking or savings account,Checking or savings account,1,0.8871297991074624
2025-08-04,15068360,"Money transfer, virtual currency, or money service","Money transfer, virtual currency, or money service",1,0.8174966766632612
2025-07-29,14961676,Credit card,Credit card,1,0.9205769614200454
2025-12-03,18125956,"Money transfer, virtual currency, or money service","Money transfer, virtual currency, or money service",1,0.6329663917790637
2025-09-16,15980474,Credit card,Credit card,1,0.9345224150114877
2025-08-16,15326979,Credit reporting or other personal consumer reports,Debt collection,1,0.6271063460698605
2025-12-14,18026219,Checking or savings account,Checking or savings account,1,0.8709626118812582
2026-01-24,18981970,Credit card,Credit card,1,0.8835063914113501
2025-07-15,14669576,Credit card,Credit card,1,0.6003019476728659
2025-08-24,15474718,Checking or savings account,Checking or savings account,1,0.943616035266631
2025-12-09,17891810,Credit card,Credit reporting or other personal consumer reports,1,0.6423087089944731
2026-01-26,19011578,Checking or savings account,Checking or savings account,1,0.956537412601658
2025-09-12,15907981,Mortgage,Mortgage,1,0.8785503282031085
2025-07-27,14911127,Checking or savings account,Checking or savings account,1,0.8034672386796392
2025-07-02,14417778,Checking or savings account,Checking or savings account,1,0.5505348742758586
2025-07-16,14682088,Checking or savings account,Checking or savings account,1,0.5257566170577717
2025-07-24,14862273,Checking or savings account,Checking or savings account,1,0.9208964925837314
2025-07-02,14418655,Credit card,Credit card,1,0.5310934685908918
2025-10-15,16601581,Mortgage,"Money transfer, virtual currency, or money service",1,0.48933524789429456
2025-11-19,17363785,Mortgage,Mortgage,1,0.7764780163409868
2026-01-21,18897343,Credit card,Credit card,1,0.9430614877699854
2025-08-06,15119188,Credit reporting or other personal consumer reports,Credit reporting or other personal consumer reports,1,0.9394658365961986
2025-07-24,14864781,Credit reporting or other personal consumer reports,Credit reporting or other personal consumer reports,1,0.8136320276515825
2025-08-06,15120210,Debt collection,Credit card,1,0.4547394474539936
2025-09-04,15711874,Credit card,Credit card,1,0.8814399127176511
2025-08-26,15488146,Checking or savings account,Checking or savings account,1,0.817502914245191
2025-10-16,16632150,Checking or savings account,Checking or savings account,1,0.9075713227629171
2025-07-08,14530449,Credit reporting or other personal consumer reports,Credit reporting or other personal consumer reports,1,0.886102982910779
2025-09-10,15854960,Credit card,Credit card,1,0.8517446281132832
2025-10-20,16708722,"Money transfer, virtual currency, or money service","Money transfer, virtual currency, or money service",1,0.8310822234864027
2025-12-21,18209288,Credit card,Checking or savings account,1,0.5149372769427546
2026-01-30,19139295,Checking or savings account,Checking or savings account,1,0.9300375271011693
2025-08-01,15041708,Credit card,Credit card,1,0.7854734459365099
2025-10-20,16696689,Checking or savings account,Checking or savings account,1,0.7366261841142568
2025-11-20,17393605,Credit reporting or other personal consumer reports,Credit reporting or other personal consumer reports,1,0.9144723163786689
2025-12-23,18238793,Checking or savings account,Checking or savings account,1,0.608676158269568
2025-11-01,16968702,Credit card,Credit card,1,0.9186473118885123
2025-09-29,16244006,Credit card,Credit card,1,0.6070183803715246
2026-01-13,18672108,Checking or savings account,Checking or savings account,1,0.7606534277649821
2025-07-28,14931114,Credit card,Credit card,1,0.664501078817922
2025-08-14,15294411,Checking or savings account,Checking or savings account,1,0.9107859506709982
2025-11-06,17073470,"Money transfer, virtual currency, or money service","Money transfer, virtual currency, or money service",1,0.47363381463507687
2025-12-04,18106993,Mortgage,Checking or savings account,1,0.4441817922772464
2025-09-08,15797452,Credit card,Credit card,1,0.9422674078989836
2025-08-08,15141328,Checking or savings account,Checking or savings account,1,0.9244535500634458
2025-10-24,16802455,Checking or savings account,Checking or savings account,1,0.6010524794174587
2025-08-19,15375264,Credit card,Credit card,1,0.9046707749517914
2025-12-30,18376821,Credit card,Credit card,1,0.9108154350777312
2025-09-19,16056124,Credit card,Credit card,1,0.9013097569216603
2025-12-16,18079408,Debt collection,Credit card,1,0.8483429519682066
2025-12-15,18045092,Credit card,Credit card,1,0.5344252138391795
2025-09-12,15865920,Mortgage,Mortgage,1,0.6843587519479589
2025-11-23,17841176,Credit reporting or other personal consumer reports,Credit reporting or other personal consumer reports,1,0.8838937321639012
2025-09-16,15964201,Checking or savings account,Checking or savings account,1,0.7860905498713758
2026-01-20,18875644,Mortgage,Mortgage,1,0.7484278877729414
2025-09-08,15794360,Checking or savings account,Checking or savings account,1,0.7828509897591864
2025-09-04,15711488,"Money transfer, virtual currency, or money service","Money transfer, virtual currency, or money service",1,0.5883310502762289
2025-12-07,17808883,Credit card,Credit card,1,0.9043346506047968
2025-11-21,17799788,Credit card,Checking or savings account,1,0.8205919426302734
2025-07-24,14856460,Credit card,Credit card,1,0.9206559327899054
2025-10-10,16463588,Credit card,Credit reporting or other personal consumer reports,1,0.9021839421949398
2025-09-02,15666974,Checking or savings account,Checking or savings account,1,0.8498995554540466
2025-08-02,15026842,"Money transfer, virtual currency, or money service","Money transfer, virtual currency, or money service",1,0.4708428840151433
2025-08-19,15374851,"Money transfer, virtual currency, or money service",Checking or savings account,1,0.7539083709792598
2025-07-22,14766955,"Money transfer, virtual currency, or money service",Checking or savings account,1,0.9409523042864505
2025-10-30,16921142,Credit card,Credit card,1,0.882525793331368
2025-11-19,17318237,Debt collection,Debt collection,1,0.5888721501243204
2025-07-17,14720804,Checking or savings account,Checking or savings account,1,0.9077987185556354
2025-12-24,18277565,Checking or savings account,Checking or savings account,1,0.9435877765440385
2025-12-22,18230039,Checking or savings account,Checking or savings account,1,0.8587466539826006
2026-01-01,18398511,Credit card,Credit card,1,0.7298306921410257
2025-11-04,17017764,Checking or savings account,Checking or savings account,1,0.9415834353357443
2025-12-03,18140929,Debt collection,Debt collection,1,0.5231769441706348
2025-09-17,16010467,Checking or savings account,Checking or savings account,1,0.4002815296600745
2025-12-23,18250200,Credit reporting or other personal consumer reports,Credit reporting or other personal consumer reports,1,0.6594401710462302
2025-12-27,18314708,Checking or savings account,Checking or savings account,1,0.9584383423110213
2025-11-26,17868019,Credit card,Credit card,1,0.9214935690253049
2025-08-07,15131678,"Money transfer, virtual currency, or money service",Checking or savings account,1,0.5071859185672257
2025-12-02,18038102,Credit card,Checking or savings account,1,0.7895406725632172
2026-01-30,19136846,Checking or savings account,Checking or savings account,1,0.7006938260687979
2025-08-13,15255564,Checking or savings account,Checking or savings account,1,0.8589886423446099
2025-11-14,17257296,Checking or savings account,Checking or savings account,1,0.9395704735634985
2025-10-29,16898828,Credit card,Credit card,1,0.9572208837036612
2025-09-02,15676246,Checking or savings account,Checking or savings account,1,0.8435296332936965
2025-12-24,18273965,Checking or savings account,Checking or savings account,1,0.9373039673504368
2025-09-23,16136491,Checking or savings account,Checking or savings account,1,0.9498069174727433
2025-10-23,16782440,Credit reporting or other personal consumer reports,Credit reporting or other personal consumer reports,1,0.9481027196392509
2025-07-18,14732298,Credit reporting or other personal consumer reports,Credit reporting or other personal consumer reports,1,0.4931529827632499
2025-10-27,16851152,Credit card,Credit card,1,0.8935520154931799
2025-07-18,14733652,Checking or savings account,Checking or savings account,1,0.6212689231548392
2025-08-27,15565027,Checking or savings account,Checking or savings account,1,0.7457601589208847
2025-12-21,18203609,Credit reporting or other personal consumer reports,Debt collection,1,0.7864146769625605
2025-09-12,15905822,Credit card,Credit card,1,0.7528018383995079
2026-01-10,18628464,Credit card,Credit card,1,0.5883463577169065
2025-10-03,16356949,Checking or savings account,Checking or savings account,1,0.9054748182617208
2026-01-06,18497902,Credit card,Credit card,1,0.8552164839977111
2025-07-02,14407821,Checking or savings account,Credit card,1,0.8327752322325018
2025-09-04,15727118,Mortgage,Mortgage,1,0.6770757723519961
2025-12-01,17996870,Checking or savings account,Checking or savings account,1,0.8472630022782698
2025-10-14,16556677,Checking or savings account,Checking or savings account,1,0.7425924891990476
2025-11-18,17325026,"Money transfer, virtual currency, or money service","Money transfer, virtual currency, or money service",1,0.7335970680423256
2025-08-06,15126573,Credit card,Credit card,1,0.9692687683234452
2025-09-18,16022795,Credit card,Credit card,1,0.5704506931390594
2025-12-25,18278558,Checking or savings account,Checking or savings account,1,0.7463791907041338
2025-12-07,17813487,Credit reporting or other personal consumer reports,Credit reporting or other personal consumer reports,1,0.9496147394519676
2025-12-29,18353014,Checking or savings account,Checking or savings account,1,0.851554872236541
2025-10-28,16881976,Credit card,Credit card,1,0.956288325847335
2025-07-24,14849565,"Money transfer, virtual currency, or money service",Checking or savings account,1,0.6452939317439536
2025-10-22,16758916,Credit reporting or other personal consumer reports,Credit reporting or other personal consumer reports,1,0.6800429782264761
2025-12-25,18279311,Checking or savings account,Checking or savings account,1,0.9668409476812024
2025-07-18,14735664,Credit card,Credit card,1,0.8009297452983416
2025-09-07,15773087,"Money transfer, virtual currency, or money service",Checking or savings account,1,0.7476481426676503
2025-07-28,14935880,Credit reporting or other personal consumer reports,Credit reporting or other personal consumer reports,1,0.6844672431817571
2026-01-25,18994597,Checking or savings account,Checking or savings account,1,0.9529946313767595
2025-11-29,17958083,Checking or savings account,Checking or savings account,1,0.9001509619193259
2025-07-26,14902960,"Money transfer, virtual currency, or money service","Money transfer, virtual currency, or money service",1,0.8169061615361866
2026-01-12,18658575,Checking or savings account,Checking or savings account,1,0.7451484076382674
2025-10-06,16387487,Credit card,Credit card,1,0.8335208261973944
2025-08-31,15634827,Checking or savings account,Checking or savings account,1,0.9455644191178925
2025-11-17,17297095,Checking or savings account,Checking or savings account,1,0.6585115122525493
2025-08-21,15392845,Debt collection,Debt collection,1,0.4146210071904304
2025-07-17,14702870,Credit reporting or other personal consumer reports,Credit reporting or other personal consumer reports,1,0.7258498742555036
2025-09-30,16266197,Checking or savings account,Checking or savings account,1,0.9412726816084991
2025-08-08,15156266,Credit card,Credit card,1,0.9019448361330976
2025-07-08,14513915,Credit reporting or other personal consumer reports,Credit reporting or other personal consumer reports,1,0.9088762176361497
2025-12-09,17898474,Mortgage,Mortgage,1,0.506771318074872
2026-01-21,18898999,"Money transfer, virtual currency, or money service","Money transfer, virtual currency, or money service",1,0.5850476159113271
2025-10-17,16644209,Credit card,Credit card,1,0.9476104763691732
2025-12-31,18394138,Checking or savings account,Checking or savings account,1,0.6646589813162933
2025-07-31,14995313,Credit card,Credit card,1,0.5833237152749239
2025-09-11,15883132,Checking or savings account,Checking or savings account,1,0.7558739120662188
2025-10-15,18074074,Credit reporting or other personal consumer reports,Credit card,1,0.7552135566836707
2025-08-16,15331514,Debt collection,Credit card,1,0.46577732202074923
2025-07-11,14590417,Credit reporting or other personal consumer reports,Credit card,1,0.4674043897436216
2026-01-30,19137534,Credit card,Checking or savings account,1,0.5169464403159406
2025-11-15,17244859,"Money transfer, virtual currency, or money service",Checking or savings account,1,0.5144883734243431
2025-08-12,15227721,Credit reporting or other personal consumer reports,Mortgage,1,0.8246114702903657
2025-09-13,15919011,Checking or savings account,Checking or savings account,1,0.5485572509560992
2026-01-23,18947336,Checking or savings account,Checking or savings account,1,0.8442849111874585
2025-08-05,15091470,Credit reporting or other personal consumer reports,Credit reporting or other personal consumer reports,1,0.41070672723957125
2025-09-26,16199818,Checking or savings account,Checking or savings account,1,0.9491550949004656
2025-07-02,14415194,Checking or savings account,Checking or savings account,1,0.5299800237638798
2025-09-06,15769695,Checking or savings account,Checking or savings account,1,0.9602874628290663
2025-11-04,17019156,"Money transfer, virtual currency, or money service",Checking or savings account,1,0.4649196265776097
2025-10-28,16870980,Credit card,Mortgage,1,0.6610729626031535
2025-11-12,17204035,Debt collection,Debt collection,1,0.7454186893749175
2025-11-26,17916653,Credit reporting or other personal consumer reports,Credit reporting or other personal consumer reports,1,0.8798415399645726
2025-12-08,17828748,Credit card,Credit card,1,0.791804425812209
2025-11-14,17247030,Checking or savings account,Checking or savings account,1,0.7807893822993727
2025-12-03,18105767,Checking or savings account,Checking or savings account,1,0.7445918828899357
2025-08-25,15495452,Checking or savings account,Checking or savings account,1,0.6860804068230991
2025-08-25,15488345,Credit card,Credit card,1,0.9445423140213595
2025-08-25,15508652,Checking or savings account,Checking or savings account,1,0.9385228690758719
2025-07-16,14658816,Debt collection,Debt collection,1,0.4981862870097327
2025-07-07,14510522,Credit card,Credit card,1,0.9167438705194749
2026-01-30,19122306,Checking or savings account,Checking or savings account,1,0.9061256118205292
2025-12-30,18360110,Credit card,Credit card,1,0.7810532332081527
2025-11-25,17837050,Checking or savings account,Checking or savings account,1,0.8552838808105351
2025-11-29,17953956,Credit reporting or other personal consumer reports,Credit reporting or other personal consumer reports,1,0.7990039705868043
2025-12-03,18111702,Credit card,Credit card,1,0.6714750831925054
2025-07-30,14972694,Credit reporting or other personal consumer reports,Credit reporting or other personal consumer reports,1,0.44950011707285337
2025-07-17,14715828,Checking or savings account,Checking or savings account,1,0.7979561999253071
2025-08-23,15476192,Credit reporting or other personal consumer reports,Credit reporting or other personal consumer reports,1,0.8280583878580815
2026-01-26,19016174,Credit card,Credit card,1,0.8511387672641479
2025-09-12,15897996,Checking or savings account,Checking or savings account,1,0.8321155716352108
2025-12-03,18127098,Checking or savings account,Checking or savings account,1,0.8663066374172139
2025-09-18,16025668,Credit card,Credit card,1,0.9429761381641981
2025-10-29,16904560,Checking or savings account,Checking or savings account,1,0.8738147632474115
2025-09-21,16113499,Checking or savings account,Checking or savings account,1,0.848083387329477
2025-10-15,16606315,Credit card,Credit card,1,0.6426130399948752
2025-07-30,14986409,"Money transfer, virtual currency, or money service",Checking or savings account,1,0.7859612782372732
2025-08-29,15606484,Credit card,Credit card,1,0.7915480209906174
2026-01-12,18654000,Checking or savings account,Checking or savings account,1,0.7683991001528231
2025-07-13,14623268,"Money transfer, virtual currency, or money service","Money transfer, virtual currency, or money service",1,0.6699400729193893
2025-08-08,15170745,Checking or savings account,Checking or savings account,1,0.9474813428027887
2025-10-28,16866945,"Money transfer, virtual currency, or money service","Money transfer, virtual currency, or money service",1,0.8004486869387867
2026-01-03,18446219,"Money transfer, virtual currency, or money service","Money transfer, virtual currency, or money service",1,0.7350591674645505
2025-07-14,14619552,Checking or savings account,Checking or savings account,1,0.865864668519975
2026-01-09,18586878,Credit card,Credit reporting or other personal consumer reports,1,0.8449579907326044
2025-11-26,17929013,Checking or savings account,Checking or savings account,1,0.9353031950683395
2025-11-18,17324305,Checking or savings account,Checking or savings account,1,0.8095466584115929
2025-09-16,15965959,Debt collection,Credit card,1,0.5479717262724882
2025-11-04,17015428,Credit card,Credit card,1,0.8928388774642219
2025-09-03,15700340,Checking or savings account,Credit card,1,0.5539068303174829
2025-12-30,18369685,Checking or savings account,Checking or savings account,1,0.6460425426118283
2026-01-15,18745000,Debt collection,Credit reporting or other personal consumer reports,1,0.9284545384434643
2025-08-25,15494229,Credit reporting or other personal consumer reports,Vehicle loan or lease,1,0.8593746171642155
2025-07-16,14687015,Checking or savings account,Checking or savings account,1,0.47021251270240855
2025-10-08,16432279,Credit reporting or other personal consumer reports,Credit reporting or other personal consumer reports,1,0.928783872425139
2025-09-02,15679427,Checking or savings account,Checking or savings account,1,0.9684269166963136
2025-08-22,15448895,Credit card,Credit card,1,0.7927182225433803
2025-10-21,16733193,Checking or savings account,"Money transfer, virtual currency, or money service",1,0.5190813078017998
2025-07-16,14691887,Credit reporting or other personal consumer reports,Credit reporting or other personal consumer reports,1,0.832101134896864
2025-07-25,14849911,Checking or savings account,Credit card,1,0.589005310609595
2025-08-16,15304013,Vehicle loan or lease,Vehicle loan or lease,1,0.7487586560689907
2025-10-15,16598573,Checking or savings account,Checking or savings account,1,0.7582214104837733
2025-10-13,16538608,Credit card,Credit card,1,0.9078888748652766
2025-07-17,14717346,Checking or savings account,Checking or savings account,1,0.9080399556711679
2025-08-25,15504605,Checking or savings account,Checking or savings account,1,0.8868752611476268
2025-10-03,16314570,Checking or savings account,Checking or savings account,1,0.9266085104306829
2025-07-17,14710664,Credit card,Credit card,1,0.6932709434265281
2025-09-11,15869097,Checking or savings account,Checking or savings account,1,0.8550170986003144
2026-01-14,18719906,Debt collection,Vehicle loan or lease,1,0.5600473360780879
2025-11-03,16987174,Credit card,Credit card,1,0.9100527135091356
2025-10-02,16315245,Checking or savings account,Checking or savings account,1,0.9630369182276871
2025-09-29,16253474,Checking or savings account,Checking or savings account,1,0.936008232498389
2025-12-30,18369486,Credit card,Credit card,1,0.8382333108334697
2025-07-24,14856181,Credit reporting or other personal consumer reports,Credit reporting or other personal consumer reports,1,0.9107247990610228
2025-08-11,15213283,Checking or savings account,Checking or savings account,1,0.7584764292297569
2025-08-26,15526309,Credit card,Credit card,1,0.9041909035986485
2025-09-30,16267454,Credit card,Credit reporting or other personal consumer reports,1,0.7587588839869429
2026-01-26,19013682,Checking or savings account,Checking or savings account,1,0.8258277515928579
2025-10-28,16881090,Checking or savings account,Checking or savings account,1,0.9110332588929301
2026-01-21,18881745,Credit card,Credit card,1,0.9238014424020986
2026-01-15,18739103,Credit card,Credit card,1,0.9200140339587222
2025-07-18,14737703,Checking or savings account,Checking or savings account,1,0.9635737506992313
2025-07-24,14861318,Vehicle loan or lease,Vehicle loan or lease,1,0.5996645401902487
2025-12-28,18323734,Checking or savings account,Checking or savings account,1,0.9185817213057493
2025-12-22,18221582,Credit card,Credit card,1,0.950602950003186
2025-11-03,16984598,Mortgage,Mortgage,1,0.4330943155332972
2025-12-19,18161788,Credit card,Checking or savings account,1,0.5787607873685764
2025-09-15,15942246,Credit card,Credit card,1,0.5176363366153651
2025-08-22,15452596,Checking or savings account,Checking or savings account,1,0.6011643368349316
2025-11-09,17123013,Credit card,Credit card,1,0.8513227591978773
2025-12-01,18046623,Credit card,Credit card,1,0.7692779312161145
2025-12-18,18149844,Checking or savings account,Checking or savings account,1,0.7387446566613926
2025-08-12,15205490,Credit card,Credit card,1,0.9403702212326195
2026-01-08,18555811,Checking or savings account,Checking or savings account,1,0.9426042423369263
2025-12-26,18306253,Checking or savings account,Checking or savings account,1,0.8658985265005197
2025-07-15,14656959,Checking or savings account,Checking or savings account,1,0.5635609955673632
2025-09-09,15810313,Credit card,Credit card,1,0.9467789659194055
2026-01-29,19118813,Checking or savings account,Checking or savings account,1,0.9755746233151084
2025-11-14,17263256,Credit reporting or other personal consumer reports,Credit card,1,0.5493739719302977
2025-11-15,17268189,Mortgage,Mortgage,1,0.6363772506173834
2025-08-14,15289715,Credit card,Credit card,1,0.9388198182351051
2025-12-30,18380038,Checking or savings account,Checking or savings account,1,0.43637035001293145
2025-08-22,15458371,Checking or savings account,Checking or savings account,1,0.8834708825181042
2025-11-10,17138417,Credit card,Credit card,1,0.745580698880719
2025-09-25,16178283,Checking or savings account,Checking or savings account,1,0.8153318697011144
2025-08-29,15616613,Credit card,Credit card,1,0.8186109858166914
2025-12-01,18044078,Credit card,Credit card,1,0.7991038603361545
2025-09-07,15780128,Checking or savings account,Checking or savings account,1,0.85447572979903
2025-10-01,16280031,"Money transfer, virtual currency, or money service","Money transfer, virtual currency, or money service",1,0.8983297028741806
2025-07-28,14933513,Checking or savings account,Checking or savings account,1,0.9342929410832396
2025-07-20,14787378,"Money transfer, virtual currency, or money service","Money transfer, virtual currency, or money service",1,0.7786221258553847
2025-10-08,16447602,Credit reporting or other personal consumer reports,Credit reporting or other personal consumer reports,1,0.9304138350750039
2025-10-19,16680558,Credit reporting or other personal consumer reports,Vehicle loan or lease,1,0.48438603493324894
2025-10-21,16726190,Checking or savings account,Checking or savings account,1,0.9354530751456576
2025-11-09,17124252,Credit reporting or other personal consumer reports,Credit reporting or other personal consumer reports,1,0.7483456283381776
2025-09-08,15797908,Checking or savings account,Checking or savings account,1,0.9310297348616444
2025-12-08,17836373,Checking or savings account,Checking or savings account,1,0.9109730603303974
2025-07-28,14918325,Checking or savings account,Checking or savings account,1,0.550286746805653
2025-10-24,16795486,Checking or savings account,Checking or savings account,1,0.8324113491418252
2025-08-19,15374663,Credit card,Credit card,1,0.7981221378703549
2025-12-16,18064604,Credit card,Credit card,1,0.9446750730306408
2025-07-26,14896336,Credit card,Credit card,1,0.9679103105894188
2025-12-04,18153312,Checking or savings account,Checking or savings account,1,0.8803557866355357
2026-01-27,19045924,Checking or savings account,Checking or savings account,1,0.8640335920838137
2025-09-26,16213153,Credit card,Credit card,1,0.9177518234128034
2025-09-16,15965208,Checking or savings account,Checking or savings account,1,0.8881616618474696
2025-12-16,18086273,Credit card,Credit card,1,0.6829085420325404
2025-09-17,15992004,Credit card,Credit card,1,0.8155559413835288
2025-10-06,16384304,"Money transfer, virtual currency, or money service","Money transfer, virtual currency, or money service",1,0.6706790521267717
2026-01-09,18585637,Checking or savings account,Checking or savings account,1,0.9364542648647505
2025-07-27,14911597,Checking or savings account,Checking or savings account,1,0.9295797481692234
2025-08-06,15116541,Credit reporting or other personal consumer reports,Credit reporting or other personal consumer reports,1,0.7155159100489957
2025-11-03,16982222,Checking or savings account,Checking or savings account,1,0.8520865797337637
2025-11-20,17352689,"Money transfer, virtual currency, or money service","Money transfer, virtual currency, or money service",1,0.6627309798418826
2025-10-02,16303818,Credit card,Credit reporting or other personal consumer reports,1,0.8536205465160536
2025-07-24,14865787,Checking or savings account,Checking or savings account,1,0.9287436279517728
2025-11-16,17283575,Checking or savings account,Checking or savings account,1,0.9576495943761235
2025-07-03,14448914,Checking or savings account,Checking or savings account,1,0.8699642712989322
2025-08-13,15224068,Credit card,Credit card,1,0.5221984097957436
2026-01-25,18992334,Checking or savings account,Checking or savings account,1,0.9828397731041494
2025-11-01,16966362,Credit card,Credit card,1,0.951167858111304
2025-08-25,15497253,Checking or savings account,Checking or savings account,1,0.9402970328275279
2025-09-23,16124666,Checking or savings account,Checking or savings account,1,0.5723621277989989
2025-12-09,17889178,Credit card,Credit card,1,0.781050473934357
2025-09-05,15759038,Checking or savings account,Checking or savings account,1,0.9064773796663337
2025-09-30,16267112,Checking or savings account,Checking or savings account,1,0.879119051592944
2025-09-23,16131834,"Money transfer, virtual currency, or money service",Checking or savings account,1,0.41964154066263
2025-11-17,17314814,Checking or savings account,Checking or savings account,1,0.8939344240732815
2025-08-08,15167469,Vehicle loan or lease,Vehicle loan or lease,1,0.5109256490690871
2025-07-25,14876461,Credit card,Credit card,1,0.47535032678602995
2025-09-23,16130600,Credit card,Credit card,1,0.9414694346306032
2025-07-10,14575993,Checking or savings account,Checking or savings account,1,0.9530510235424127
2025-11-07,17092721,Credit card,Credit card,1,0.9212893651045606
2025-09-17,15990687,Checking or savings account,Checking or savings account,1,0.8423786516788038
2025-12-19,18163921,Credit card,Credit card,1,0.9330790449550515
2025-09-24,16165203,Debt collection,Checking or savings account,1,0.41217328823473376
2025-07-15,14641572,Credit card,Credit card,1,0.676417628973227
2025-08-18,15353415,Checking or savings account,Checking or savings account,1,0.8617552206006005
2025-08-13,15258233,Checking or savings account,Checking or savings account,1,0.9585155207842199
2025-09-09,15819316,Debt collection,Debt collection,1,0.681715162327072
2025-08-26,15524371,Checking or savings account,Checking or savings account,1,0.6943122477635448
2025-08-30,15624763,Checking or savings account,Checking or savings account,1,0.9471009911413004
2025-12-30,18363772,Checking or savings account,Credit reporting or other personal consumer reports,1,0.829963772639272
2025-08-05,15101165,Credit card,Credit card,1,0.5976684250098168
2026-01-01,18407692,Credit card,Credit card,1,0.8253935181585604
2025-09-06,15771525,Checking or savings account,Checking or savings account,1,0.6749771977584569
2025-08-25,15487715,Credit card,Credit card,1,0.6300501682728904
2025-11-10,17145775,Debt collection,Checking or savings account,1,0.36132175700506197
2025-07-03,14443684,"Money transfer, virtual currency, or money service","Money transfer, virtual currency, or money service",1,0.5115817758634633
2025-10-29,16894726,"Money transfer, virtual currency, or money service","Money transfer, virtual currency, or money service",1,0.6486155165797305
2025-08-17,15340217,Debt collection,Debt collection,1,0.6120219114040021
2025-07-11,14596453,Checking or savings account,Checking or savings account,1,0.9366421610996695
2025-08-14,15295571,"Money transfer, virtual currency, or money service","Money transfer, virtual currency, or money service",1,0.799105115289775
2025-08-08,15174518,Checking or savings account,Checking or savings account,1,0.9368475958455225
2025-10-07,16423655,Checking or savings account,Checking or savings account,1,0.9394120188465976
2025-07-23,14842379,Credit card,Credit card,1,0.51401627541175
2025-11-10,17138058,Mortgage,Mortgage,1,0.5787302914051295
2025-08-10,15191728,Credit card,Credit card,1,0.9281086879256821
2025-11-14,17248896,"Money transfer, virtual currency, or money service","Money transfer, virtual currency, or money service",1,0.659183718402398
2025-11-21,17425163,Credit card,Credit card,1,0.6028018178814868
2025-09-26,16200790,"Money transfer, virtual currency, or money service","Money transfer, virtual currency, or money service",1,0.8665986601541776
2025-08-06,15122068,Credit card,Credit card,1,0.9247883821558281
2025-07-08,14535388,Vehicle loan or lease,Vehicle loan or lease,1,0.6833055803663731
2026-01-01,18409318,Credit card,Credit card,1,0.8147330333620982
2025-10-18,16672924,Checking or savings account,Checking or savings account,1,0.8153777390628538
2025-08-25,15507714,"Money transfer, virtual currency, or money service",Checking or savings account,1,0.8573410683873993
2025-09-30,16264447,Credit card,Credit card,1,0.3856570071657796
2025-08-28,15584637,Checking or savings account,Checking or savings account,1,0.609242876599755
2025-11-05,17006365,"Money transfer, virtual currency, or money service","Money transfer, virtual currency, or money service",1,0.573550468528635
2025-12-30,18376513,Credit card,Credit card,1,0.9135097253717701
2026-01-27,19043133,Mortgage,Mortgage,1,0.33717578793003816
2025-11-01,16963591,Checking or savings account,Checking or savings account,1,0.9566821346509208
2026-01-25,18992495,Credit card,Credit card,1,0.8944126636156707
2025-11-25,17922719,Checking or savings account,Checking or savings account,1,0.7131501173420843
2025-10-15,16600391,Credit card,Checking or savings account,1,0.5781702370531593
2025-08-09,15187085,Checking or savings account,Checking or savings account,1,0.9452388623111158
2025-12-21,18205984,Checking or savings account,Checking or savings account,1,0.8280594757512371
2025-07-03,14451734,Credit reporting or other personal consumer reports,Credit reporting or other personal consumer reports,1,0.49770835151749543
2025-09-30,16259135,Debt collection,Credit reporting or other personal consumer reports,1,0.5026331259324327
2025-12-02,17931269,Debt collection,Debt collection,1,0.7126488925697165
2025-07-07,14484664,Checking or savings account,Checking or savings account,1,0.5749214804636652
2025-08-02,15021427,Checking or savings account,Checking or savings account,1,0.6529061534045195
2025-07-18,14705842,Credit card,Credit card,1,0.7256547447479663
2025-09-08,15796401,Checking or savings account,Checking or savings account,1,0.8894525348355877
2025-07-08,14535298,Checking or savings account,Checking or savings account,1,0.7572162520772542
2025-11-17,17314817,Checking or savings account,Checking or savings account,1,0.940625585801817
2025-11-24,17870021,Credit card,Credit reporting or other personal consumer reports,1,0.6412841072403049
2025-12-24,18278076,Credit card,Credit reporting or other personal consumer reports,2,0.7664718497956863
2025-10-17,16649751,Credit reporting or other personal consumer reports,Credit reporting or other personal consumer reports,1,0.7563599379457142
2025-07-31,14996846,Credit card,Credit card,1,0.9095012637034259
2025-11-01,16961982,Credit card,Credit card,1,0.9026902741758754
2025-09-24,16158555,Credit card,Credit card,1,0.8119630558866371
2026-01-14,18728683,Checking or savings account,Checking or savings account,1,0.9122254160726261
2025-07-08,14513354,Checking or savings account,Checking or savings account,1,0.9099327523846988
2025-08-14,15289915,Credit reporting or other personal consumer reports,Credit reporting or other personal consumer reports,1,0.8505681262317067
2025-10-27,16831775,Credit card,Credit reporting or other personal consumer reports,1,0.8889348199334973
2025-07-03,14454971,"Money transfer, virtual currency, or money service","Money transfer, virtual currency, or money service",1,0.6518847891529232
2025-08-01,15044833,Credit card,Credit card,1,0.9108328881973061
2025-11-24,17873706,Credit reporting or other personal consumer reports,Checking or savings account,1,0.4620206379065858
2025-07-11,14591357,Credit reporting or other personal consumer reports,Credit reporting or other personal consumer reports,1,0.8622197057448527
2025-11-14,17263797,Checking or savings account,Credit card,1,0.7362392747085763
2025-09-14,15930515,Checking or savings account,Checking or savings account,1,0.8418111693081625
2025-09-10,15854407,Credit card,Credit card,1,0.9511579773039579
2026-01-17,18801663,"Money transfer, virtual currency, or money service",Checking or savings account,1,0.5402309318894408
2025-10-01,16305646,Credit card,Credit card,1,0.7914194339444167
2025-09-23,16097855,Credit card,Credit card,1,0.5763438926282712
2025-10-17,16640878,Vehicle loan or lease,Vehicle loan or lease,1,0.6376244405150397
2026-01-13,18698146,Credit card,Credit card,1,0.802510039284608
2025-09-05,15742134,"Money transfer, virtual currency, or money service","Money transfer, virtual currency, or money service",1,0.8896448425632016
2025-10-02,16322674,Checking or savings account,Credit card,1,0.6803775975545028
2026-01-22,18932881,Checking or savings account,Checking or savings account,1,0.7431843541543633
2025-09-02,15682626,Checking or savings account,Checking or savings account,1,0.8932080036365032
2025-07-15,14675789,Checking or savings account,"Money transfer, virtual currency, or money service",1,0.930807916829565
2025-07-28,14928048,"Money transfer, virtual currency, or money service","Money transfer, virtual currency, or money service",1,0.7208410595430915
2025-10-22,16757116,Credit card,Credit card,1,0.9255523954351187
2025-09-08,15775550,Credit card,Credit card,1,0.8717568263099746
2025-09-13,15922213,Checking or savings account,"Money transfer, virtual currency, or money service",1,0.5705268607066961
2025-09-25,16176731,Credit card,Credit card,1,0.8721533890995733
2025-09-03,15691974,Checking or savings account,Checking or savings account,1,0.9413729229022824
2025-10-31,16948658,Debt collection,Debt collection,1,0.5490467802857014
2025-10-02,16317203,Credit card,Credit reporting or other personal consumer reports,1,0.6669845173651007
2025-08-07,15150705,"Money transfer, virtual currency, or money service",Checking or savings account,1,0.9280427946364954
2025-07-03,14450309,Credit card,Credit card,1,0.9035242760814456
2025-12-25,18283180,Credit card,Checking or savings account,1,0.709435673498235
2025-09-14,15930744,Checking or savings account,Checking or savings account,1,0.761021094519943
2025-08-01,15010116,Checking or savings account,Checking or savings account,1,0.8675042494966235
2026-01-06,18498990,"Money transfer, virtual currency, or money service","Money transfer, virtual currency, or money service",1,0.6352285100165219
2026-01-29,19115745,Vehicle loan or lease,Vehicle loan or lease,1,0.49980232072780756
2025-12-02,17990439,Checking or savings account,Checking or savings account,1,0.6470393227440172
2025-12-15,18039551,Checking or savings account,Checking or savings account,1,0.9502957197199398
2025-10-20,16699902,Checking or savings account,Checking or savings account,1,0.9529653587318009
2025-07-10,14563687,Checking or savings account,Checking or savings account,1,0.4200504515502423
2025-10-23,16778022,Checking or savings account,Checking or savings account,1,0.899923896045704
2025-10-18,16643999,Checking or savings account,Checking or savings account,1,0.7633591641383641
2025-11-13,17235242,Checking or savings account,Checking or savings account,1,0.5106143996111729
2025-07-20,14786191,Credit card,Checking or savings account,1,0.48096581998927995
2025-09-21,16093554,Debt collection,Checking or savings account,1,0.4331559007648562
2025-10-09,16473683,Checking or savings account,Checking or savings account,1,0.8654893716217552
2025-08-10,15195640,Credit card,Credit card,1,0.8828892431693719
2025-09-09,15786586,Credit reporting or other personal consumer reports,Checking or savings account,1,0.4956368020078157
2026-01-14,18701514,Credit card,Credit card,1,0.8055963386641806
2025-08-27,15563713,Checking or savings account,Checking or savings account,1,0.777415183345994
2025-12-28,18329327,Credit reporting or other personal consumer reports,Credit card,1,0.5386552723298442
2025-11-07,17101747,Checking or savings account,Checking or savings account,1,0.9192536638777115
2025-07-13,14619002,Credit card,Credit card,1,0.7788053074357378
2025-10-27,16831808,Checking or savings account,Checking or savings account,1,0.6546064741646588
2025-08-18,15354893,Credit card,Credit card,1,0.8094251065800179
2025-11-19,17357989,Credit card,Credit card,1,0.9686543565876797
2025-10-24,16793967,Checking or savings account,"Money transfer, virtual currency, or money service",1,0.5414088980768038
2025-07-21,14768458,Debt collection,Credit reporting or other personal consumer reports,1,0.8232147208966345
2025-10-17,16649492,Checking or savings account,Credit card,1,0.5292640042092944
2025-09-10,15848068,Debt collection,Debt collection,1,0.5122403682385877
2026-01-22,18932671,Credit card,Credit card,1,0.8826755026078533
2025-10-29,16896017,Checking or savings account,Checking or savings account,1,0.9087784318123293
2025-09-04,15723204,Credit card,Credit card,1,0.7832556761363282
2025-10-07,16403542,Credit card,Credit reporting or other personal consumer reports,1,0.7675265830672412
2025-10-14,16532617,Checking or savings account,Checking or savings account,1,0.8512922005991627
2025-10-12,16531108,Credit card,Credit card,1,0.8938080120832667
2025-09-02,15668904,Checking or savings account,Checking or savings account,1,0.9035366439525045
2025-09-25,16140870,Checking or savings account,Checking or savings account,1,0.9350465134139986
2025-12-24,18274024,"Money transfer, virtual currency, or money service",Checking or savings account,1,0.9071464424347893
2025-10-23,16767803,Credit card,Credit card,1,0.875895880429888
2025-07-23,14842666,Credit card,Credit card,1,0.8940706756491489
2025-08-28,15589629,Credit card,Credit card,1,0.4845990115889495
2025-07-02,14425456,Checking or savings account,Checking or savings account,1,0.9456470624305674
2025-08-15,15314883,"Money transfer, virtual currency, or money service","Money transfer, virtual currency, or money service",1,0.7410535454486246
2025-10-10,16512608,Mortgage,Mortgage,1,0.7466457884173275
2025-08-24,15475409,Credit card,Credit card,1,0.87745644676782
2025-07-21,14767830,Credit card,Credit card,1,0.7599345167272621
2025-08-18,15342148,Credit card,Credit card,1,0.8952570863659632
2025-11-14,17246774,Credit card,Credit card,1,0.8570183115913214
2025-07-31,14967519,Credit reporting or other personal consumer reports,Checking or savings account,1,0.7548113098675854
2025-11-26,17917531,Checking or savings account,"Money transfer, virtual currency, or money service",1,0.5145637439291271
2025-08-13,15268712,Credit card,Credit card,1,0.8506046712844381
2025-12-23,18235477,Credit card,Credit card,1,0.5044645356674975
2025-07-09,14544614,Checking or savings account,Checking or savings account,1,0.8917112928186913
2025-09-04,15725380,Checking or savings account,Checking or savings account,1,0.7825847038920366
2025-08-08,15175120,Credit card,Credit card,1,0.9032067922957195
2025-09-08,15805171,Credit card,Credit card,1,0.6175752559612946
2025-11-25,17868313,Checking or savings account,Checking or savings account,1,0.9567998434819964
2025-09-19,16041533,Credit card,Credit card,1,0.95668383698175
2025-08-25,15489835,Credit card,Credit card,1,0.6919360112887087
2025-09-06,15772799,Credit card,Credit card,1,0.802491622684725
2025-09-09,15832980,Checking or savings account,Checking or savings account,1,0.802779873350724
2025-07-12,14611482,Credit card,Credit card,1,0.8501341285912355
2025-08-18,15354455,Debt collection,Debt collection,1,0.5617673305150306
2026-01-01,18407074,"Money transfer, virtual currency, or money service","Money transfer, virtual currency, or money service",1,0.49821755897989406
2026-01-22,18914061,Checking or savings account,Checking or savings account,1,0.8606582415394491
2025-12-02,18074049,Mortgage,Credit card,1,0.4690385125428544
2025-07-18,14733983,Checking or savings account,Credit card,1,0.6443751220731248
2025-11-13,17228187,Credit card,Credit card,1,0.8756825246520731
2025-12-25,18278820,"Money transfer, virtual currency, or money service","Money transfer, virtual currency, or money service",1,0.8027006250976015
2025-09-29,16226504,Credit card,Credit card,1,0.9206417034990583
2025-12-23,18258613,"Money transfer, virtual currency, or money service","Money transfer, virtual currency, or money service",1,0.7529100259337388
2025-08-25,15497539,"Money transfer, virtual currency, or money service",Checking or savings account,1,0.5205894868993278
2025-08-14,15288281,Credit card,Credit card,1,0.9323372568287954
2025-10-06,16388823,Credit reporting or other personal consumer reports,Credit reporting or other personal consumer reports,1,0.6577975646120753
2025-07-15,14655847,Credit card,Credit card,1,0.9297721015238404
2025-11-12,17185684,Checking or savings account,Checking or savings account,1,0.6220206438746537
2025-07-09,14556109,Credit reporting or other personal consumer reports,Credit card,1,0.5368304849750009
2025-10-10,16510550,Checking or savings account,Checking or savings account,1,0.7534171696427653
2025-07-21,14774093,Checking or savings account,Checking or savings account,1,0.6699734921205369
2025-11-08,17115677,Checking or savings account,Checking or savings account,1,0.532527132661853
2025-10-23,16774199,Credit card,Credit card,1,0.9116000505409723
2025-12-22,18216423,Checking or savings account,Checking or savings account,1,0.7502676980490719
2026-01-21,18887117,Credit card,Credit card,1,0.8965226342374515
2025-09-03,15691769,Checking or savings account,Checking or savings account,1,0.797481337015547
2025-08-28,15587409,Checking or savings account,Checking or savings account,1,0.9518671677386211
2025-08-04,15074795,Checking or savings account,Checking or savings account,1,0.6481236236072524
2025-10-29,16893205,"Money transfer, virtual currency, or money service",Checking or savings account,1,0.6178127940554885
2025-08-08,15137731,Checking or savings account,Checking or savings account,1,0.894075201249989
2025-11-24,17878313,Checking or savings account,Checking or savings account,1,0.8882819196360187
2026-01-23,18941221,Checking or savings account,Checking or savings account,1,0.8624414475143487
2025-07-15,14675984,Checking or savings account,Checking or savings account,1,0.900233806319724
2026-01-13,18698466,Checking or savings account,Checking or savings account,1,0.8272794202183077
2025-11-11,17163084,Checking or savings account,Checking or savings account,1,0.5843300796086562
2025-11-05,17049672,Checking or savings account,Checking or savings account,1,0.758077733777338
2025-08-01,15035537,Checking or savings account,Checking or savings account,1,0.9111499415703946
2025-07-25,14878702,Checking or savings account,Checking or savings account,1,0.41284925032930647
2025-11-16,17284768,Credit card,Credit card,1,0.8404806011084097
2025-07-09,14542206,Credit card,Credit card,1,0.9323320698186506
2026-01-08,18560473,Checking or savings account,Checking or savings account,1,0.9072722977789115
2025-12-16,18060439,Credit reporting or other personal consumer reports,Credit reporting or other personal consumer reports,1,0.6331734060835283
2025-10-06,16386883,Checking or savings account,Credit card,1,0.6416262246470524
2025-12-23,18258486,Credit card,Credit card,1,0.8550583671024112
2025-11-15,17245588,Checking or savings account,Checking or savings account,1,0.9164828041156158
2025-10-16,16625172,Credit reporting or other personal consumer reports,Credit reporting or other personal consumer reports,1,0.7580109897951793
2025-09-22,16086321,Credit card,Checking or savings account,1,0.575994688771165
2025-08-24,15508567,Checking or savings account,Checking or savings account,1,0.7767467346615815
2025-08-05,15097322,Checking or savings account,Checking or savings account,1,0.6786526660881499
2025-07-25,14883916,Credit card,Credit card,1,0.7929802083728875
2025-10-03,16346718,Checking or savings account,Checking or savings account,1,0.7707527579645812
2025-07-28,14905761,Debt collection,Debt collection,1,0.8131317089749418
2025-08-11,15206178,Debt collection,Credit card,1,0.8534967180394379
2025-10-15,16601771,Credit reporting or other personal consumer reports,Credit reporting or other personal consumer reports,1,0.9392801002809157
2025-12-31,18395272,Checking or savings account,Checking or savings account,1,0.8026694967316433
2025-10-27,16844653,Credit card,Credit card,1,0.6583968054033106
2025-09-30,16282639,Credit card,Credit card,1,0.947224516146446
2025-07-14,14642644,"Money transfer, virtual currency, or money service",Checking or savings account,1,0.5866254217208162
2025-08-10,15194589,Credit card,Credit card,1,0.8074051756607785
2025-09-07,15777161,Checking or savings account,Checking or savings account,1,0.9410688841759026
2026-01-02,18412247,Credit card,Credit card,1,0.7258708228874046
2025-10-27,16844538,Checking or savings account,Checking or savings account,1,0.9250897285681519
2025-09-23,16129667,Checking or savings account,Checking or savings account,1,0.5576201899822385
2025-12-23,18260486,Checking or savings account,Credit card,1,0.5722835332944604
2025-11-04,17025697,Checking or savings account,Checking or savings account,1,0.9580458928242573
2026-01-21,18889894,Checking or savings account,Checking or savings account,1,0.8445553583527299
2026-01-24,18984196,Credit card,Credit card,1,0.8735232876020199
2025-12-01,18049790,Credit card,Credit card,1,0.9569955749402985
2026-01-20,18869330,Credit card,Credit card,1,0.4935284593810699
2025-09-04,15684045,Credit card,Credit card,1,0.9486708224413354
2025-08-01,15044223,Checking or savings account,Checking or savings account,1,0.892454937890678
2025-08-22,15466998,Checking or savings account,Credit card,1,0.5634375712155429
2025-09-22,16083051,Credit reporting or other personal consumer reports,Credit reporting or other personal consumer reports,1,0.8345005521521305
2025-10-17,16622558,Checking or savings account,Checking or savings account,1,0.9048058811602576
2026-01-27,19049418,Checking or savings account,Checking or savings account,1,0.9076549915881739
2025-09-24,16152849,Mortgage,Mortgage,1,0.3212062538854738
2025-08-26,15488991,Checking or savings account,Checking or savings account,1,0.7601984507456404
2025-11-25,17846240,Checking or savings account,Checking or savings account,1,0.7193382062361288
2025-09-12,15864917,Checking or savings account,Checking or savings account,1,0.923897946577132
2025-12-15,18032851,Credit card,Credit card,1,0.9122872065148472
2025-07-27,14910120,"Money transfer, virtual currency, or money service","Money transfer, virtual currency, or money service",1,0.606891012521091
2025-07-11,14593287,Credit card,Credit card,1,0.8983908965663132
2025-07-09,14548839,Checking or savings account,Checking or savings account,1,0.636446089787952
2025-11-20,17379223,Debt collection,Debt collection,1,0.6974424548913891
2025-08-07,15154112,Credit card,Credit card,1,0.8509875857096567
2025-09-25,16177446,Checking or savings account,Checking or savings account,1,0.969032311715108
2026-01-21,18878978,"Money transfer, virtual currency, or money service","Money transfer, virtual currency, or money service",1,0.5880485961497021
2025-12-08,17840156,Debt collection,Credit reporting or other personal consumer reports,1,0.7030823331154554
2025-08-04,15072248,Credit reporting or other personal consumer reports,Credit reporting or other personal consumer reports,1,0.5675726062320073
2025-08-20,15387810,Credit card,Credit card,1,0.9592908485084269
2025-08-12,15232316,Checking or savings account,Checking or savings account,1,0.7000905716770264
2025-08-11,15208135,Checking or savings account,Checking or savings account,1,0.6889299085474397
2025-07-14,14649353,Credit card,Credit card,1,0.6389359656974484
2025-12-30,18377377,Checking or savings account,Checking or savings account,1,0.9127739617654628
2025-11-04,17001019,Credit card,Credit card,1,0.738402626814047
2026-01-18,18815555,Checking or savings account,Vehicle loan or lease,1,0.5809920740354285
2025-09-24,16163825,Credit card,Credit card,1,0.9157802007876396
2025-09-25,16177637,Credit card,Credit card,1,0.8048153457617154
2025-09-09,15824459,Checking or savings account,Checking or savings account,1,0.63036749298806
2025-11-06,17075429,Checking or savings account,Checking or savings account,1,0.8410084645840729
2025-08-14,15292115,Checking or savings account,Checking or savings account,1,0.5142807250377762
2025-10-08,16449453,Checking or savings account,Checking or savings account,1,0.9495459622233952
2026-01-09,18592711,Checking or savings account,Checking or savings account,1,0.9298753318995371
2025-07-08,14520220,Credit card,Credit card,1,0.5005551789171633
2025-07-30,14975892,"Money transfer, virtual currency, or money service",Checking or savings account,1,0.4378849754546395
2026-01-21,18902454,Checking or savings account,Checking or savings account,1,0.9791935717911645
2025-07-01,14388125,Checking or savings account,Checking or savings account,1,0.7403208318662221
2026-01-18,18818306,Checking or savings account,Checking or savings account,1,0.8937738738238531
2025-07-23,14832811,Credit card,Credit card,1,0.8186008016254158
2025-08-02,15025450,Checking or savings account,Checking or savings account,1,0.649398940236236
2025-09-26,16202796,Checking or savings account,Checking or savings account,1,0.8835104435426387
2025-07-11,14596082,Checking or savings account,Checking or savings account,1,0.9596480231775789
2025-07-11,14596441,"Money transfer, virtual currency, or money service","Money transfer, virtual currency, or money service",1,0.722794242975661
2026-01-29,19087883,Checking or savings account,Checking or savings account,1,0.716462565487753
2025-08-27,15547829,Credit card,Credit card,1,0.8111530729173521
2025-12-16,18063489,Checking or savings account,Credit card,1,0.5349689653491346
2025-09-03,15702541,Credit card,Credit card,1,0.9016505373711009
2025-11-05,17047125,Credit card,Credit card,1,0.8887844309209975
2026-01-21,18898626,Checking or savings account,Checking or savings account,1,0.6682835433700497
2025-08-18,15344886,Credit reporting or other personal consumer reports,Credit card,1,0.6253064781101352
2025-12-31,18385110,Debt collection,Debt collection,1,0.6903180044374779
2025-08-19,15378657,"Money transfer, virtual currency, or money service",Checking or savings account,1,0.5382759975469811
2025-09-11,15879924,Credit card,Checking or savings account,1,0.5887308203674428
2025-08-29,15601411,Credit card,Credit card,1,0.4553630433786055
2025-09-23,16097501,Checking or savings account,Checking or savings account,1,0.7913868717153413
2025-12-15,18051849,Credit card,Credit card,1,0.5107407019871549
2025-12-09,17887087,Checking or savings account,"Money transfer, virtual currency, or money service",1,0.5086428944930184
2025-08-12,15228290,Checking or savings account,Vehicle loan or lease,1,0.413771888922541
2025-08-18,15335203,Credit card,Credit card,1,0.9171718865691222
2025-09-17,16008966,Credit card,Credit reporting or other personal consumer reports,1,0.7841625860509086
2025-11-02,16969805,Checking or savings account,Checking or savings account,1,0.6244293363841301
2025-11-17,17311731,Checking or savings account,Checking or savings account,1,0.9155856775999185
2025-10-22,16746380,Checking or savings account,Checking or savings account,1,0.907877857884377
2025-11-11,17168760,Checking or savings account,Checking or savings account,1,0.7947913657936848
2025-09-26,16201906,Credit card,Credit card,1,0.9343944120067355
2025-07-28,14933853,Checking or savings account,Checking or savings account,1,0.9247406435641725
2025-10-30,16923402,Checking or savings account,Checking or savings account,1,0.6886402548250925
2025-07-28,14928258,Credit card,Credit card,1,0.7887063219710888
2025-11-13,17220197,Credit card,Credit card,1,0.9347347197846058
2025-09-11,15877928,Checking or savings account,Checking or savings account,1,0.7904363284098634
2026-01-18,18817180,Credit card,Credit reporting or other personal consumer reports,1,0.8777487196091558
2025-07-24,14820791,Checking or savings account,Checking or savings account,1,0.9404072270824076
2025-12-29,18356743,Credit card,Credit card,1,0.477777019980784
2025-11-09,17121453,Credit card,Credit card,1,0.8732289279500852
2025-09-05,15747725,"Money transfer, virtual currency, or money service",Checking or savings account,1,0.9459327948043207
2025-12-02,18081523,Checking or savings account,Checking or savings account,1,0.9747821130661286
2025-07-10,14574262,Credit card,Credit card,1,0.8856771345842724
2025-08-06,15088051,Credit card,Credit reporting or other personal consumer reports,1,0.8015100005881751
2025-10-10,16515504,"Money transfer, virtual currency, or money service","Money transfer, virtual currency, or money service",1,0.5997662486877021
2025-09-17,15996893,Vehicle loan or lease,Vehicle loan or lease,1,0.590041939158712
2025-08-30,15623120,Credit card,Credit card,1,0.8982493532262911
2026-01-07,18548172,Checking or savings account,Checking or savings account,1,0.9068479112119988
2025-08-13,15249531,Credit reporting or other personal consumer reports,Credit reporting or other personal consumer reports,1,0.7628853723275674
2025-07-22,14795404,Checking or savings account,Checking or savings account,1,0.9607881310420822
2025-12-28,18324229,Checking or savings account,Checking or savings account,1,0.7066467511436452
2026-01-09,18607189,Checking or savings account,Checking or savings account,1,0.8273581502790094
2025-08-20,15409148,"Money transfer, virtual currency, or money service","Money transfer, virtual currency, or money service",1,0.7310929406533403
2025-07-16,14679886,Checking or savings account,Credit card,1,0.7429153367717799
2025-09-16,15963536,Debt collection,Debt collection,1,0.6048745965315613
2025-07-19,14758022,Credit card,Credit card,1,0.4788953734746793
2025-09-11,15867105,Credit reporting or other personal consumer reports,Credit card,1,0.7896448161467493
2025-08-15,15309164,Checking or savings account,Checking or savings account,1,0.6463007197892997
2025-10-15,16602194,Credit card,Credit card,1,0.8470963055886812
2026-01-21,18891897,Credit card,Checking or savings account,1,0.6396350389235498
2025-08-11,15210171,Credit card,Credit card,1,0.9391580668313857
2025-12-18,18144053,Credit card,Credit card,1,0.7300759286836641
2025-09-06,15768304,Checking or savings account,Checking or savings account,1,0.9218855412945001
2025-09-02,15678332,Checking or savings account,Checking or savings account,1,0.8306981029898607
2025-11-15,17273367,Credit card,Credit reporting or other personal consumer reports,1,0.9234326341761788
2025-11-18,17335550,Credit card,Credit card,1,0.8403183978933643
2025-08-18,15364656,Credit card,Credit card,1,0.9420178033017641
2025-12-08,17839162,Checking or savings account,Checking or savings account,1,0.7201085697728447
2025-07-31,14986089,Checking or savings account,Checking or savings account,1,0.9055133542362439
2025-11-19,17318005,Checking or savings account,Credit card,1,0.5516306948793531
2025-10-07,16422288,Credit card,Credit card,1,0.9082358458792669
2025-07-31,14997259,Credit card,Credit card,1,0.7576199241532406
2026-01-23,18954017,Checking or savings account,Checking or savings account,1,0.9284539888282229
2026-01-07,18538490,Checking or savings account,Checking or savings account,1,0.8565161017144142
2026-01-21,18882848,Checking or savings account,Checking or savings account,1,0.8110180837440936
2025-08-29,15605069,Mortgage,Mortgage,1,0.783108228541924
2025-07-01,14402898,Credit card,Credit card,1,0.7744841539216688
2026-01-23,18948820,Credit card,Credit card,1,0.9045788142064763
2025-11-07,17061789,Credit card,Checking or savings account,1,0.8725237443818928
2025-11-11,17171519,Checking or savings account,Checking or savings account,1,0.6598924002443352
2026-01-30,19122013,Credit card,Credit card,1,0.8984457998323415
2025-09-12,15914020,Checking or savings account,Checking or savings account,1,0.9175660269657918
2025-11-14,17249178,Debt collection,Credit reporting or other personal consumer reports,1,0.8395211792064033
2025-07-01,14403899,Checking or savings account,Checking or savings account,1,0.8815332923732565
2025-09-28,16232498,Checking or savings account,Checking or savings account,1,0.43507799471119774
2025-07-14,14649529,Credit card,Credit card,1,0.8255186686547432
2025-09-03,15691358,Credit card,Credit card,1,0.8848440216586536
2025-11-17,17299735,Checking or savings account,Checking or savings account,1,0.7703230890539893
2025-07-30,14971990,Credit card,Credit card,1,0.8499643808145382
2025-10-19,16680940,Checking or savings account,Checking or savings account,1,0.938313348262596
2025-07-20,14786024,Credit card,Credit card,1,0.441047475911381
2026-01-24,18975242,Credit card,Credit card,1,0.8028083798186564
2025-08-07,15155840,Checking or savings account,Checking or savings account,1,0.9875711863602924
2026-01-13,18694544,Debt collection,Credit reporting or other personal consumer reports,1,0.8055151082547479
2025-10-15,16607755,Vehicle loan or lease,Credit reporting or other personal consumer reports,1,0.3292774066679983
2025-08-15,15310816,Checking or savings account,Checking or savings account,1,0.9467584973044468
2025-08-29,15595442,Checking or savings account,Checking or savings account,1,0.9415390987134522
2025-09-06,15766403,Checking or savings account,Checking or savings account,1,0.8737028787388796
2025-11-20,17402334,"Money transfer, virtual currency, or money service",Checking or savings account,1,0.4715396663188576
2025-11-27,17919773,Checking or savings account,Checking or savings account,1,0.8236686542920983
2025-07-31,14996286,Vehicle loan or lease,Vehicle loan or lease,1,0.8393825675795444
2025-09-09,15789789,Credit reporting or other personal consumer reports,Credit reporting or other personal consumer reports,1,0.9369167686905272
2026-01-25,18987271,"Money transfer, virtual currency, or money service","Money transfer, virtual currency, or money service",1,0.6388010477861585
2025-10-27,16846964,Checking or savings account,Checking or savings account,1,0.9177351645560515
2025-10-03,16357209,"Money transfer, virtual currency, or money service",Checking or savings account,1,0.6039685670313076
2025-11-19,17362254,Credit card,Credit card,1,0.8866522087802725
2025-07-29,14958889,"Money transfer, virtual currency, or money service",Checking or savings account,1,0.9397025665547467
2025-08-07,15154626,Credit card,Credit card,1,0.7903851744678562
2025-12-16,18078488,Checking or savings account,"Money transfer, virtual currency, or money service",1,0.638928298206075
2025-09-24,16149276,Credit reporting or other personal consumer reports,Credit reporting or other personal consumer reports,1,0.8691899367779007
2025-09-29,16232307,Credit card,Credit card,1,0.7874852108113165
2025-08-19,15376310,Checking or savings account,Checking or savings account,1,0.648856125143805
2025-12-24,18277264,Checking or savings account,Checking or savings account,1,0.9332287099731237
2025-07-07,14489005,Checking or savings account,Checking or savings account,1,0.8527461309620717
2025-11-21,17848119,Checking or savings account,Checking or savings account,1,0.9205236488501943
2026-01-02,18429360,Checking or savings account,Mortgage,1,0.5982172459757925
2025-12-24,18271882,Credit reporting or other personal consumer reports,Credit reporting or other personal consumer reports,1,0.8811272318278173
2025-09-30,16271493,Checking or savings account,Checking or savings account,1,0.9462276585256264
2025-09-03,15707904,Checking or savings account,Checking or savings account,1,0.8649474544411923
2025-08-13,15268186,Vehicle loan or lease,Vehicle loan or lease,1,0.7269065166823481
2025-12-09,17860777,Vehicle loan or lease,Credit reporting or other personal consumer reports,1,0.7446687473889874
2025-11-20,17402368,Checking or savings account,Checking or savings account,1,0.4800428192535267
2025-07-01,14397552,Debt collection,Checking or savings account,1,0.3506469593873087
2025-11-13,17209462,Checking or savings account,Checking or savings account,1,0.791565120190842
2026-01-07,18524079,Checking or savings account,Checking or savings account,1,0.8661135092715901
2025-12-08,17834281,Credit reporting or other personal consumer reports,Credit reporting or other personal consumer reports,1,0.7645021892492716
2025-08-27,15556356,Checking or savings account,Checking or savings account,1,0.6084424880689148
2025-10-20,16697411,Credit card,Credit card,1,0.9374380668053158
2025-09-25,16176907,Credit reporting or other personal consumer reports,Credit reporting or other personal consumer reports,1,0.7998863433024223
2025-12-10,17907919,Credit card,Credit card,1,0.8112764173301462
2025-12-27,18311336,Checking or savings account,Checking or savings account,1,0.7794290590232271
2025-08-20,15412156,Checking or savings account,Credit reporting or other personal consumer reports,1,0.39631581688483086
2025-09-26,16198558,Credit card,Credit card,1,0.763655630179514
2025-11-05,17051912,Credit reporting or other personal consumer reports,Credit reporting or other personal consumer reports,1,0.9124258675504165
2025-09-03,15703185,"Money transfer, virtual currency, or money service",Checking or savings account,1,0.5276656026461345
2025-07-07,14484589,Checking or savings account,Checking or savings account,1,0.9103498411790895
2025-07-25,14876780,Checking or savings account,Checking or savings account,1,0.8980419153422222
2025-09-23,16125875,Credit card,Credit card,1,0.7997200350540022
2025-11-29,17955338,Credit card,Credit card,1,0.7824399617591816
2025-10-31,16953511,Credit card,Checking or savings account,1,0.7733007245146603
2025-08-20,15414281,Credit card,Credit card,1,0.6362984566495703
2025-12-09,17901641,Vehicle loan or lease,Vehicle loan or lease,1,0.6142032606874336
2025-12-16,18086334,Credit card,Credit card,1,0.8490601752056713
2025-11-12,17190745,Checking or savings account,Checking or savings account,1,0.9312255814997178
2025-09-08,15797797,Credit card,Credit card,1,0.8232400940708661
2025-07-01,14399306,Credit reporting or other personal consumer reports,Credit reporting or other personal consumer reports,1,0.8229972763201762
2025-12-22,18209371,Credit card,Credit card,1,0.6118247653648154
2025-07-11,14593742,Credit card,Credit card,1,0.6904416654410247
2025-07-08,14484071,Checking or savings account,Checking or savings account,1,0.8625656335270775
2025-09-04,15721246,Debt collection,Credit card,1,0.35586252778237554
2025-10-01,16289444,Credit card,Credit card,1,0.8399813396794059
2025-08-15,15316632,Credit reporting or other personal consumer reports,Credit reporting or other personal consumer reports,1,0.4433521804142447
2025-09-10,15852410,"Money transfer, virtual currency, or money service","Money transfer, virtual currency, or money service",1,0.5136574165393338
2025-08-22,15466493,Vehicle loan or lease,Vehicle loan or lease,1,0.5584486348053511
2025-07-24,14859624,Credit card,Credit card,1,0.7881987280956354
2025-08-03,15016117,Credit reporting or other personal consumer reports,Credit reporting or other personal consumer reports,1,0.8428903695435102
2026-01-09,18602483,Mortgage,Mortgage,1,0.6456686803355614
2025-07-17,14676637,Debt collection,Credit reporting or other personal consumer reports,1,0.3950547956398535
2025-09-02,15667064,Vehicle loan or lease,Vehicle loan or lease,1,0.7086768446767567
2025-12-30,18360942,"Money transfer, virtual currency, or money service",Checking or savings account,1,0.7740018973060584
2025-07-08,14493367,Credit card,Credit card,1,0.7404835858346824
2025-09-06,15768652,Credit card,Credit card,1,0.8732510088748059
2025-07-10,14575023,Credit card,Credit card,1,0.7788106322874659
2025-11-24,17830362,Debt collection,Credit card,1,0.4306105780904008
2026-01-12,18640148,Checking or savings account,Mortgage,1,0.43212568677364455
2025-12-08,17839851,Checking or savings account,Checking or savings account,1,0.9219418687725253
2025-08-28,15582954,Vehicle loan or lease,Vehicle loan or lease,1,0.6921990643586025
2025-08-06,15120851,Credit reporting or other personal consumer reports,Credit reporting or other personal consumer reports,1,0.8616202116008457
2025-09-17,15993481,Checking or savings account,Checking or savings account,1,0.9262470667996351
2025-10-29,16901420,Credit card,Credit reporting or other personal consumer reports,1,0.4848148496432279
2025-11-17,17303163,Debt collection,Credit reporting or other personal consumer reports,1,0.9074118401741388
2025-08-20,15409445,Checking or savings account,Checking or savings account,1,0.5850647116832471
2025-07-22,14806040,Checking or savings account,Checking or savings account,1,0.8001903208362174
2025-09-05,15758261,Credit card,Credit card,1,0.8158637306485083
2025-12-31,18397157,Credit card,Credit card,1,0.7300876944958256
2025-07-16,14679444,Credit card,Credit card,1,0.8281651348016354
2025-12-04,18145883,Credit card,Credit card,1,0.8730580873925381
2025-08-28,15581004,Checking or savings account,"Money transfer, virtual currency, or money service",1,0.6695035774779786
2025-08-20,15413090,Checking or savings account,Checking or savings account,1,0.4816370655773586
2026-01-25,18990745,Checking or savings account,Checking or savings account,1,0.48890612753145096
2025-08-20,15403268,Credit card,Credit card,1,0.6292238781756354
2025-12-22,18223041,Credit card,Credit card,1,0.8920532064645875
2026-01-12,18665877,Credit card,Checking or savings account,1,0.3064837063900736
2026-01-12,18655973,Credit card,Credit card,1,0.8713462724649518
2025-09-23,16077925,Checking or savings account,Checking or savings account,1,0.9256554614269813
2026-01-26,19012945,Credit card,Credit reporting or other personal consumer reports,1,0.8821437478794828
2025-12-16,18071354,Credit card,Checking or savings account,1,0.4744335845431824
2025-11-11,17136289,Credit card,Credit card,1,0.8912799854805965
2025-08-03,15016095,Credit card,Credit reporting or other personal consumer reports,1,0.6187615264285994
2026-01-28,19068606,Checking or savings account,Checking or savings account,1,0.8443686562104177
2025-11-28,17988497,Checking or savings account,Checking or savings account,1,0.7031478920349449
2025-07-01,14397251,Credit card,Credit card,1,0.8284036916531381
2025-12-26,18291149,Credit reporting or other personal consumer reports,Credit reporting or other personal consumer reports,1,0.5004054088603306
2025-12-16,18063554,Debt collection,Credit reporting or other personal consumer reports,1,0.9325507619632281
2025-12-28,18329137,"Money transfer, virtual currency, or money service",Checking or savings account,1,0.6305214941849732
2025-11-19,17357928,Credit card,Credit card,1,0.8644027997271854
2025-07-15,14667480,"Money transfer, virtual currency, or money service",Checking or savings account,1,0.8056647657873794
2025-10-19,16680422,Checking or savings account,Credit reporting or other personal consumer reports,1,0.6479844163314713
2025-12-22,18226451,Credit card,Credit card,1,0.6413563836000757
2025-07-11,14590200,Checking or savings account,Checking or savings account,1,0.5653330635390639
2025-12-08,17822600,"Money transfer, virtual currency, or money service",Checking or savings account,1,0.8153591690867721
2026-01-29,19116656,Checking or savings account,Checking or savings account,1,0.763863498224372
2025-11-01,16968680,Checking or savings account,Checking or savings account,1,0.8704663682506707
2025-09-11,15865617,Credit card,Checking or savings account,1,0.7491768294326859
2025-12-01,18052959,Mortgage,Mortgage,1,0.7590723014151362
2025-11-21,17896626,Checking or savings account,Checking or savings account,1,0.5674341219687778
2025-12-31,18394236,Credit card,Credit card,1,0.8812859946385042
2025-10-24,16800585,Credit card,Checking or savings account,1,0.378490101253587
2026-01-13,18692542,"Money transfer, virtual currency, or money service",Checking or savings account,1,0.6250509261499114
2025-07-31,15003351,Credit card,Credit card,1,0.8444199244947459
2026-01-22,18926871,Debt collection,Debt collection,1,0.5431791878037232
2025-11-20,17392428,Credit card,Credit card,1,0.717929973236341
2026-01-20,18875819,Credit card,Credit card,1,0.9022936065261676
2025-07-09,14559102,Checking or savings account,Checking or savings account,1,0.8878400188859729
2025-11-10,17141086,Credit card,Credit card,1,0.9013501172200978
2025-09-24,16154192,Checking or savings account,Checking or savings account,1,0.8036494502737184
2025-12-26,18294056,Credit reporting or other personal consumer reports,Credit reporting or other personal consumer reports,1,0.8262226429207903
2025-07-20,14787805,Credit card,Credit card,1,0.7215390571832211
2025-10-13,16544534,Credit reporting or other personal consumer reports,Credit reporting or other personal consumer reports,1,0.9351453461339889
2025-07-08,14533814,Checking or savings account,Checking or savings account,1,0.8107569178763181
2025-11-04,16979815,Checking or savings account,Checking or savings account,1,0.9339807269789179
2025-07-18,14732011,Credit card,Credit card,1,0.9126757238741888
2025-10-23,16786547,Credit card,Checking or savings account,1,0.8707391919835388
2025-09-12,15913987,"Money transfer, virtual currency, or money service","Money transfer, virtual currency, or money service",1,0.6569851944979986
2025-11-05,17047094,Checking or savings account,"Money transfer, virtual currency, or money service",1,0.5976549315197942
2025-08-19,15386396,"Money transfer, virtual currency, or money service",Checking or savings account,1,0.8767612583759082
2026-01-26,19016549,Checking or savings account,Checking or savings account,1,0.9055650723682328
2026-01-02,18433347,Checking or savings account,Checking or savings account,1,0.42738495469195764
2025-10-24,16807973,Credit reporting or other personal consumer reports,Credit reporting or other personal consumer reports,1,0.9156090657769705
2025-12-14,18027526,Checking or savings account,Checking or savings account,1,0.9510029714296396
2025-08-07,15151876,Checking or savings account,Checking or savings account,1,0.7211821079297517
2025-09-09,15828764,Checking or savings account,Checking or savings account,1,0.7847491047479025
2025-12-14,18029203,Credit card,Credit card,1,0.9155046520956963
2025-10-31,16946230,Checking or savings account,Checking or savings account,1,0.7694309281833386
2025-10-17,16656657,Checking or savings account,Checking or savings account,1,0.8541883573898076
2025-08-24,15472166,Checking or savings account,Credit reporting or other personal consumer reports,1,0.6366020661420214
2025-09-20,16120847,Credit reporting or other personal consumer reports,Credit reporting or other personal consumer reports,1,0.8167813821167603
2025-08-05,15098353,Credit card,Credit reporting or other personal consumer reports,1,0.8236724288694067
2025-12-08,17834695,Checking or savings account,Checking or savings account,1,0.7209589705064818
2025-08-12,15230526,Credit card,Credit card,1,0.8140598848086432
2025-12-24,18275247,Checking or savings account,Checking or savings account,1,0.9433018480680282
2025-08-22,15455085,Checking or savings account,Checking or savings account,1,0.6169028416649734
2025-09-11,15867096,Checking or savings account,Checking or savings account,1,0.914715841064759
2025-09-21,16113725,Checking or savings account,Credit card,1,0.6909538012394786
2025-09-17,15994360,Credit card,Checking or savings account,1,0.6797306678138716
2025-07-17,14722570,Credit card,Credit card,1,0.9347148329894465
2025-09-25,16140030,Checking or savings account,Checking or savings account,1,0.944850770572461
2025-11-19,17366483,Checking or savings account,Checking or savings account,1,0.8857934150980453
2025-11-07,17101150,Credit reporting or other personal consumer reports,Credit reporting or other personal consumer reports,1,0.630523425947705
2025-11-13,17207760,Checking or savings account,Checking or savings account,1,0.8926029786994656
2025-10-21,16723666,Credit card,Credit card,1,0.9426709907177351
2025-08-21,15428914,"Money transfer, virtual currency, or money service",Checking or savings account,1,0.6917527468346357
2025-12-15,18039519,Credit reporting or other personal consumer reports,Credit reporting or other personal consumer reports,1,0.6348682231348408
2025-08-31,15630983,Checking or savings account,Checking or savings account,1,0.7894479224611718
2025-12-18,18134253,Credit card,Credit card,1,0.9305365708489006
2025-10-16,16638120,Checking or savings account,Checking or savings account,1,0.7785212611065649
2025-07-08,14515067,"Money transfer, virtual currency, or money service","Money transfer, virtual currency, or money service",1,0.7821502336164694
2025-09-18,16018241,Checking or savings account,"Money transfer, virtual currency, or money service",1,0.49109516252343816
2025-12-28,18329999,Credit card,Credit card,1,0.9314346063913583
2025-09-16,15984149,Checking or savings account,Credit reporting or other personal consumer reports,1,0.5440217324883522
2025-10-31,16951527,Checking or savings account,Checking or savings account,1,0.9390671789316264
2025-12-04,18105151,Credit card,Credit card,1,0.9772732902618871
2026-01-29,19103685,Credit card,Credit card,1,0.9668779768101357
2025-08-09,15182903,Credit card,Credit card,1,0.6436651445336351
2025-09-15,15933538,Credit reporting or other personal consumer reports,Credit reporting or other personal consumer reports,1,0.9719360330841359
2025-11-16,17281679,Checking or savings account,Checking or savings account,1,0.7287822377192738
2025-07-08,14527661,Credit reporting or other personal consumer reports,Credit card,1,0.6733190460644228
2026-01-08,18576305,Debt collection,Credit reporting or other personal consumer reports,1,0.6758220014277047
2025-10-15,16583480,Checking or savings account,Checking or savings account,1,0.6296348936663821
2025-12-23,18245536,Checking or savings account,Checking or savings account,1,0.9627839353734639
2025-09-18,16034760,Credit card,Credit reporting or other personal consumer reports,1,0.9082775285970498
2025-09-24,16163178,Checking or savings account,Checking or savings account,1,0.9493169025324377
2026-01-06,18513781,Checking or savings account,Checking or savings account,1,0.9302353193659826
2025-10-08,16456692,Credit card,Credit reporting or other personal consumer reports,1,0.7608650058432843
2025-11-07,17093535,Checking or savings account,Checking or savings account,1,0.9350781120758587
2025-11-07,17097570,Checking or savings account,Checking or savings account,1,0.7983368922131325
2025-12-22,18212052,"Money transfer, virtual currency, or money service",Checking or savings account,1,0.914201333142728
2025-11-10,17122453,Credit card,Checking or savings account,1,0.5394602262914291
2026-01-22,18913501,Mortgage,Mortgage,1,0.76050513787519
2025-07-02,14411713,Checking or savings account,Credit reporting or other personal consumer reports,1,0.8350797129669904
2025-07-31,15003338,Vehicle loan or lease,Credit reporting or other personal consumer reports,1,0.5814146295899056
2025-07-18,14739797,Credit reporting or other personal consumer reports,Credit reporting or other personal consumer reports,1,0.7655406755944926
2025-11-01,16966159,Credit reporting or other personal consumer reports,Credit reporting or other personal consumer reports,1,0.8622842398913649
2025-10-30,16929437,Checking or savings account,Checking or savings account,1,0.8801772195274231
2025-07-31,15007859,Checking or savings account,Checking or savings account,1,0.8563222681553221
2025-07-23,14868034,Mortgage,Mortgage,1,0.5552465093363826
2025-11-17,17310954,Debt collection,Checking or savings account,1,0.4851539422088977
2025-10-09,16472130,Checking or savings account,Checking or savings account,1,0.7452596199930888
2026-01-24,18975641,Checking or savings account,Checking or savings account,1,0.8454406853392761
2025-07-06,14476355,Credit reporting or other personal consumer reports,Credit reporting or other personal consumer reports,1,0.8724070422895905
2026-01-29,19097357,"Money transfer, virtual currency, or money service","Money transfer, virtual currency, or money service",1,0.812794667712312
2026-01-07,18537595,Checking or savings account,Checking or savings account,1,0.78256409680888
2025-07-16,14685591,Debt collection,Debt collection,1,0.42844823793319
2025-09-30,16265577,Credit card,Credit card,1,0.9460488026278027
2025-10-27,16839414,Checking or savings account,Checking or savings account,1,0.9128922155255642
2025-11-16,17285883,Checking or savings account,Checking or savings account,1,0.7613493640102719
2025-12-22,18233550,Checking or savings account,Checking or savings account,1,0.9687551404842291
2026-01-06,18491969,Checking or savings account,"Money transfer, virtual currency, or money service",1,0.7016504090068433
2025-09-21,16115795,Checking or savings account,Mortgage,1,0.43026130789052125
2025-11-06,17082118,Checking or savings account,Checking or savings account,1,0.605051333623325
2026-01-21,18893736,Credit card,Credit card,1,0.9134587867105984
2025-10-16,16586387,Credit card,Credit card,1,0.9236695537706708
2025-09-17,15972233,Credit card,Credit reporting or other personal consumer reports,1,0.8947632336712695
2025-07-09,14560644,Checking or savings account,Checking or savings account,1,0.9062193662792343
2025-12-14,18027243,Credit card,Credit card,1,0.856181447855409
2025-08-18,15365867,Credit card,Credit card,1,0.7028005531278066
2025-07-07,14488902,Credit card,Credit card,1,0.9315265385377041
2026-01-20,18874290,Credit card,Credit card,1,0.8085113274479498
2026-01-21,18897579,Checking or savings account,Credit reporting or other personal consumer reports,1,0.6076119522101938
2026-01-12,18662758,Checking or savings account,Checking or savings account,1,0.9102398687467823
2025-11-12,17206422,Credit card,Credit card,1,0.8832285173662057
2025-12-16,18086357,Credit card,Credit card,1,0.8203511458247065
2025-09-20,16121766,Credit card,Credit card,1,0.9194406308675189
2026-01-15,18734941,Credit card,Checking or savings account,1,0.503672201872852
2026-01-21,18880997,Checking or savings account,Checking or savings account,1,0.8439515123736961
2025-12-18,18146317,"Money transfer, virtual currency, or money service","Money transfer, virtual currency, or money service",1,0.8925186435009066
2025-08-07,15151057,Checking or savings account,Checking or savings account,1,0.7950069436870463
2025-07-08,14535012,Checking or savings account,"Money transfer, virtual currency, or money service",1,0.6493252806317874
2025-11-07,17107331,Credit card,Credit card,1,0.5368804068452313
2025-11-05,17038701,Checking or savings account,Checking or savings account,1,0.7382838312540873
2025-11-15,17245766,Credit card,Credit card,1,0.9201506601438284
2025-07-09,14541698,"Money transfer, virtual currency, or money service",Checking or savings account,1,0.4370928177601243
2026-01-06,18489216,Checking or savings account,Checking or savings account,1,0.757636758739705
2026-01-20,18869802,Checking or savings account,Checking or savings account,1,0.8490050962378862
2025-07-20,14789970,Checking or savings account,Checking or savings account,1,0.7736001276095447
2025-11-22,17407227,Checking or savings account,"Money transfer, virtual currency, or money service",1,0.4946350251830453
2025-07-15,14674354,Checking or savings account,Checking or savings account,1,0.922166228469337
2025-07-09,14539758,Credit card,Checking or savings account,1,0.6964485556613044
2025-08-29,15602987,Credit card,Credit card,1,0.746338506981857
2025-11-26,17874318,Credit card,Credit reporting or other personal consumer reports,1,0.8623328290359312
2026-01-08,18566298,Credit card,Credit card,1,0.9736773344546168
2025-11-17,17296432,Checking or savings account,Checking or savings account,1,0.900972032613648
2025-07-11,14598545,Credit reporting or other personal consumer reports,Credit reporting or other personal consumer reports,1,0.8998128265861256
2025-07-24,14863277,"Money transfer, virtual currency, or money service","Money transfer, virtual currency, or money service",1,0.39971477684858875
2026-01-03,18447069,Checking or savings account,Checking or savings account,1,0.9169312442814755
2026-01-30,19137020,Credit card,Credit card,1,0.8318760614260136
2025-08-22,15457908,Credit card,Credit card,1,0.5433829253609533
2025-07-08,14525783,"Money transfer, virtual currency, or money service","Money transfer, virtual currency, or money service",1,0.8336152962558853
2026-01-13,18679047,"Money transfer, virtual currency, or money service",Checking or savings account,1,0.9480454132854793
2025-07-23,14830574,Checking or savings account,"Money transfer, virtual currency, or money service",1,0.38457823114904954
2025-11-19,17363777,Credit card,Credit card,1,0.5182379339550641
2025-11-25,17918164,Checking or savings account,Checking or savings account,1,0.8047324526750205
2026-01-07,18536388,Credit card,Credit card,1,0.8996505390559726
2025-07-31,14995249,Credit card,Credit card,1,0.4366073937940747
2025-09-21,16113923,Checking or savings account,Checking or savings account,1,0.563498919621873
2026-01-01,18399784,Checking or savings account,Checking or savings account,1,0.850109064317977
2025-10-17,16664453,Credit card,Credit card,1,0.9069991624318167
2026-01-21,18878387,Credit card,Credit card,1,0.5040583554271861
2025-08-29,15605676,Checking or savings account,Credit card,1,0.4057947880214455
2025-09-04,15712326,Checking or savings account,Checking or savings account,1,0.7915185166278658
2025-07-09,14543802,Checking or savings account,Checking or savings account,1,0.9338808015736627
2026-01-28,19072981,Credit card,Credit card,1,0.8312202748017675
2026-01-25,18990802,Credit card,Credit card,1,0.9129207749704928
2025-07-04,14465361,Checking or savings account,Checking or savings account,1,0.701110855983015
2025-08-18,15355883,Checking or savings account,Checking or savings account,1,0.939576091984199
2025-12-16,18083525,Credit reporting or other personal consumer reports,Credit reporting or other personal consumer reports,1,0.9223838499951077
2025-08-21,15397002,"Money transfer, virtual currency, or money service",Checking or savings account,1,0.5816227213595639
2026-01-30,19133339,Checking or savings account,Checking or savings account,1,0.9026615233361309
2026-01-07,18540278,Checking or savings account,Checking or savings account,1,0.7723521754946208
2025-09-13,15892881,Credit card,Credit card,1,0.9087627628414164
2025-07-09,14551441,Checking or savings account,Checking or savings account,1,0.9643855371404634
2025-07-25,14883838,Checking or savings account,"Money transfer, virtual currency, or money service",1,0.3581780978098587
2026-01-25,18987010,Checking or savings account,Checking or savings account,1,0.575191543600294
2025-07-14,14650264,Credit reporting or other personal consumer reports,Credit reporting or other personal consumer reports,1,0.8563721469901449
2025-07-18,14729967,Credit card,Credit card,1,0.6705697205790545
2025-10-28,16862923,Checking or savings account,Checking or savings account,1,0.6510947863222624
2025-08-06,15117819,Credit card,Credit card,1,0.9561948872415625
2025-09-24,16157523,Checking or savings account,Credit card,1,0.7057036568953515
2025-08-27,15556869,Credit card,Credit card,1,0.6942800531881667
2025-11-28,17955277,Credit card,Checking or savings account,1,0.5373336097862221
2025-08-29,15568372,Checking or savings account,Checking or savings account,1,0.7185479439240435
2025-10-08,16432130,Credit card,Credit reporting or other personal consumer reports,1,0.7896326666943038
2025-09-23,16133411,Checking or savings account,Checking or savings account,1,0.6448975692860679
2026-01-07,18541999,Credit card,Credit card,1,0.9529336043199548
2025-08-22,15455431,Credit card,Debt collection,1,0.6479998876130504
2025-08-19,15376715,Vehicle loan or lease,Credit card,1,0.5868979357292768
2025-07-09,14542971,Checking or savings account,Checking or savings account,1,0.7894028401514954
2025-07-31,14999710,Checking or savings account,Checking or savings account,1,0.6515203399566719
2026-01-05,18468930,"Money transfer, virtual currency, or money service","Money transfer, virtual currency, or money service",1,0.6984314152435852
2025-08-19,15358754,Checking or savings account,Checking or savings account,1,0.812678135433976
2025-12-01,18052261,Credit reporting or other personal consumer reports,Credit reporting or other personal consumer reports,1,0.9613953837577588
2025-11-13,17874292,Credit card,Credit card,1,0.5603970345238338
2025-07-23,14841395,Checking or savings account,Checking or savings account,1,0.8024962978919984
2025-10-23,16742056,Checking or savings account,Checking or savings account,1,0.9385997198831006
2025-11-13,17210603,Mortgage,Mortgage,1,0.7401497027252537
2025-09-04,15717149,Debt collection,Debt collection,1,0.8571921480526021
2025-11-03,16981972,Checking or savings account,Checking or savings account,1,0.8648310183186881
2025-11-19,17360318,Checking or savings account,Checking or savings account,1,0.927905702081801
2025-08-06,15119998,Checking or savings account,Checking or savings account,1,0.9630998643150969
2025-07-07,14475927,Vehicle loan or lease,Vehicle loan or lease,1,0.42749558958549194
2025-11-18,17323753,Credit card,Credit card,1,0.9626861988160368
2025-09-14,15928898,Credit card,Credit card,1,0.675446321272569
2025-08-14,15293102,Credit card,Credit card,1,0.7949964631336076
2026-01-27,19024270,Checking or savings account,Checking or savings account,1,0.8776081774901564
2025-11-19,17368073,"Money transfer, virtual currency, or money service","Money transfer, virtual currency, or money service",1,0.604947900462113
2026-01-06,18494131,Credit card,Credit card,1,0.8803228654176928
2025-09-25,16169294,Checking or savings account,Credit card,1,0.7070441734651688
2026-01-21,18906415,Checking or savings account,Checking or savings account,1,0.7515491050974147
2026-01-13,18687031,Credit card,Checking or savings account,1,0.9548116049376988
2025-11-11,17170898,Checking or savings account,Checking or savings account,1,0.4571789498168739
2025-10-01,16307541,Credit card,Credit card,1,0.8594369390922042
2025-12-24,18265963,Credit card,Credit card,1,0.4642579773845346
2025-08-05,15091991,Credit card,Credit card,1,0.905040887731746
2026-01-03,18443487,Credit card,Credit card,1,0.8789237112713155
2025-11-08,17119407,"Money transfer, virtual currency, or money service","Money transfer, virtual currency, or money service",1,0.7242452221387552
2025-08-01,15032568,Checking or savings account,Checking or savings account,1,0.7857462860994916
2025-08-11,15207692,Credit card,Credit card,1,0.6327993113010942
2025-07-30,14974511,Credit reporting or other personal consumer reports,Credit reporting or other personal consumer reports,1,0.8296958890680305
2025-08-12,15226206,Checking or savings account,Checking or savings account,1,0.6218150652875427
2025-07-07,14488699,Credit card,Credit card,1,0.9368529082248278
2025-08-06,15117002,Checking or savings account,Checking or savings account,1,0.8756881685683618
2025-09-23,16076170,Checking or savings account,Checking or savings account,1,0.912543591855257
2025-08-13,15268005,Checking or savings account,Checking or savings account,1,0.9452254177352787
2025-08-12,15232573,Mortgage,Credit card,1,0.6748625305757981
2025-07-19,14753494,Checking or savings account,Checking or savings account,1,0.9413351021836797
2025-09-07,15779008,Mortgage,Mortgage,1,0.40308316641912806
2025-07-30,14983252,Checking or savings account,Checking or savings account,1,0.6001473372197657
2025-09-26,16206957,"Money transfer, virtual currency, or money service","Money transfer, virtual currency, or money service",1,0.6646103673332066
2025-07-11,14598558,"Money transfer, virtual currency, or money service","Money transfer, virtual currency, or money service",1,0.5264946444107406
2026-01-13,18683500,Checking or savings account,Checking or savings account,1,0.9268111769425361
2025-10-24,16810216,Checking or savings account,Checking or savings account,1,0.630874931100453
2025-11-21,17433123,Checking or savings account,Credit card,1,0.6320393640288625
2025-08-14,15291800,Checking or savings account,Checking or savings account,1,0.9099267171273482
2025-12-31,18396271,Mortgage,Mortgage,1,0.6525407854708951
2025-12-25,18279062,Credit card,Credit card,1,0.7428288721358758
2025-08-05,15090427,Debt collection,Credit reporting or other personal consumer reports,1,0.7885558154458385
2025-07-19,14754290,Checking or savings account,Checking or savings account,1,0.7441456550427775
2025-09-09,15819420,Checking or savings account,Checking or savings account,1,0.34763825680931465
2025-11-25,17888535,Checking or savings account,Checking or savings account,1,0.9670411214483686
2025-09-12,15893612,Checking or savings account,Checking or savings account,1,0.9390847068095516
2025-12-09,17899456,"Money transfer, virtual currency, or money service",Checking or savings account,1,0.7693215072560585
2025-08-12,15239880,Checking or savings account,Checking or savings account,1,0.9486602789574344
2025-11-21,17903527,Mortgage,Mortgage,1,0.3767099080693063
2026-01-22,18939554,Credit card,Credit card,1,0.45380045740943215
2025-11-14,17253579,Credit reporting or other personal consumer reports,Credit reporting or other personal consumer reports,1,0.5789670088795837
2025-10-02,16321051,Checking or savings account,Credit card,1,0.4823953341830092
2025-11-06,17067418,Credit card,Credit card,1,0.6067074540087193
2025-12-02,17942917,Credit card,Credit card,1,0.8663341641696535
2025-11-20,17404828,Checking or savings account,Checking or savings account,1,0.8990918901301966
2025-09-30,16236135,Checking or savings account,Checking or savings account,1,0.8473458903286105
2025-09-23,16099413,Credit reporting or other personal consumer reports,Debt collection,1,0.4948030131087777
2025-10-15,16597503,"Money transfer, virtual currency, or money service",Checking or savings account,1,0.6188631844843875
2025-09-14,15930379,Debt collection,Credit reporting or other personal consumer reports,1,0.8293402564313782
2025-10-13,16555374,Checking or savings account,Checking or savings account,1,0.9360970755063875
2025-10-27,16840033,"Money transfer, virtual currency, or money service","Money transfer, virtual currency, or money service",1,0.725154855894021
2025-12-27,18321803,Credit card,Credit card,1,0.822869420830013
2026-01-29,19101269,Credit card,Credit card,1,0.9055572471738875
2025-10-07,16426674,Checking or savings account,Checking or savings account,1,0.884862728408547
2025-09-07,15776146,Checking or savings account,Checking or savings account,1,0.9382505597529027
2025-12-30,18377280,Checking or savings account,Checking or savings account,1,0.8742336155947569
2025-11-20,17389393,Credit card,Credit card,1,0.5530494946973171
2025-07-27,14909778,Credit card,Credit card,1,0.7971137614436267
2025-09-29,16237616,Checking or savings account,Checking or savings account,1,0.7431316168993284
2025-07-31,15008719,Credit reporting or other personal consumer reports,Credit reporting or other personal consumer reports,1,0.9396997919741671
2025-09-21,16112381,Credit card,Credit card,1,0.9038713643861063
2026-01-14,18725422,Mortgage,Mortgage,1,0.7525129612245999
2025-09-28,16228781,Checking or savings account,Checking or savings account,1,0.5035029093413467
2025-09-12,15914773,Credit card,Credit card,1,0.8926666577353976
2025-07-25,14874561,"Money transfer, virtual currency, or money service","Money transfer, virtual currency, or money service",1,0.7108029211865848
2025-07-08,14514877,Checking or savings account,Checking or savings account,1,0.9342727924320195
2025-08-20,15405284,Checking or savings account,Checking or savings account,1,0.841983330734205
2025-07-17,14714674,Checking or savings account,Checking or savings account,1,0.9223312000079043
2025-09-03,15690221,Checking or savings account,Checking or savings account,1,0.8031907966586519
2025-10-13,16551513,Credit card,Credit card,1,0.9297429757449374
2025-07-02,14408155,Checking or savings account,Checking or savings account,1,0.9133348381776679
2025-07-12,14614735,Checking or savings account,Checking or savings account,1,0.769850038412676
2025-07-29,14917872,"Money transfer, virtual currency, or money service","Money transfer, virtual currency, or money service",1,0.6304494651028348
2025-12-21,18207871,Checking or savings account,Checking or savings account,1,0.8439586187515911
2025-09-28,16217142,Checking or savings account,Credit card,1,0.7245261570211818
2026-01-02,18426973,"Money transfer, virtual currency, or money service",Checking or savings account,1,0.5791934706982341
2025-10-02,16321469,Credit card,Credit card,1,0.616828022152174
2025-09-04,15719609,Credit card,Credit card,1,0.7408295572726327
2025-11-12,17186622,Checking or savings account,Checking or savings account,1,0.9086507558976061
2025-07-25,14875339,Credit card,Credit card,1,0.4791271151098546
2025-10-21,16720330,Credit reporting or other personal consumer reports,Vehicle loan or lease,1,0.482240223124035
2025-11-07,17086247,Credit card,Credit card,1,0.5254470195274004
2025-08-13,15255988,Credit reporting or other personal consumer reports,Credit reporting or other personal consumer reports,1,0.7452218393991646
2025-07-29,14957760,Checking or savings account,Checking or savings account,1,0.541519199429761
2025-08-04,15051127,Checking or savings account,Checking or savings account,1,0.9167712727876834
2025-11-10,17135877,Credit card,Credit card,1,0.8750395788667485
2025-09-30,16273285,Checking or savings account,Checking or savings account,1,0.8885627506477491
2025-11-20,17797902,Checking or savings account,Checking or savings account,1,0.8838472973350484
2025-12-03,18109219,Checking or savings account,Checking or savings account,1,0.8299405850216534
2025-11-07,17099109,Checking or savings account,Checking or savings account,1,0.847048157572227
2025-12-08,17852030,Checking or savings account,Checking or savings account,1,0.8963687841312931
2025-07-09,14557488,Credit card,Credit card,1,0.6025282909043426
2025-08-25,15495983,Checking or savings account,Checking or savings account,1,0.8330497432262446
2025-08-23,15481843,Checking or savings account,Checking or savings account,1,0.6831265512816151
2025-11-17,17294974,Checking or savings account,Checking or savings account,1,0.9709411372745368
2026-01-09,18612665,Mortgage,Mortgage,1,0.8376777938787408
2025-08-23,15478575,"Money transfer, virtual currency, or money service",Checking or savings account,1,0.9253814543608736
2025-09-16,15960917,Debt collection,Debt collection,1,0.3702731465689784
2025-07-17,14718345,Credit card,Credit card,1,0.7624873974747964
2025-08-07,15142838,Credit card,Credit card,1,0.8410538548177122
2025-11-07,17101612,Checking or savings account,Checking or savings account,1,0.9428872061232904
2025-12-15,18039263,Checking or savings account,Checking or savings account,1,0.5326909436951279
2025-11-18,17332157,Checking or savings account,Checking or savings account,1,0.8364476961174185
2025-07-16,14683100,Credit reporting or other personal consumer reports,Credit reporting or other personal consumer reports,1,0.8796520500567245
2025-11-26,17922223,Debt collection,Debt collection,1,0.7516291248901261
2025-08-05,15093881,Checking or savings account,Checking or savings account,1,0.8567428722591837
2025-09-18,16011373,Credit card,Credit card,1,0.40460428254655384
2025-09-04,15721483,Credit reporting or other personal consumer reports,Credit reporting or other personal consumer reports,1,0.7909782729643182
2025-08-14,15290372,Credit card,Credit card,1,0.930454443464085
2025-08-24,15509246,Credit card,Credit card,1,0.44745255682386814
2026-01-09,18587374,Checking or savings account,Checking or savings account,1,0.9656031135935431
2025-07-22,14797295,Credit card,Credit card,1,0.9136580750675479
2025-08-21,15436592,Checking or savings account,Checking or savings account,1,0.41239144912600906
2025-08-29,15595567,Checking or savings account,Checking or savings account,1,0.901434281460066
2025-07-15,14656398,Credit reporting or other personal consumer reports,Checking or savings account,1,0.8223203680014796
2026-01-05,18461315,Credit card,Debt collection,1,0.3360227897184962
2025-10-22,16714989,Credit card,Credit card,1,0.8369471805786697
2025-10-13,16543255,Credit card,Credit card,1,0.9225917688839617
2025-11-14,17248591,Credit card,Credit card,1,0.9281345193637573
2025-07-24,14856828,Credit reporting or other personal consumer reports,Credit reporting or other personal consumer reports,1,0.8773068638753437
2025-10-14,16577314,Checking or savings account,Checking or savings account,1,0.7098231193265162
2025-09-30,16267126,Checking or savings account,Credit card,1,0.6173133697518209
2025-08-13,15267990,Checking or savings account,Checking or savings account,1,0.8872310992829986
2025-09-14,15925319,"Money transfer, virtual currency, or money service","Money transfer, virtual currency, or money service",1,0.5813533675490512
2025-09-24,16153109,Checking or savings account,Credit card,1,0.6501940023281425
2025-12-30,18385174,Checking or savings account,Checking or savings account,1,0.8731242848390433
2025-08-07,15149860,Credit card,Checking or savings account,1,0.5804256477324318
2026-01-13,18672807,Credit card,Credit card,1,0.8957551615592608
2026-01-29,19100064,Checking or savings account,Checking or savings account,1,0.9585422956187458
2025-12-28,18324364,Checking or savings account,Checking or savings account,1,0.7186242168288146
2025-10-14,16569918,Checking or savings account,Checking or savings account,1,0.878723715988829
2025-10-17,16620787,Checking or savings account,Checking or savings account,1,0.9518389501952133
2025-12-09,17868137,Credit card,Credit card,1,0.8723800477755939
2025-09-10,15844250,Credit card,Credit card,1,0.8219697237401626
2025-07-25,14878563,Checking or savings account,Checking or savings account,1,0.9697951004294985
2025-07-14,14632019,Checking or savings account,Checking or savings account,1,0.6461326224472757
2026-01-18,18815974,Checking or savings account,Credit card,1,0.719596835273438
2025-08-17,15339037,Credit card,Credit card,1,0.7435861040153716
2025-10-10,16465916,Checking or savings account,Checking or savings account,1,0.8808527685988518
2025-09-23,16076890,Credit reporting or other personal consumer reports,Credit card,1,0.4964640628306491
2025-08-25,15507111,"Money transfer, virtual currency, or money service",Checking or savings account,1,0.6531071645678806
2025-11-26,17893160,Mortgage,Mortgage,1,0.8232306374876784
2025-07-19,14753299,Credit card,Credit card,1,0.9067274055608157
2025-11-04,17018576,Credit card,Credit card,1,0.5509050983191293
2025-10-14,16562366,Credit reporting or other personal consumer reports,Credit reporting or other personal consumer reports,1,0.6984177463867304
2025-07-21,14771408,Checking or savings account,Checking or savings account,1,0.9333243396237684
2025-11-29,17917981,Credit card,Credit card,1,0.7120743793304042
2025-07-14,14650626,Checking or savings account,Checking or savings account,1,0.9267628065925141
2025-12-29,18337326,Checking or savings account,Credit card,1,0.4890917501773311
2025-11-26,17943280,Checking or savings account,Checking or savings account,1,0.9574793897862559
2025-12-14,18029286,Debt collection,Credit reporting or other personal consumer reports,1,0.7816857203013865
2025-07-09,14549689,Checking or savings account,Checking or savings account,1,0.9424154078813106
2025-10-31,16941907,Checking or savings account,Checking or savings account,1,0.7984650633959561
2025-08-28,15588767,Debt collection,Debt collection,1,0.47234210419944817
2025-07-26,14904307,Credit card,Credit card,1,0.9155744859874851
2025-09-14,15931779,Credit reporting or other personal consumer reports,Credit reporting or other personal consumer reports,1,0.7284586910504874
2025-07-02,14416526,Checking or savings account,"Money transfer, virtual currency, or money service",1,0.8230125133490279
2025-07-16,14678793,Credit reporting or other personal consumer reports,Credit reporting or other personal consumer reports,1,0.913713526594717
2026-01-06,18507230,Checking or savings account,Checking or savings account,1,0.7578934937488778
2025-12-04,18146298,Checking or savings account,Credit reporting or other personal consumer reports,1,0.6927474375557768
2025-08-25,15499355,Checking or savings account,Checking or savings account,1,0.6808092156064567
2025-10-22,16715922,Credit card,Credit card,1,0.9558222563079073
2025-10-24,16811535,Checking or savings account,Checking or savings account,1,0.9293806918871207
2025-08-13,15259320,Credit card,Credit card,1,0.8102398629174704
2025-11-04,17011057,Credit card,Credit card,1,0.777322455306353
2025-07-13,14620720,Checking or savings account,Checking or savings account,1,0.7783513020261337
2025-12-23,18245620,Checking or savings account,Checking or savings account,1,0.7640736863676917
2025-09-22,16069516,"Money transfer, virtual currency, or money service",Checking or savings account,1,0.9349315993479559
2026-01-06,18491319,Credit card,Credit card,1,0.6034978110158019
2025-09-09,15815005,Debt collection,Checking or savings account,1,0.9147916371798637
2026-01-29,19114240,Credit card,Credit card,1,0.6591234234433854
2026-01-13,18694980,Credit card,Credit card,1,0.8412259910555177
2025-09-12,15915350,Credit card,Credit card,1,0.838235807673188
2025-11-06,17031215,Credit reporting or other personal consumer reports,Credit reporting or other personal consumer reports,1,0.811518173702579
2025-08-08,15174051,Credit reporting or other personal consumer reports,Credit reporting or other personal consumer reports,1,0.8648714641271417
2025-11-25,17879426,"Money transfer, virtual currency, or money service","Money transfer, virtual currency, or money service",1,0.926395101310399
2025-10-28,16876846,Checking or savings account,Checking or savings account,1,0.9407285315394703
2025-12-31,18391901,Checking or savings account,Checking or savings account,1,0.6901948141046045
2025-11-06,17075857,Credit card,Credit card,1,0.923220267328977
2025-08-26,15488300,Credit card,Credit card,1,0.7388305173936707
2026-01-26,19011612,Vehicle loan or lease,Vehicle loan or lease,1,0.6909296794451141
2025-08-27,15553844,Credit card,Credit card,1,0.7979117752594949
2025-11-21,17413631,Credit card,Credit card,1,0.7845165985246286
2025-09-10,15836563,Credit card,Credit card,1,0.9447596101635035
2025-11-19,17366405,"Money transfer, virtual currency, or money service",Checking or savings account,1,0.8183525623672762
2025-11-15,17244007,Credit card,Debt collection,1,0.7194403714598249
2025-08-02,15028902,Credit card,Credit card,1,0.705665888831739
2025-11-25,17927649,Mortgage,Mortgage,1,0.4436338791282597
2025-12-23,18236616,Checking or savings account,Checking or savings account,1,0.9569179661915176
2025-10-21,16736005,Checking or savings account,Checking or savings account,1,0.525905059542969
2025-07-29,14956217,Credit card,Credit reporting or other personal consumer reports,1,0.826203781742025
2026-01-27,19044005,Checking or savings account,Checking or savings account,1,0.9333806931989592
2025-12-27,18311247,"Money transfer, virtual currency, or money service",Checking or savings account,1,0.7326997047184521
2026-01-14,18726419,Checking or savings account,"Money transfer, virtual currency, or money service",1,0.6614022626032003
2025-11-07,17095939,Credit card,Credit card,1,0.6318492360238112
2025-07-26,14889086,Credit card,Credit card,1,0.9105260024494969
2025-08-18,15354110,Credit card,Credit card,1,0.8830780443632079
2025-11-16,17870888,Credit card,Credit card,1,0.911054145949071
2025-09-16,15959374,Credit card,Credit card,1,0.9153685309361195
2025-10-02,16324713,Debt collection,Debt collection,1,0.7643522048390493
2025-07-07,14489111,Checking or savings account,Checking or savings account,1,0.9584006883300337
2025-08-22,15456061,Checking or savings account,Checking or savings account,1,0.8624097913919817
2025-10-06,16400078,Checking or savings account,Checking or savings account,1,0.8807627551265694
2026-01-28,19086724,Checking or savings account,Checking or savings account,1,0.6677042306309723
2025-11-17,17303146,Checking or savings account,Checking or savings account,1,0.8607943097470309
2026-01-09,18612666,Checking or savings account,Checking or savings account,1,0.4878680549952968
2026-01-07,18521690,Credit card,Credit card,1,0.7841976742395363
2025-11-12,17157173,Checking or savings account,Checking or savings account,1,0.9489834769749986
2025-07-14,14648881,Credit card,Credit card,1,0.81100840785947
2025-09-06,15754927,Checking or savings account,Checking or savings account,1,0.8976545181867485
2025-08-09,15187291,Checking or savings account,Checking or savings account,1,0.870745072762792
2026-01-26,19013833,Credit card,Credit card,1,0.9227306702611257
2025-07-20,14786862,Checking or savings account,Checking or savings account,1,0.8823037425296105
2025-11-18,17331145,Credit card,Credit card,1,0.7425923289397208
2026-01-27,19049860,Credit card,Checking or savings account,1,0.7055068248367018
2025-09-30,16282651,Credit card,Credit card,1,0.9073198132484888
2025-10-29,16899805,Credit reporting or other personal consumer reports,Credit reporting or other personal consumer reports,1,0.8902298026985803
2025-08-27,15552457,Credit card,Credit card,1,0.9477096565666732
2025-08-24,15509397,Checking or savings account,Checking or savings account,1,0.8985814393442136
2025-08-14,15289376,"Money transfer, virtual currency, or money service",Checking or savings account,1,0.5924946415377567
2025-11-07,17093924,Credit reporting or other personal consumer reports,Credit reporting or other personal consumer reports,1,0.8480966930690653
2025-11-21,17402069,Credit card,Credit card,1,0.8201685699529984
2025-11-29,17953597,Credit card,Credit card,1,0.8744814630595465
2025-09-04,15723592,Checking or savings account,Checking or savings account,1,0.9014522637619306
2025-09-30,16236169,Checking or savings account,Checking or savings account,1,0.8475787545339779
2025-07-30,14938867,Credit card,Credit card,1,0.9334736302803129
2026-01-26,19013352,Checking or savings account,Checking or savings account,1,0.905923553295345
2025-11-13,17225696,Checking or savings account,Checking or savings account,1,0.7194281296661197
2025-07-25,14878712,Checking or savings account,Checking or savings account,1,0.7796917317623592
2025-09-26,16200778,Checking or savings account,Checking or savings account,1,0.8929615330347813
2025-12-16,18065912,Checking or savings account,Checking or savings account,1,0.5084657084074399
2025-11-14,17253440,Checking or savings account,Checking or savings account,1,0.9335977563897275
2025-12-23,18259228,Checking or savings account,Checking or savings account,1,0.7540165793246989
2025-10-02,16319971,Checking or savings account,Checking or savings account,1,0.4673321448754546
2025-11-06,17084122,Checking or savings account,Checking or savings account,1,0.8683149070058475
2025-07-07,14505522,Credit card,Credit card,1,0.8540971551263851
2026-01-26,18997595,Checking or savings account,Checking or savings account,1,0.5617355573681172
2026-01-19,18830165,Debt collection,Credit reporting or other personal consumer reports,1,0.5943253148589523
2025-08-08,15174879,Checking or savings account,Checking or savings account,1,0.938871158635782
2025-08-28,15582401,Checking or savings account,Checking or savings account,1,0.9329396888852043
2026-01-24,18978416,Vehicle loan or lease,Credit reporting or other personal consumer reports,1,0.2885630404391298
2025-08-14,15253389,Checking or savings account,Checking or savings account,1,0.8642921033151446
2026-01-03,18439561,Credit card,Credit card,1,0.6465655766268613
2025-12-15,18053224,Credit card,Credit card,1,0.8679422215256624
2026-01-29,19114734,Credit card,Credit card,1,0.8786053773673322
2025-11-17,17309183,Checking or savings account,Checking or savings account,1,0.8926001444336674
2025-10-03,16361204,Checking or savings account,Checking or savings account,1,0.8666140080905141
2026-01-09,18612096,"Money transfer, virtual currency, or money service","Money transfer, virtual currency, or money service",1,0.9151523028896529
2025-10-01,16292214,Credit card,Checking or savings account,1,0.5470919004773024
2025-11-18,17291814,Credit reporting or other personal consumer reports,"Money transfer, virtual currency, or money service",1,0.276110437005841
2025-12-16,18090648,Credit reporting or other personal consumer reports,Credit reporting or other personal consumer reports,1,0.8595219186647404
2025-10-29,16910854,Checking or savings account,Checking or savings account,1,0.8819161198062689
2026-01-04,18449785,Credit card,Credit card,1,0.9231066110844269
2025-12-16,18060074,Checking or savings account,Credit card,1,0.6239397841004223
2025-12-29,18349293,"Money transfer, virtual currency, or money service","Money transfer, virtual currency, or money service",1,0.427005379369054
2025-07-06,14476006,"Money transfer, virtual currency, or money service",Checking or savings account,1,0.8691789410505785
2026-01-30,19123599,Mortgage,Mortgage,1,0.7639831916042287
2025-08-10,15196716,Credit card,Credit card,1,0.940119907725684
2025-11-07,17099303,Credit card,Credit card,1,0.9308443158516351
2025-11-22,17449755,Checking or savings account,Checking or savings account,1,0.9091281586395631
2025-09-28,16230297,Checking or savings account,Checking or savings account,1,0.5263577076053904
2026-01-29,19112107,Checking or savings account,Checking or savings account,1,0.8848918689557377
2025-12-15,18047110,Credit card,Credit reporting or other personal consumer reports,1,0.4857325255126948
2025-11-17,17294739,Checking or savings account,Checking or savings account,1,0.8873317230793064
2025-08-20,15418927,Checking or savings account,Checking or savings account,1,0.9466286892839045
2025-08-12,15224351,Checking or savings account,Checking or savings account,1,0.9094714450458753
2025-09-22,16071747,Checking or savings account,Credit reporting or other personal consumer reports,1,0.414713481767731
2025-08-23,15479289,Checking or savings account,Checking or savings account,1,0.344190247220683
2025-11-23,17828349,Checking or savings account,Checking or savings account,1,0.7809994501745162
2025-09-19,16046517,Credit reporting or other personal consumer reports,Credit reporting or other personal consumer reports,1,0.5397226461198203
2025-07-02,14416861,Checking or savings account,Checking or savings account,1,0.8476136232202133
2025-12-01,17888000,"Money transfer, virtual currency, or money service",Checking or savings account,1,0.7540705233843353
2025-09-24,16149608,Credit card,Credit card,1,0.929987303169701
2025-07-21,14767246,Credit card,Credit card,1,0.7047524142458582
2025-11-17,17305376,Checking or savings account,Credit card,1,0.6422320201680668
2025-07-19,14758018,Credit card,Credit reporting or other personal consumer reports,1,0.9376017954213257
2025-12-09,17856571,Checking or savings account,Checking or savings account,1,0.8156144059865783
2025-07-22,14812362,Credit card,Credit card,1,0.8531263268423227
2025-09-15,15950143,Checking or savings account,Checking or savings account,1,0.7006481646100576
2025-09-24,16150730,Checking or savings account,Credit card,1,0.739804465739334
2025-09-12,15909574,Credit card,Credit card,1,0.9495724515896676
2025-09-05,15743536,Checking or savings account,Checking or savings account,1,0.7800231572612378
2025-09-16,15968502,Checking or savings account,Checking or savings account,1,0.9339373553135125
2026-01-07,18538689,Mortgage,Mortgage,1,0.8655985180867317
2026-01-26,19016652,Checking or savings account,Checking or savings account,1,0.9136997454504464
2025-12-25,18279761,Checking or savings account,Checking or savings account,1,0.7665635405746429
2025-10-08,16447378,Credit reporting or other personal consumer reports,Credit reporting or other personal consumer reports,1,0.7470973426957311
2025-08-20,15403561,Checking or savings account,Credit card,1,0.5070332996880166
2025-12-30,18379640,Credit card,Credit card,1,0.4979233846118363
2025-08-10,15181440,Checking or savings account,Checking or savings account,1,0.9251769103966304
2026-01-21,18903936,Checking or savings account,Checking or savings account,1,0.8924981764890868
2025-07-26,14904460,Checking or savings account,Checking or savings account,1,0.8718748944505136
2025-07-01,14388468,"Money transfer, virtual currency, or money service","Money transfer, virtual currency, or money service",1,0.49589454799158333
2025-11-17,17305646,Checking or savings account,Checking or savings account,1,0.5310740029910825
2025-08-18,15355099,Checking or savings account,Checking or savings account,1,0.706605413216255
2026-01-25,18992703,Credit card,Credit card,1,0.8303242411626525
2025-10-09,16468666,Checking or savings account,Credit reporting or other personal consumer reports,1,0.4193807560623437
2026-01-08,18551923,Credit card,Credit card,1,0.9308232208056975
2025-11-14,17264264,"Money transfer, virtual currency, or money service","Money transfer, virtual currency, or money service",1,0.7864908694675936
2025-10-27,16838994,Checking or savings account,Checking or savings account,1,0.8738816822817806
2025-10-25,16815658,Checking or savings account,Checking or savings account,1,0.7696442712461771
2025-11-20,17405720,"Money transfer, virtual currency, or money service","Money transfer, virtual currency, or money service",1,0.8798111310001118
2025-08-21,15432934,Checking or savings account,Checking or savings account,1,0.883473306459404
2025-11-21,17417043,Checking or savings account,Checking or savings account,1,0.8885144122328694
2026-01-26,19014709,Credit card,Credit reporting or other personal consumer reports,1,0.7765894873742933
2025-11-26,17887395,Credit card,Credit card,1,0.7788749660279839
2025-12-10,17909274,Mortgage,Mortgage,1,0.7097339746369941
2025-11-20,17979378,Credit card,Credit card,1,0.4197856867446639
2026-01-08,18558451,Credit card,Credit reporting or other personal consumer reports,1,0.9477500353204579
2025-11-19,17360311,Checking or savings account,Checking or savings account,1,0.8930433111803752
2025-12-03,18076575,Checking or savings account,Checking or savings account,1,0.8698220465116417
2025-11-19,17358126,Checking or savings account,Checking or savings account,1,0.8245718290363361
2025-11-12,17188596,Checking or savings account,Checking or savings account,1,0.8950952707967751
2025-12-08,17819073,"Money transfer, virtual currency, or money service","Money transfer, virtual currency, or money service",1,0.7869699476074126
2025-12-31,18395703,Checking or savings account,Checking or savings account,1,0.8565187472765703
2025-07-26,14896188,Credit card,Credit card,1,0.8394909398136563
2025-10-01,16292231,Credit card,Credit card,1,0.8944637254663893
2025-10-23,16738590,Checking or savings account,"Money transfer, virtual currency, or money service",1,0.7557688807463941
2025-09-06,15767247,Checking or savings account,Credit card,1,0.4144111987011168
2026-01-21,18895688,Credit card,Checking or savings account,1,0.5288715733431405
2025-10-10,16511407,Checking or savings account,Checking or savings account,1,0.866457163852208
2025-12-18,18152434,Credit reporting or other personal consumer reports,Credit reporting or other personal consumer reports,1,0.8240610157314682
2025-10-10,16510249,Credit card,Checking or savings account,1,0.5473553239151396
2025-08-02,15021718,Debt collection,Credit reporting or other personal consumer reports,1,0.7611146813000195
2025-12-26,18296529,Checking or savings account,Checking or savings account,1,0.8228203380196648
2025-11-10,17141855,Checking or savings account,Checking or savings account,1,0.8654381180325199
2025-09-10,15808572,Checking or savings account,Checking or savings account,1,0.9086864865972183
2025-07-30,14982433,Checking or savings account,Checking or savings account,1,0.9269367260821828
2025-08-05,15102354,"Money transfer, virtual currency, or money service","Money transfer, virtual currency, or money service",1,0.8106052035027155
2025-11-17,17311751,Credit card,Credit card,1,0.8916300957603865
2025-09-18,16010489,Checking or savings account,Checking or savings account,1,0.5751074825888068
2025-07-30,14984067,Credit card,Credit card,1,0.4387020477087791
2025-07-25,14883078,Checking or savings account,Checking or savings account,1,0.6031444286788852
2025-12-30,18364517,Checking or savings account,Checking or savings account,1,0.7561956512442588
2025-11-04,17012520,Checking or savings account,Credit card,1,0.4763802730949996
2025-08-14,15295725,Checking or savings account,"Money transfer, virtual currency, or money service",1,0.5638696606138701
2025-10-22,16739662,Credit card,Credit card,1,0.9614486299254236
2025-07-16,14673331,Credit reporting or other personal consumer reports,Credit reporting or other personal consumer reports,1,0.7825912404492424
2026-01-20,18859336,Checking or savings account,Checking or savings account,1,0.8774993506786258
2025-09-27,16224057,Checking or savings account,Checking or savings account,1,0.8960536430158914
2025-08-12,15205621,Credit reporting or other personal consumer reports,Credit reporting or other personal consumer reports,1,0.8840824405961093
2025-11-07,17095590,Checking or savings account,Checking or savings account,1,0.7491795187670013
2025-08-11,15219016,Credit reporting or other personal consumer reports,Credit reporting or other personal consumer reports,1,0.8381445612564442
2025-08-01,15036616,Checking or savings account,Checking or savings account,1,0.6241808401755821
2025-10-15,16601354,Debt collection,Credit reporting or other personal consumer reports,1,0.729696227298351
2025-07-27,14898845,Credit card,Credit card,1,0.9741980313444012
2025-08-18,15357069,Credit card,Credit card,1,0.7301613082914823
2025-08-11,15220672,Checking or savings account,Checking or savings account,1,0.9172237172418183
2025-11-04,16978949,Checking or savings account,Checking or savings account,1,0.867052096357447
2026-01-13,18701238,Mortgage,Credit reporting or other personal consumer reports,1,0.3589382037435247
2026-01-23,18943024,Checking or savings account,Checking or savings account,1,0.4939819101215049
2025-09-15,15927323,Credit card,Checking or savings account,1,0.914870216278875
2025-08-11,15220329,Credit card,Credit card,1,0.6152580848058062
2025-07-29,14948634,Credit card,Credit card,1,0.9296493565711645
2025-07-24,14861801,Credit reporting or other personal consumer reports,Credit reporting or other personal consumer reports,1,0.5568979647189876
2026-01-28,19078748,Credit card,Credit card,1,0.9788273317116597
2025-12-03,18116327,Checking or savings account,Checking or savings account,1,0.4867084803091788
2025-10-22,16731240,Checking or savings account,Checking or savings account,1,0.9072173091076875
2026-01-02,18416383,Credit card,Credit card,1,0.9002951815669541
2025-10-15,16597997,Credit reporting or other personal consumer reports,Credit reporting or other personal consumer reports,1,0.6611530838040599
2025-10-25,16792766,Checking or savings account,Checking or savings account,1,0.7539796999523375
2025-11-06,17080299,Checking or savings account,Checking or savings account,1,0.908073864986116
2025-08-14,15272171,Checking or savings account,Checking or savings account,1,0.9603076323890645
2025-12-27,18320982,Credit reporting or other personal consumer reports,Credit reporting or other personal consumer reports,1,0.7402450238629332
2025-07-29,14916938,Vehicle loan or lease,Vehicle loan or lease,1,0.6405034182141279
2025-09-29,16237859,"Money transfer, virtual currency, or money service",Checking or savings account,1,0.8957413260478936
2025-10-27,16823517,"Money transfer, virtual currency, or money service","Money transfer, virtual currency, or money service",1,0.5009094402130261
2025-10-16,16635062,Credit card,Checking or savings account,1,0.7723606077697264
2025-08-25,15505409,Checking or savings account,Checking or savings account,1,0.9313047099427566
2025-07-23,14844683,Credit card,Credit card,1,0.7990776658111823
2025-08-27,15551445,Debt collection,Debt collection,1,0.7442643175862697
2025-07-23,14836211,Mortgage,Credit card,1,0.38423425323734756
2025-11-13,17224573,Credit card,Credit card,1,0.9343474646973213
2025-12-28,18326568,Credit card,Credit card,1,0.9032020588495792
2025-10-21,16724878,Checking or savings account,Checking or savings account,1,0.8726871989281296
2025-12-16,18076648,Credit card,Credit card,1,0.9563642919071937
2026-01-08,18563519,Checking or savings account,Checking or savings account,1,0.8629415421334173
2025-11-18,17874308,Debt collection,Credit card,1,0.6400080306068088
2025-11-16,17285470,Checking or savings account,Checking or savings account,1,0.8727626864114436
2025-07-30,14981132,Checking or savings account,Checking or savings account,1,0.3957319854266663
2025-07-08,14519260,Checking or savings account,"Money transfer, virtual currency, or money service",1,0.5701801211646459
2025-08-07,15146902,Credit reporting or other personal consumer reports,Credit reporting or other personal consumer reports,1,0.887484417778266
2025-11-14,17256632,"Money transfer, virtual currency, or money service","Money transfer, virtual currency, or money service",1,0.8268742095444032
2025-11-21,17798638,Checking or savings account,Checking or savings account,1,0.7731583785680368
2025-07-14,14646843,Credit reporting or other personal consumer reports,Credit reporting or other personal consumer reports,1,0.7646820047106457
2025-07-05,14464285,Credit card,Credit reporting or other personal consumer reports,1,0.691807042102946
2025-08-05,15090936,Checking or savings account,"Money transfer, virtual currency, or money service",1,0.6625889670760629
2025-11-06,17031245,Debt collection,Credit reporting or other personal consumer reports,1,0.7318708374435235
2026-01-21,18878972,Checking or savings account,Checking or savings account,1,0.9390375782440011
2025-07-14,14646249,Checking or savings account,Checking or savings account,1,0.8642970151710548
2025-09-12,15914454,Credit card,Checking or savings account,1,0.8469031082723375
2025-10-07,16417912,"Money transfer, virtual currency, or money service","Money transfer, virtual currency, or money service",1,0.6666103725540647
2025-10-08,16447955,Credit card,Credit reporting or other personal consumer reports,1,0.9355143061910175
2025-12-28,18323349,Checking or savings account,Checking or savings account,1,0.6388465304206338
2025-10-13,16553675,Checking or savings account,Checking or savings account,1,0.5583008760073662
2025-08-10,15195033,Debt collection,Credit card,1,0.454791123542257
2025-10-30,16916406,Checking or savings account,Checking or savings account,1,0.8659353797573187
2025-08-24,15507566,Credit card,Credit card,1,0.8145728212189681
2025-11-24,17866827,Credit card,Credit card,1,0.8197009371861105
2025-10-31,16943978,Credit card,Credit card,1,0.7242058514752695
2025-08-26,15528731,Checking or savings account,Checking or savings account,1,0.813057989733116
2025-08-20,15399539,Checking or savings account,Checking or savings account,1,0.5534680971959934
2026-01-21,18881053,Checking or savings account,Checking or savings account,1,0.554613965022872
2026-01-13,18693222,Debt collection,Credit reporting or other personal consumer reports,1,0.5585586581203242
2025-10-30,16922773,Credit card,Credit card,1,0.8742534139729173
2025-08-21,15396653,Checking or savings account,Checking or savings account,1,0.4168606749221224
2025-12-30,18359206,Checking or savings account,Checking or savings account,1,0.9246646824278536
2026-01-27,19047129,Credit card,Credit card,1,0.8398021950732731
2025-08-11,15210454,Checking or savings account,Checking or savings account,1,0.5534104023366586
2025-10-23,16783093,Checking or savings account,Checking or savings account,1,0.56580145619366
2025-07-03,14444661,"Money transfer, virtual currency, or money service","Money transfer, virtual currency, or money service",1,0.7426466538212068
2025-09-10,15849611,Checking or savings account,"Money transfer, virtual currency, or money service",1,0.8409476608200682
2025-11-11,17167577,Credit reporting or other personal consumer reports,Credit reporting or other personal consumer reports,1,0.8184063720233237
2025-08-19,15378099,Checking or savings account,Checking or savings account,1,0.6515628478045712
2025-12-24,18270875,"Money transfer, virtual currency, or money service","Money transfer, virtual currency, or money service",1,0.44495934603963305
2025-09-05,15746132,Credit card,Credit card,1,0.9397319143348898
2025-09-10,15848836,Debt collection,Credit reporting or other personal consumer reports,1,0.9034796119190843
2025-12-15,18057250,Credit card,Credit card,1,0.7852662749413621
2025-08-05,15095966,Checking or savings account,Checking or savings account,1,0.8823062909150527
2025-10-10,16510936,"Money transfer, virtual currency, or money service",Checking or savings account,1,0.45197903259709743
2025-09-12,15906713,Checking or savings account,Checking or savings account,1,0.9740670387528527
2025-08-12,15227510,Checking or savings account,Checking or savings account,1,0.9268463435920514
2025-09-29,16239838,Checking or savings account,Checking or savings account,1,0.910078826662847
2025-07-01,14391059,Credit reporting or other personal consumer reports,Credit reporting or other personal consumer reports,1,0.8009803653667658
2025-09-05,15745880,Debt collection,Debt collection,1,0.826469062923109
2025-11-28,17894660,Credit reporting or other personal consumer reports,Credit reporting or other personal consumer reports,1,0.6662015404407664
2026-01-29,19111284,Checking or savings account,Checking or savings account,1,0.9101945936050946
2026-01-21,18908314,Checking or savings account,Checking or savings account,1,0.962551173017959
2025-09-04,15717883,Checking or savings account,Checking or savings account,1,0.9271462929741711
2025-08-13,15249018,Checking or savings account,Checking or savings account,1,0.9092189724105575
2026-01-05,18464371,Checking or savings account,Checking or savings account,1,0.9471765038608031
2025-09-01,15650487,Credit card,Credit card,1,0.9258077862766841
2025-07-13,14624168,Checking or savings account,Checking or savings account,1,0.9161099912951199
2025-07-04,14472419,Checking or savings account,Checking or savings account,1,0.8233406994280866
2025-08-03,15053177,Credit reporting or other personal consumer reports,Credit reporting or other personal consumer reports,1,0.8175983103605028
2025-12-31,18386721,Credit card,Credit card,1,0.8558988709508258
2025-11-28,17927068,Credit reporting or other personal consumer reports,Credit reporting or other personal consumer reports,1,0.9625076297919261
2025-07-12,14612875,Credit card,Credit card,1,0.8809792261448095
2025-10-01,16302287,Credit card,Credit card,1,0.7639735413970868
2025-10-06,16401187,Checking or savings account,Checking or savings account,1,0.7925781042449284
2025-12-16,18085312,Mortgage,Credit reporting or other personal consumer reports,1,0.364412141120646
2025-10-01,16301053,Credit card,Credit card,1,0.9290023359088675
2025-08-08,15155062,Credit reporting or other personal consumer reports,Credit card,1,0.7810842668248662
2025-07-29,14948358,Checking or savings account,Checking or savings account,1,0.9321605425861427
2025-12-18,18147648,Checking or savings account,Checking or savings account,1,0.8498881457049888
2025-07-18,14743071,Checking or savings account,Credit card,1,0.7783031099668295
2025-10-05,16375376,Checking or savings account,Credit card,1,0.6007858233400979
2025-08-12,15222302,Debt collection,Debt collection,1,0.40675288431107764
2025-08-19,15385703,Checking or savings account,Checking or savings account,1,0.8753517701619916
2026-01-06,18507560,Credit card,Credit card,1,0.7188232627224159
2025-12-29,18343029,Checking or savings account,Credit card,1,0.5878869537315605
2025-07-13,14619001,Checking or savings account,Checking or savings account,1,0.7585392490833512
2025-11-03,16995788,"Money transfer, virtual currency, or money service","Money transfer, virtual currency, or money service",1,0.5905823815700016
2025-11-30,18043714,Checking or savings account,Checking or savings account,1,0.8534374197863381
2025-07-05,14501424,Checking or savings account,Checking or savings account,1,0.916178189147621
2025-10-15,16583456,Credit reporting or other personal consumer reports,Credit reporting or other personal consumer reports,1,0.6357530054965506
2025-10-31,16958349,Credit card,Credit card,1,0.817640365828835
2025-07-31,15000411,Credit card,Credit card,1,0.7514270188117843
2026-01-21,18899201,Checking or savings account,Checking or savings account,1,0.942247458750023
2025-09-13,15925100,Checking or savings account,Checking or savings account,1,0.6266941997395893
2025-08-01,15039741,Credit card,Checking or savings account,1,0.9317152510840531
2025-11-14,17217194,Checking or savings account,Checking or savings account,1,0.9155239264969044
2025-11-20,17979465,Checking or savings account,Checking or savings account,1,0.9081932454188782
2025-12-16,18078110,Credit card,Credit card,1,0.8489577436741351
2025-07-25,14876175,Checking or savings account,Checking or savings account,1,0.9464888151308991
2025-12-04,17757885,"Money transfer, virtual currency, or money service","Money transfer, virtual currency, or money service",1,0.6572657378910024
2025-08-17,15327644,Debt collection,Credit reporting or other personal consumer reports,1,0.5799297590621463
2025-09-16,15982372,Credit card,Credit card,1,0.9511033992759564
2026-01-02,18432717,Checking or savings account,Checking or savings account,1,0.5616737576889089
2025-12-25,18280222,Credit card,Credit card,1,0.819751553611083
2025-07-18,14743795,Credit card,Credit card,1,0.8188541914430759
2025-10-14,16562491,Credit card,Credit card,1,0.7157342115674364
2025-08-30,15626475,Checking or savings account,Checking or savings account,1,0.9502611637945816
2025-12-01,18079675,Mortgage,Mortgage,1,0.5022403910361036
2025-07-01,14382582,Checking or savings account,Checking or savings account,1,0.9370362989608269
2025-07-02,14423471,"Money transfer, virtual currency, or money service","Money transfer, virtual currency, or money service",1,0.815784254271628
2026-01-29,19105859,Mortgage,Mortgage,1,0.7799980234877127
2025-12-28,18328899,Credit card,Credit card,1,0.6070343913501187
2025-10-15,16591702,Checking or savings account,Credit card,1,0.6241067660835197
2026-01-20,18867668,Credit card,Checking or savings account,1,0.7506398717630516
2025-11-14,17255184,Checking or savings account,Checking or savings account,1,0.8951947620424695
2026-01-05,18466484,Checking or savings account,Checking or savings account,1,0.9515074878269347
2025-09-15,15946689,Credit card,Credit card,1,0.8282084894469848
2025-08-01,14988932,Credit card,Credit card,1,0.7938310350945309
2025-09-28,16231630,Credit card,Checking or savings account,1,0.7825183704694778
2025-09-05,15743344,Credit card,Credit card,1,0.6621478914962023
2025-08-28,15574534,"Money transfer, virtual currency, or money service","Money transfer, virtual currency, or money service",1,0.6104899872131949
2025-11-12,17187125,Checking or savings account,Checking or savings account,1,0.854119342193532
2025-09-30,16279301,Credit card,Credit card,1,0.9715898902044006
2025-10-03,16344757,Checking or savings account,Checking or savings account,1,0.9135393443361307
2025-11-21,17801418,Checking or savings account,Checking or savings account,1,0.8161535851448113
2025-10-01,16301582,Credit card,Credit reporting or other personal consumer reports,1,0.8587076051309362
2025-11-25,17829588,Checking or savings account,Checking or savings account,1,0.7705055214597234
2025-07-30,14975972,Checking or savings account,Checking or savings account,1,0.8846931983997885
2025-11-11,17135125,Checking or savings account,Checking or savings account,1,0.8539016983813165
2025-10-25,16819000,Checking or savings account,Checking or savings account,1,0.9246539832990542
2025-11-30,17921319,Checking or savings account,Checking or savings account,1,0.9614493521875248
2025-11-15,17274044,Credit card,Credit card,1,0.7750995505164197
2025-11-28,17984146,Credit card,Credit card,1,0.7998395216666725
2025-07-10,14570874,Vehicle loan or lease,Vehicle loan or lease,1,0.8251365583765201
2026-01-06,18515722,Checking or savings account,Checking or savings account,1,0.4292737405451797
2025-12-30,18366816,Checking or savings account,Checking or savings account,1,0.9398830412560187
2025-12-29,18351543,Credit card,Credit card,1,0.8956435160139115
2025-07-03,14444628,Credit card,Credit card,1,0.956512584649762
2025-11-20,17405787,Checking or savings account,Checking or savings account,1,0.9043319511650626
2026-01-22,18929040,Credit card,Credit card,1,0.7425554808093194
2025-08-28,15568010,Checking or savings account,Checking or savings account,1,0.928151843018874
2025-12-24,18268797,Credit reporting or other personal consumer reports,Credit reporting or other personal consumer reports,1,0.7397755981779369
2025-11-19,17360856,Credit card,Credit card,1,0.7503035291297963
2025-09-11,15878696,Credit card,Credit card,1,0.9279143648471946
2025-11-11,17160670,Mortgage,Mortgage,1,0.6930548181082204
2025-08-19,15384980,Mortgage,Mortgage,1,0.8714711132315324
2025-09-05,15744453,Checking or savings account,Checking or savings account,1,0.5602095666030219
2025-07-22,14766778,Credit reporting or other personal consumer reports,Credit reporting or other personal consumer reports,1,0.5633394934371522
2025-10-30,16933741,Credit card,Credit card,1,0.6637169595912061
2025-08-08,15178887,Checking or savings account,Checking or savings account,1,0.9482972964374992
2026-01-14,18711715,Checking or savings account,Checking or savings account,1,0.8421551655949374
2026-01-07,18542602,Checking or savings account,Credit card,1,0.6246672949899433
2025-08-12,15229890,Credit card,Credit card,1,0.5043111617592066
2025-08-18,15342056,Checking or savings account,Checking or savings account,1,0.9182818938641416
2025-08-13,15275723,Credit card,Credit card,1,0.8962149288164752
2025-07-18,14732352,Mortgage,Mortgage,1,0.8166858553562272
2026-01-09,18608215,Checking or savings account,Checking or savings account,1,0.8696016045313851
2025-09-05,15758316,Checking or savings account,Checking or savings account,1,0.5680257823464238
2025-09-29,16244130,Checking or savings account,Checking or savings account,1,0.8277911095013607
2025-09-18,16011040,Credit card,Credit card,1,0.8237005571798587
2025-10-20,16711362,Vehicle loan or lease,Vehicle loan or lease,1,0.7095215403118226
2025-07-08,14490197,Checking or savings account,"Money transfer, virtual currency, or money service",1,0.6702250971444182
2025-11-27,17841477,Mortgage,Mortgage,1,0.7361709137166842
2025-10-06,16395349,Credit card,Credit card,1,0.9496394781916738
2025-08-05,15091801,Checking or savings account,Checking or savings account,1,0.9160917518846515
2026-01-29,19107291,Checking or savings account,Checking or savings account,1,0.9251124486850849
2025-10-20,16699879,Credit card,Credit card,1,0.9450309878226245
2026-01-20,18853488,Checking or savings account,Checking or savings account,1,0.914002299776779
2025-09-24,16149505,"Money transfer, virtual currency, or money service","Money transfer, virtual currency, or money service",1,0.48864484320941987
2025-09-05,15732962,Credit card,Credit reporting or other personal consumer reports,1,0.7637104722662317
2025-07-08,14493202,Checking or savings account,Checking or savings account,1,0.720810161698823
2026-01-22,18926342,Checking or savings account,Checking or savings account,1,0.9669730406715663
2025-08-07,15147560,Checking or savings account,Checking or savings account,1,0.9284739413877897
2025-09-15,15956622,Credit card,Debt collection,1,0.47455021499013667
2025-09-17,15999608,Checking or savings account,Checking or savings account,1,0.8883161932669533
2025-07-30,14982476,Checking or savings account,Checking or savings account,1,0.8375387629530744
2025-11-14,17249320,Checking or savings account,Credit card,1,0.551144390928701
2025-12-18,18135400,Checking or savings account,Checking or savings account,1,0.9850512458935222
2025-08-20,15414029,Credit reporting or other personal consumer reports,Credit reporting or other personal consumer reports,1,0.8731950936480298
2025-10-25,16816782,Credit reporting or other personal consumer reports,Credit reporting or other personal consumer reports,1,0.8724739402328977
2025-12-09,17887716,Vehicle loan or lease,Vehicle loan or lease,1,0.6492926058385208
2025-10-17,16661948,Checking or savings account,Credit reporting or other personal consumer reports,1,0.4304525134913604
2025-07-01,14388030,Credit card,Credit card,1,0.75976378417734
2026-01-23,18949390,Checking or savings account,Checking or savings account,1,0.6835622533549718
2025-12-18,18129502,Checking or savings account,Checking or savings account,1,0.6620295382747532
2025-11-06,17079821,Credit card,Credit card,1,0.9036031399116785
2025-11-17,17310666,Checking or savings account,Checking or savings account,1,0.790874008229833
2025-09-09,15815721,Mortgage,Mortgage,1,0.833381053615744
2026-01-21,18908283,Checking or savings account,Credit card,1,0.49918359713357036
2025-12-02,18005135,Credit reporting or other personal consumer reports,Credit reporting or other personal consumer reports,1,0.9084084364724943
2025-09-02,15678834,Checking or savings account,Checking or savings account,1,0.5837606620044814
2025-10-03,16350106,Checking or savings account,Checking or savings account,1,0.8316547425162656
2025-10-20,16678151,Credit card,Credit card,1,0.9210466392051858
2025-12-02,18081520,Credit card,Credit card,1,0.9102426042864454
2025-09-09,15786970,Checking or savings account,Checking or savings account,1,0.42606665145380945
2025-11-13,17231764,Checking or savings account,Checking or savings account,1,0.7886263165012105
2025-09-04,15720100,Checking or savings account,Checking or savings account,1,0.8818447924004449
2026-01-07,18519941,Credit card,Credit reporting or other personal consumer reports,1,0.9392155286991019
2025-12-07,17814764,Credit card,Credit card,1,0.9176887614810565
2025-07-01,14390999,Checking or savings account,Checking or savings account,1,0.7619572505794553
2026-01-20,18868692,Mortgage,Mortgage,1,0.4227148350736192
2025-12-31,18394275,Checking or savings account,Checking or savings account,1,0.8455678288756313
2025-07-01,14391786,Credit card,Credit card,1,0.5043688996128917
2025-08-01,15011167,Checking or savings account,Checking or savings account,1,0.8402093716992788
2025-10-07,16402997,Credit reporting or other personal consumer reports,Checking or savings account,1,0.6847813458718389
2025-10-31,16946965,Checking or savings account,Checking or savings account,1,0.8595486948729206
2025-11-11,17174458,Credit card,Credit card,1,0.8775975275231973
2025-11-18,17341168,Checking or savings account,Checking or savings account,1,0.5237388943224236
2025-11-11,17176329,Checking or savings account,Credit reporting or other personal consumer reports,1,0.7354993820388754
2025-08-06,15115415,Checking or savings account,Checking or savings account,1,0.7480753878734316
2025-07-22,14766262,Credit card,Credit card,1,0.8136836859084019
2025-12-08,17853203,Credit card,Credit card,1,0.9000649895948115
2025-10-24,16796113,Credit card,Credit reporting or other personal consumer reports,1,0.8555710633644891
2025-12-08,17837248,Credit card,Credit card,1,0.9531682461092638
2026-01-02,18419882,Checking or savings account,Checking or savings account,1,0.9016663325912287
2025-07-14,14628477,Credit reporting or other personal consumer reports,Credit reporting or other personal consumer reports,1,0.7467351987400233
2025-10-10,16490204,Checking or savings account,Checking or savings account,1,0.9485015933122632
2025-11-05,17008375,Credit card,Credit card,1,0.8198758506530254
2025-10-22,16759807,Checking or savings account,Checking or savings account,1,0.8841012219726051
2025-10-30,16930978,Checking or savings account,Checking or savings account,1,0.5583791095343394
2025-09-23,16099980,"Money transfer, virtual currency, or money service","Money transfer, virtual currency, or money service",1,0.8646288722982688
2025-12-30,18359253,Credit card,Credit card,1,0.9253271415747636
2025-09-11,15867611,Checking or savings account,Checking or savings account,1,0.8496528627769976
2025-11-16,17282352,Credit reporting or other personal consumer reports,Credit reporting or other personal consumer reports,1,0.7172785040604316
2026-01-20,18866711,Credit card,Credit card,1,0.8808777027908694
2025-11-05,17053587,Credit card,Credit reporting or other personal consumer reports,1,0.8046683672778293
2025-08-29,15569478,Checking or savings account,Checking or savings account,1,0.504675796311219
2026-01-29,19100502,Credit card,Credit card,1,0.8572807039905083
2025-09-19,16061811,Credit card,Credit card,1,0.9087800377445009
2025-11-29,17889764,Checking or savings account,"Money transfer, virtual currency, or money service",1,0.8741400125192843
2025-11-10,18338188,Checking or savings account,Checking or savings account,1,0.6896367971004236
2026-01-27,19052850,Checking or savings account,Checking or savings account,1,0.9422611635114619
2025-09-11,15876581,Checking or savings account,Checking or savings account,1,0.8943373706610088
2025-08-26,15527028,Checking or savings account,Checking or savings account,1,0.6971599561241032
2025-12-23,18238645,Credit card,Credit card,1,0.9166885600344928
2025-12-23,18257930,Checking or savings account,Checking or savings account,1,0.8107126341866003
2025-07-10,14569898,Checking or savings account,Checking or savings account,1,0.5744964299551314
2026-01-25,18991458,Checking or savings account,Checking or savings account,1,0.5795220953348467
2025-10-08,16451921,Checking or savings account,Checking or savings account,1,0.8850713501897101
2025-08-11,15216751,Checking or savings account,Checking or savings account,1,0.9052752214460216
2026-01-13,18670871,Credit card,Credit card,1,0.8627395800668594
2026-01-30,19122412,Checking or savings account,Checking or savings account,1,0.9378499741871158
2026-01-30,19128166,Checking or savings account,Checking or savings account,1,0.7160627133062913
2025-08-09,15186837,Checking or savings account,Checking or savings account,1,0.7078090876613694
2026-01-20,18860205,Checking or savings account,Checking or savings account,1,0.6860260985275278
2025-07-29,14950974,Checking or savings account,Checking or savings account,1,0.7650439466306826
2025-08-20,15397967,Credit card,Credit card,1,0.9103376721623065
2025-08-08,15179096,Credit reporting or other personal consumer reports,Credit reporting or other personal consumer reports,1,0.7001785144091924
2025-12-04,18148664,Credit reporting or other personal consumer reports,Credit reporting or other personal consumer reports,1,0.5123084557073168
2025-08-13,15270802,Checking or savings account,Checking or savings account,1,0.6826773746753951
2026-01-11,18635493,Checking or savings account,Checking or savings account,1,0.7956782956675988
2025-11-05,17031749,Checking or savings account,Checking or savings account,1,0.9193617231767072
2025-08-22,15460587,Checking or savings account,Checking or savings account,1,0.9454842046407993
2025-07-28,14930578,Checking or savings account,Credit card,1,0.8026419027217985
2025-10-30,16922230,Credit card,Credit card,1,0.4602798342610776
2025-12-18,18147210,Credit card,Credit card,1,0.8043932014084697
2025-08-14,15285250,"Money transfer, virtual currency, or money service","Money transfer, virtual currency, or money service",1,0.5569311389874033
2025-08-03,15017632,Credit card,Credit card,1,0.8554347822426465
2025-07-19,14752964,Debt collection,Debt collection,1,0.4626075144157837
2025-11-13,17210112,"Money transfer, virtual currency, or money service","Money transfer, virtual currency, or money service",1,0.5059367949054346
2025-10-27,16832164,Credit card,Credit card,1,0.7937881704071662
2025-07-14,14651158,Credit reporting or other personal consumer reports,Credit reporting or other personal consumer reports,1,0.5451496924962583
2025-08-13,15257017,Credit reporting or other personal consumer reports,Checking or savings account,1,0.42392919027776826
2025-12-05,17763892,Checking or savings account,Checking or savings account,1,0.8904442407805847
2025-10-15,16605867,Credit card,Credit card,1,0.6553400467774712
2025-08-18,15357399,Checking or savings account,Checking or savings account,1,0.6657963650859459
2025-09-19,16059220,Checking or savings account,Checking or savings account,1,0.8123592996490591
2025-11-15,17273992,Credit card,Credit card,1,0.9425299012864327
2025-12-08,17824523,Checking or savings account,Checking or savings account,1,0.9147751402678853
2025-08-11,15193894,Credit card,Credit card,1,0.9720994442816914
2025-12-15,18032040,Credit card,Credit card,1,0.9632691145934409
2025-09-26,16204487,Checking or savings account,"Money transfer, virtual currency, or money service",1,0.607558817893613
2025-07-12,14617112,Credit reporting or other personal consumer reports,Credit card,1,0.513109461320597
2025-07-21,14772883,Credit reporting or other personal consumer reports,Credit reporting or other personal consumer reports,1,0.9627719786901957
2025-08-25,15505364,Credit reporting or other personal consumer reports,Credit reporting or other personal consumer reports,1,0.4572407425375569
2026-01-24,18979397,Checking or savings account,Credit card,1,0.7076252172967333
2025-11-26,17920888,"Money transfer, virtual currency, or money service","Money transfer, virtual currency, or money service",1,0.570178257590197
2025-11-11,17172985,"Money transfer, virtual currency, or money service",Checking or savings account,1,0.7170526539427935
2026-01-02,18416577,Checking or savings account,Checking or savings account,1,0.9371771692554544
2025-08-12,15205268,Debt collection,Checking or savings account,1,0.5201589034236104
2026-01-02,18418335,Vehicle loan or lease,Checking or savings account,1,0.31154490620920533
2025-10-24,16799732,Checking or savings account,Checking or savings account,1,0.9783774727243739
2025-10-02,16333634,Checking or savings account,Checking or savings account,1,0.42120004657295534
2025-09-11,15878684,Checking or savings account,Checking or savings account,1,0.810992561920452
2025-09-29,16250974,Credit card,Credit reporting or other personal consumer reports,1,0.8819371016273975
2025-11-13,17208803,Checking or savings account,Checking or savings account,1,0.9502039568293358
2025-12-27,18317710,Checking or savings account,Checking or savings account,1,0.7534673662879201
2025-08-30,15619095,Credit reporting or other personal consumer reports,Credit card,1,0.6410654179735261
2025-11-18,17327795,Mortgage,Mortgage,1,0.815043945154891
2026-01-03,18445213,Checking or savings account,Checking or savings account,1,0.7087996414779583
2025-12-23,18257218,Credit card,Credit card,1,0.8236377194737935
2025-11-05,17041152,Vehicle loan or lease,Vehicle loan or lease,1,0.4732339754294756
2025-11-25,17886466,Checking or savings account,Checking or savings account,1,0.63024224641298
2025-10-19,16679323,Credit reporting or other personal consumer reports,Credit reporting or other personal consumer reports,1,0.4450683429129794
2025-10-28,16885256,Checking or savings account,Checking or savings account,1,0.6384331700858349
2026-01-08,18554060,Checking or savings account,Checking or savings account,1,0.778117150567505
2025-08-21,15421863,Checking or savings account,Credit card,1,0.6321751050278309
2025-11-17,17306497,Credit card,Checking or savings account,1,0.5173652865693804
2025-09-22,16079049,Credit card,Credit card,1,0.8987675936157512
2025-07-15,14640422,Checking or savings account,Checking or savings account,1,0.9211989609978913
2025-09-16,15979094,Checking or savings account,Checking or savings account,1,0.5080606699423531
2025-09-03,15698050,Credit card,Credit card,1,0.9160167900744544
2025-11-07,17099619,Vehicle loan or lease,Vehicle loan or lease,1,0.6206205656544826
2025-07-26,14873345,Credit reporting or other personal consumer reports,Credit reporting or other personal consumer reports,1,0.8311932473839333
2025-08-17,15340183,Credit reporting or other personal consumer reports,Credit card,1,0.43694316242151604
2025-08-03,15017435,"Money transfer, virtual currency, or money service",Checking or savings account,1,0.8041301267529822
2025-11-16,17280417,Checking or savings account,Checking or savings account,1,0.5229055522246314
2025-11-26,17962767,Checking or savings account,Checking or savings account,1,0.7640535374779208
2025-10-08,16432158,Credit card,Credit card,1,0.9007732409123888
2025-09-17,16002673,Checking or savings account,Checking or savings account,1,0.7279486948829764
2025-11-16,17283857,Credit card,Credit card,1,0.94045332847538
2025-12-23,18256131,"Money transfer, virtual currency, or money service",Checking or savings account,1,0.4840456109036472
2026-01-02,18431727,"Money transfer, virtual currency, or money service","Money transfer, virtual currency, or money service",1,0.6331615005736869
2025-07-04,14467038,Checking or savings account,Checking or savings account,1,0.9745552673090642
2026-01-07,18549001,Credit card,Credit card,1,0.5426566456200191
2025-07-07,14495378,Checking or savings account,Checking or savings account,1,0.8234323403258609
2025-12-18,18149194,Vehicle loan or lease,Checking or savings account,1,0.33823852267960636
2025-08-27,15553428,Checking or savings account,Checking or savings account,1,0.8462635829456288
2025-07-10,14569426,Credit card,Credit reporting or other personal consumer reports,1,0.8251320424130687
2025-09-04,15727867,Checking or savings account,Checking or savings account,1,0.7456145831492851
2025-08-16,15320962,Checking or savings account,Checking or savings account,1,0.9245575208174607
2025-10-06,16386416,Credit card,Credit card,1,0.9235917340525996
2025-08-26,15488853,Checking or savings account,Checking or savings account,1,0.9099787735865403
2025-09-03,15688848,Credit reporting or other personal consumer reports,Credit card,1,0.5677297221156411
2026-01-13,18690735,Checking or savings account,Checking or savings account,1,0.9527585474881676
2025-11-25,17883291,Debt collection,Debt collection,1,0.5297456804977456
2026-01-07,18546548,"Money transfer, virtual currency, or money service","Money transfer, virtual currency, or money service",1,0.6875112529227242
2025-10-14,16563294,Credit card,Credit card,1,0.8539073674539962
2025-11-21,17420786,Credit card,Credit card,1,0.9518204848243815
2025-09-16,15966930,Checking or savings account,Checking or savings account,1,0.8926113870310792
2025-07-24,14858794,Checking or savings account,Checking or savings account,1,0.9343060581530812
2025-08-14,15293529,Checking or savings account,Checking or savings account,1,0.8728592133032066
2025-10-16,16632488,Credit reporting or other personal consumer reports,Credit reporting or other personal consumer reports,1,0.9719512098121431
2025-12-29,18346167,Checking or savings account,Checking or savings account,1,0.7952217469094421
2025-07-31,15001939,Checking or savings account,Checking or savings account,1,0.9223071485017055
2025-07-25,14876657,Checking or savings account,Checking or savings account,1,0.9388939792296603
2025-08-11,15214303,Credit card,Credit card,1,0.6705275846219826
2025-07-01,14388653,Credit reporting or other personal consumer reports,Credit reporting or other personal consumer reports,1,0.6878222700930676
2025-08-21,15436806,"Money transfer, virtual currency, or money service",Checking or savings account,1,0.8669399574844125
2026-01-14,18714939,Checking or savings account,Checking or savings account,1,0.7405392810093114
2025-08-28,15592149,"Money transfer, virtual currency, or money service",Checking or savings account,1,0.9480945544312843
2025-07-18,14740037,Checking or savings account,Checking or savings account,1,0.6394509961982556
2025-11-13,17226781,Credit card,Credit card,1,0.6147664454650833
2026-01-06,18493958,Mortgage,Mortgage,1,0.8513795707583589
2025-12-05,17760060,Checking or savings account,Checking or savings account,1,0.9446015266795568
2025-09-26,16190782,Debt collection,Credit reporting or other personal consumer reports,1,0.5204958337790809
2025-12-24,18274600,Credit reporting or other personal consumer reports,Credit reporting or other personal consumer reports,1,0.6409188911423418
2025-07-21,14773740,Checking or savings account,Checking or savings account,1,0.7891809275994746
2026-01-22,18928483,Vehicle loan or lease,Vehicle loan or lease,1,0.6746685677503135
2025-09-07,15778722,Checking or savings account,Checking or savings account,1,0.6946198302638119
2025-12-16,18083516,Mortgage,Credit reporting or other personal consumer reports,1,0.47326118191839256
2025-09-12,15915390,Checking or savings account,Checking or savings account,1,0.4304027623716739
2025-07-23,14843518,Checking or savings account,Checking or savings account,1,0.9659704717755263
2025-11-18,17340674,Checking or savings account,Checking or savings account,1,0.5573833186323438
2025-08-11,15207543,Credit card,Credit card,1,0.8485067095245524
2025-11-14,17212267,Checking or savings account,Checking or savings account,1,0.8346677768985918
2025-11-16,17268363,Checking or savings account,Checking or savings account,1,0.9442095445471662
2025-10-02,16322460,Credit card,Credit card,1,0.8972272079267477
2025-07-19,14751801,Credit reporting or other personal consumer reports,Credit reporting or other personal consumer reports,1,0.8673701233458173
2025-07-10,14573231,Credit reporting or other personal consumer reports,Credit reporting or other personal consumer reports,1,0.7386106429149786
2025-09-04,15686023,Checking or savings account,"Money transfer, virtual currency, or money service",1,0.5367923583224903
2025-10-20,16706239,Credit card,Credit card,1,0.9305369085523513
2025-10-01,16298026,Checking or savings account,Checking or savings account,1,0.9193682629583307
2025-08-12,15222203,Credit card,Credit card,1,0.47465577829195
2025-08-13,15255708,Checking or savings account,Checking or savings account,1,0.7972467373532878
2026-01-07,18533423,Checking or savings account,Checking or savings account,1,0.9138788511075355
2025-12-04,18145773,Credit card,Credit card,1,0.8873717351834304
2025-09-05,15710463,"Money transfer, virtual currency, or money service",Checking or savings account,1,0.5904204199136182
2025-07-29,14951465,Credit reporting or other personal consumer reports,Credit card,1,0.8806764509479725
2026-01-08,18579827,"Money transfer, virtual currency, or money service","Money transfer, virtual currency, or money service",1,0.8888116109466052
2026-01-15,18739776,Checking or savings account,Checking or savings account,1,0.8937968202504504
2025-08-27,15549012,Checking or savings account,Checking or savings account,1,0.7911713754128648
2025-12-15,18047243,Credit card,Credit card,1,0.7707049073059044
2025-09-08,15805492,"Money transfer, virtual currency, or money service",Credit card,1,0.4126375195688193
2025-07-29,14943345,Checking or savings account,"Money transfer, virtual currency, or money service",1,0.6424307206756689
2026-01-19,18834914,Checking or savings account,Checking or savings account,1,0.9647822964962511
2025-10-24,16797801,Checking or savings account,Checking or savings account,1,0.6949155471701202
2025-07-31,14963163,Checking or savings account,Checking or savings account,1,0.8620008918786599
2025-09-05,15747733,Checking or savings account,Checking or savings account,1,0.8237233014514086
2025-09-05,15742564,Credit card,Credit card,1,0.4641549132084744
2025-08-31,15631460,Checking or savings account,Checking or savings account,1,0.9307308195520055
2025-12-10,17905982,"Money transfer, virtual currency, or money service",Checking or savings account,1,0.7460946817425204
2025-07-08,14522308,Checking or savings account,Checking or savings account,1,0.9636114034765136
2025-12-29,18343716,Credit card,Credit card,1,0.45951720678988806
2025-12-04,18145778,Credit card,Checking or savings account,1,0.48198864805768693
2025-08-06,15108060,Credit reporting or other personal consumer reports,Credit reporting or other personal consumer reports,1,0.8946994665913092
2026-01-07,18547481,Debt collection,Debt collection,1,0.39789736715121315
2025-09-05,15740686,Checking or savings account,Checking or savings account,1,0.902609923665559
2025-11-12,17156129,Debt collection,Debt collection,1,0.4367868352062259
2025-10-28,16837500,Credit reporting or other personal consumer reports,Credit reporting or other personal consumer reports,1,0.7692228570544763
2025-08-22,15451364,Checking or savings account,Checking or savings account,1,0.8290783600240693
2025-10-28,16865875,Credit card,Checking or savings account,1,0.888643448854007
2026-01-28,19077426,Checking or savings account,Checking or savings account,1,0.8084215184699124
2025-09-04,15713168,Checking or savings account,Checking or savings account,1,0.7675043621088141
2025-09-24,16156454,Checking or savings account,Checking or savings account,1,0.46469514685967833
2025-11-26,17919156,"Money transfer, virtual currency, or money service",Checking or savings account,1,0.9312073594281625
2025-10-08,16449212,Checking or savings account,Checking or savings account,1,0.9566212633936445
2025-08-19,15376357,Checking or savings account,Checking or savings account,1,0.6374134474423652
2026-01-25,18994176,Checking or savings account,Checking or savings account,1,0.705580980519874
2025-10-13,16539881,Credit card,Credit card,1,0.7870736781551751
2025-08-18,15361347,"Money transfer, virtual currency, or money service","Money transfer, virtual currency, or money service",1,0.6640479183958687
2025-12-03,18074621,Credit card,Credit card,1,0.8929395453584522
2025-09-29,16255282,Credit card,Credit card,1,0.7253628326042366
2025-07-01,14388722,Checking or savings account,Checking or savings account,1,0.8866893454309381
2025-07-23,14795150,Mortgage,Mortgage,1,0.87102080269594
2025-07-01,14392430,Checking or savings account,Checking or savings account,1,0.8628352478823481
2025-11-06,17072267,Checking or savings account,Checking or savings account,1,0.9320548414644684
2025-09-30,16281328,Credit card,Checking or savings account,1,0.7095364467968824
2025-07-11,14589639,Checking or savings account,Checking or savings account,1,0.6317981250567917
2026-01-26,19006960,Mortgage,Credit reporting or other personal consumer reports,1,0.6999384107366868
2025-08-24,15480795,"Money transfer, virtual currency, or money service",Checking or savings account,1,0.5506635573831011
2025-12-04,18145682,Credit card,Credit reporting or other personal consumer reports,1,0.8106543388459647
2025-09-08,15806058,Checking or savings account,Checking or savings account,1,0.9357105173433569
2025-08-29,15606611,Credit card,Credit card,1,0.9666806626524519
2025-08-13,15270920,Checking or savings account,Checking or savings account,1,0.9178203550818878
2025-10-22,16751013,Credit card,Credit card,1,0.6396725170616077
2026-01-12,18659851,Credit card,Credit card,1,0.6867666151896062
2025-12-22,18217094,Checking or savings account,Checking or savings account,1,0.8457489006530369
2025-07-14,14649903,"Money transfer, virtual currency, or money service",Checking or savings account,1,0.7266870287365137
2025-11-17,17298037,Credit card,Credit card,1,0.8351766796804162
2025-09-21,16115482,Credit card,Credit card,1,0.6264682197061476
2025-11-21,17411329,Checking or savings account,Checking or savings account,1,0.8975195053224905
2025-09-19,16053638,Checking or savings account,Checking or savings account,1,0.9039946017645232
2025-07-11,14606418,Checking or savings account,Checking or savings account,1,0.8863568028571244
2025-07-06,14479027,Checking or savings account,Checking or savings account,1,0.9576122475061323
2025-11-05,17051692,Debt collection,Credit reporting or other personal consumer reports,1,0.699520981738504
2025-12-30,18368997,Checking or savings account,Checking or savings account,1,0.9775879215964948
2026-01-08,18552922,Checking or savings account,Checking or savings account,1,0.435367376453931
2025-08-13,15224304,"Money transfer, virtual currency, or money service",Checking or savings account,1,0.7897514557037866
2025-10-09,16470600,Checking or savings account,Checking or savings account,1,0.9466932635998018
2026-01-21,18890439,Checking or savings account,Checking or savings account,1,0.8730155747011302
2026-01-29,19116421,Checking or savings account,Checking or savings account,1,0.8297431282418625
2025-11-13,17221235,Credit reporting or other personal consumer reports,Credit reporting or other personal consumer reports,1,0.6335236006118534
2025-08-27,15547290,Credit card,Credit card,1,0.8638143064753616
2025-10-16,16637358,Checking or savings account,Checking or savings account,1,0.8823059535532417
2026-01-28,19086023,Credit card,Credit card,1,0.8852063674897656
2025-08-19,15385911,Checking or savings account,Checking or savings account,1,0.7000090345434643
2025-09-06,15767470,Checking or savings account,Checking or savings account,1,0.5402871360212206
2025-07-11,14602175,Checking or savings account,Checking or savings account,1,0.7673275118887951
2025-07-20,14790887,Checking or savings account,Credit reporting or other personal consumer reports,1,0.734352278694329
2025-08-21,15437627,Mortgage,Credit card,1,0.4387093598149145
2025-10-02,16319672,Credit reporting or other personal consumer reports,Credit reporting or other personal consumer reports,1,0.6544087444778022
2026-01-07,18533417,Checking or savings account,Checking or savings account,1,0.805081704208583
2025-08-29,15617056,"Money transfer, virtual currency, or money service","Money transfer, virtual currency, or money service",1,0.4368524125691389
2025-08-23,15481088,Checking or savings account,Checking or savings account,1,0.8297121237695206
2025-07-14,14643851,Debt collection,Debt collection,1,0.7645099165727757
2025-11-26,17870895,Debt collection,Credit card,1,0.6782012222975325
2025-08-07,15147020,Checking or savings account,Checking or savings account,1,0.9315469881269958
2025-07-16,14685579,"Money transfer, virtual currency, or money service","Money transfer, virtual currency, or money service",1,0.4790901676393542
2025-09-20,16119685,Checking or savings account,Checking or savings account,1,0.5986409650374483
2025-07-20,14759398,Checking or savings account,Checking or savings account,1,0.8350960283639869
2025-09-12,15911957,Credit card,Credit card,1,0.5859982442500357
2025-10-27,16844483,Checking or savings account,Checking or savings account,1,0.9672842728750227
2025-08-11,15214659,"Money transfer, virtual currency, or money service",Checking or savings account,1,0.5860784156008569
2025-11-02,16972579,Checking or savings account,Checking or savings account,1,0.6269287884743704
2025-07-03,14439312,Credit card,Credit card,1,0.5985548925583405
2025-07-16,14684835,Checking or savings account,Checking or savings account,1,0.9255426802216427
2025-08-07,15144158,"Money transfer, virtual currency, or money service","Money transfer, virtual currency, or money service",1,0.7816636258541831
2025-08-14,15292750,Checking or savings account,Checking or savings account,1,0.8874105905472186
2025-08-29,15603586,Credit card,Credit card,1,0.5019514548512709
2025-11-22,17765122,Vehicle loan or lease,Vehicle loan or lease,1,0.5709687356621839
2025-12-04,18116610,"Money transfer, virtual currency, or money service","Money transfer, virtual currency, or money service",1,0.3945746872310765
2025-09-23,16132193,Mortgage,Mortgage,1,0.8209351746059155
2025-11-19,17316822,Credit card,Credit card,1,0.9260499731763359
2025-12-23,18256464,Checking or savings account,Checking or savings account,1,0.506928603531322
2025-07-14,14635144,Checking or savings account,Checking or savings account,1,0.9486415917782921
2026-01-12,18652712,Checking or savings account,Checking or savings account,1,0.4918660853221201
2025-11-26,17962705,Credit card,Credit card,1,0.9343769906471332
2025-09-03,15693004,Checking or savings account,Checking or savings account,1,0.960071771519368
2025-07-15,14657188,Credit card,Credit card,1,0.9460233290964193
2025-10-17,16655105,"Money transfer, virtual currency, or money service",Checking or savings account,1,0.8121306171372745
2025-08-28,15575505,Mortgage,Mortgage,1,0.7365679933709112
2025-11-10,17143993,Credit card,Credit card,1,0.7859899020808766
2025-08-22,15455275,Checking or savings account,Credit card,1,0.301084310424202
2025-11-06,17065740,Credit card,Credit card,1,0.8067400368448516
2025-09-23,16134637,Credit card,Credit card,1,0.8898009316199428
2025-09-03,15706064,Checking or savings account,Checking or savings account,1,0.7361900892211621
2025-10-31,16949478,Credit reporting or other personal consumer reports,Mortgage,1,0.6158527994998266
2025-12-15,18040267,Credit card,Credit card,1,0.68303212027193
2025-12-29,18334364,Checking or savings account,Checking or savings account,1,0.8901049003058773
2026-01-28,19060636,Debt collection,Checking or savings account,1,0.6133574620755072
2025-12-27,18318603,Credit card,Credit card,1,0.8001614423811864
2025-09-13,15920434,Checking or savings account,Checking or savings account,1,0.6115285353870998
2025-07-10,14536360,Checking or savings account,Checking or savings account,1,0.9596271234699705
2025-11-16,17284518,Checking or savings account,Checking or savings account,1,0.911789181138766
2025-11-23,17834674,Credit reporting or other personal consumer reports,Credit reporting or other personal consumer reports,1,0.9026293446157941
2026-01-23,18952376,Checking or savings account,Credit card,1,0.5930606057015755
2025-07-23,14840123,Credit reporting or other personal consumer reports,Credit reporting or other personal consumer reports,1,0.7961446299765282
2025-07-10,14576879,"Money transfer, virtual currency, or money service",Checking or savings account,1,0.5549660914564806
2025-09-14,15930807,Credit card,Credit card,1,0.7461431982989071
2025-08-29,15605972,Checking or savings account,Checking or savings account,1,0.9353621663402686
2025-07-14,14651489,Checking or savings account,"Money transfer, virtual currency, or money service",1,0.5233571558322276
2026-01-19,18826013,Debt collection,Checking or savings account,1,0.6637880392859935
2025-09-24,16161109,Checking or savings account,Checking or savings account,1,0.5474748715156618
2026-01-02,18428404,Vehicle loan or lease,Vehicle loan or lease,1,0.869168117484857
2026-01-08,18552303,Credit card,Credit card,1,0.5236664785129642
2025-08-15,15316397,Credit card,Credit card,1,0.9084084663708523
2025-09-11,15886216,Checking or savings account,Checking or savings account,1,0.9349336278053221
2025-12-02,17999970,"Money transfer, virtual currency, or money service",Checking or savings account,1,0.8363120906142184
2025-11-15,17271952,Checking or savings account,Checking or savings account,1,0.9493460395073066
2025-11-13,17219877,Credit card,Credit card,1,0.8068037549973338
2025-11-10,18243748,Credit card,Credit card,1,0.803796771262833
2025-07-21,14767452,Credit card,Credit card,1,0.913661431400644
2026-01-30,19129839,Checking or savings account,Checking or savings account,1,0.9554194994197512
2026-01-29,19095754,Credit card,Credit card,1,0.9212305948573366
2026-01-30,19140089,Credit card,Credit card,1,0.9071959334159541
2026-01-27,19042228,Debt collection,Credit reporting or other personal consumer reports,1,0.5368573399645568
2025-07-12,14614049,Credit reporting or other personal consumer reports,Credit reporting or other personal consumer reports,1,0.649858781153451
2025-10-02,16334573,Credit card,Credit reporting or other personal consumer reports,1,0.8701703501245289
2025-09-26,16213188,Checking or savings account,Checking or savings account,1,0.8319861068019597
2025-11-24,17874315,Credit card,Credit card,1,0.776502949042289
2025-12-03,18114718,Checking or savings account,Checking or savings account,1,0.5481135557838824
2025-12-01,17996933,Checking or savings account,Checking or savings account,1,0.6190175020466924
2025-08-12,15238436,"Money transfer, virtual currency, or money service",Checking or savings account,1,0.9191494628763701
2025-11-29,17961155,Checking or savings account,Checking or savings account,1,0.9530735892451235
2026-01-09,18610675,Credit card,Credit card,1,0.7206526886796283
2025-08-06,15126973,Checking or savings account,Checking or savings account,1,0.9094667347844076
2025-12-24,18271349,Credit card,Credit card,1,0.6334950469707524
2025-10-26,16828635,Checking or savings account,Checking or savings account,1,0.8104022588342975
2025-10-24,16797473,Credit reporting or other personal consumer reports,Credit reporting or other personal consumer reports,1,0.8129086010272069
2025-11-04,17986128,"Money transfer, virtual currency, or money service",Checking or savings account,1,0.4989005352195542
2025-08-05,15092084,Checking or savings account,Checking or savings account,1,0.8779089071342839
2025-10-16,16619024,Checking or savings account,Checking or savings account,1,0.707705981675379
2025-09-13,15920403,Credit card,Credit card,1,0.8536435600152066
2025-10-10,16463924,Checking or savings account,Checking or savings account,1,0.9195713876240584
2025-11-01,16966514,Credit reporting or other personal consumer reports,Credit reporting or other personal consumer reports,1,0.9344778932329176
2025-09-04,15712211,Checking or savings account,Checking or savings account,1,0.7336788585650594
2025-07-07,14494226,Credit card,Credit card,1,0.8688015718160189
2025-07-02,14412806,Checking or savings account,"Money transfer, virtual currency, or money service",1,0.8942195790988318
2025-09-28,16225990,Checking or savings account,Checking or savings account,1,0.41544660341461886
2025-07-29,14954579,Checking or savings account,Checking or savings account,1,0.7096184288540202
2025-08-05,15095391,Checking or savings account,Checking or savings account,1,0.8672056970135049
2025-09-25,16149640,Checking or savings account,Checking or savings account,1,0.8552559934907423
2025-09-01,15650839,Checking or savings account,Checking or savings account,1,0.6832181208137987
2025-07-31,15006694,Checking or savings account,Checking or savings account,1,0.47175446444355057
2025-09-18,16021279,"Money transfer, virtual currency, or money service",Checking or savings account,1,0.7279687785532175
2025-10-13,16545136,Vehicle loan or lease,Credit reporting or other personal consumer reports,1,0.44101361459938615
2025-12-01,18053388,Credit card,Credit card,1,0.8171583381594666
2025-09-05,15744118,Checking or savings account,Checking or savings account,1,0.7468224168911014
2025-12-25,18279321,Checking or savings account,Checking or savings account,1,0.9292095587179515
2025-11-25,17840046,Credit card,Credit card,1,0.6491208444918769
2025-10-16,16622615,Checking or savings account,Checking or savings account,1,0.7944979922106453
2025-07-04,14469637,Credit card,Credit card,1,0.9090621363721505
2025-08-11,15208153,Debt collection,Debt collection,1,0.6379484019116496
2025-07-15,14662610,Checking or savings account,Checking or savings account,1,0.8988469332949925
2025-08-13,15273445,Checking or savings account,Checking or savings account,1,0.9130015206766183
2025-11-27,17991633,Credit card,Credit card,1,0.5571154844658053
2025-12-21,18209314,Credit card,Checking or savings account,1,0.4454423363942161
2025-11-28,17987380,"Money transfer, virtual currency, or money service","Money transfer, virtual currency, or money service",1,0.5315115446450637
2026-01-02,18413681,Checking or savings account,Checking or savings account,1,0.8480603163173663
2025-08-03,15015961,Checking or savings account,Checking or savings account,1,0.6551223966286935
2025-07-15,14640035,Checking or savings account,Checking or savings account,1,0.7523221322698435
2025-11-12,17189785,Vehicle loan or lease,Vehicle loan or lease,1,0.4765873413953345
2025-08-21,15443040,Vehicle loan or lease,Checking or savings account,1,0.5741987895050854
2025-08-18,15345633,Checking or savings account,Checking or savings account,1,0.8421603780429043
2025-10-14,16574137,Checking or savings account,Checking or savings account,1,0.7027566399513946
2025-10-14,16560535,Checking or savings account,Checking or savings account,1,0.7698421914347023
2025-07-01,14391052,Credit reporting or other personal consumer reports,Credit card,1,0.8859263761076231
2025-07-31,15004457,Credit card,Credit card,1,0.874429179377472
2025-07-07,14507082,Checking or savings account,Checking or savings account,1,0.7017618514260127
2026-01-24,18972285,"Money transfer, virtual currency, or money service","Money transfer, virtual currency, or money service",1,0.7019715710017266
2025-11-23,17453779,Checking or savings account,Checking or savings account,1,0.7354025967085539
2025-08-17,15336952,"Money transfer, virtual currency, or money service","Money transfer, virtual currency, or money service",1,0.8127847014213204
2025-08-26,15539255,Credit card,Credit card,1,0.7957718642445344
2025-11-10,17137478,Checking or savings account,Checking or savings account,1,0.8452958404712155
2025-09-05,15710819,Checking or savings account,Checking or savings account,1,0.9430296966207653
2025-09-04,15684415,"Money transfer, virtual currency, or money service",Checking or savings account,1,0.6052539745446003
2025-07-16,14684823,Credit card,Credit card,1,0.8441769279771564
2025-10-15,16584063,Checking or savings account,Checking or savings account,1,0.9001178566230142
2025-09-04,15724039,Debt collection,Debt collection,1,0.7223070972436738
2025-11-14,17246858,Debt collection,Credit reporting or other personal consumer reports,1,0.4728232446655289
2025-11-10,17145329,Checking or savings account,Checking or savings account,1,0.7400518903026274
2025-08-21,15443899,Credit card,Credit card,1,0.8400947483541236
2025-08-20,15401734,Credit card,Credit card,1,0.9084474572741271
2026-01-14,18715269,Credit card,Credit card,1,0.8853595436020676
2025-12-28,18330843,Checking or savings account,"Money transfer, virtual currency, or money service",1,0.7218913440791371
2025-11-17,17294933,Checking or savings account,Checking or savings account,1,0.6886327378645153
2026-01-13,18686135,Checking or savings account,Checking or savings account,1,0.9289268539824412
2025-09-25,16140731,Checking or savings account,Checking or savings account,1,0.8008708293011025
2025-08-27,15563948,"Money transfer, virtual currency, or money service",Checking or savings account,1,0.6892890140702744
2025-08-23,15477051,Credit card,Credit card,1,0.8339811121059203
2026-01-11,18636324,Checking or savings account,Checking or savings account,1,0.691794070603204
2025-10-21,16718945,Checking or savings account,Checking or savings account,1,0.8223050765441874
2025-10-25,16815412,Checking or savings account,Checking or savings account,1,0.7492720339520792
2025-08-24,15474527,Checking or savings account,Checking or savings account,1,0.5188561894582651
2025-10-01,16292043,Checking or savings account,Checking or savings account,1,0.8812402415238512
2025-12-09,17897644,Credit card,Credit card,1,0.9007185569035562
2025-11-24,17830604,Checking or savings account,Credit card,1,0.6886886606141531
2026-01-08,18575515,Checking or savings account,Checking or savings account,1,0.8084231809738038
2026-01-08,18556514,Mortgage,Mortgage,1,0.5995375071639346
2025-08-27,15551854,Checking or savings account,Checking or savings account,1,0.8002519969328068
2025-07-15,14656968,Debt collection,Checking or savings account,1,0.6493379429952983
2025-08-30,15623449,Checking or savings account,Checking or savings account,1,0.8093305060771625
2025-12-04,17759743,Checking or savings account,Checking or savings account,1,0.9494680971712336
2025-10-20,16693799,Credit card,Credit card,1,0.8141622510106553
2026-01-12,18659616,Checking or savings account,Checking or savings account,1,0.9218796994863405
2025-07-09,14540745,Credit card,Credit card,1,0.5776438868435751
2025-10-15,16595141,"Money transfer, virtual currency, or money service","Money transfer, virtual currency, or money service",1,0.9233477463016042
2026-01-14,18721900,Checking or savings account,Checking or savings account,1,0.7760049813612397
2025-12-31,18397737,Checking or savings account,Checking or savings account,1,0.9178066756194246
2025-12-03,18114091,Credit card,Credit reporting or other personal consumer reports,1,0.7613781359936752
2026-01-06,18498229,Credit card,Credit card,1,0.8026533724663816
2025-08-04,15075638,Checking or savings account,Credit card,1,0.5437238503804367
2025-08-22,15425255,Checking or savings account,Checking or savings account,1,0.45962145386688064
2026-01-18,18818424,Credit card,Credit card,1,0.8918000258099457
2025-10-29,16897260,"Money transfer, virtual currency, or money service","Money transfer, virtual currency, or money service",1,0.8257353872138395
2025-11-21,17427346,Checking or savings account,Checking or savings account,1,0.47002227448928074
2025-09-27,16218973,Credit card,Credit card,1,0.8369688244298673
2025-07-01,14389207,Checking or savings account,Checking or savings account,1,0.9130559337847576
2025-10-29,16892581,Checking or savings account,Checking or savings account,1,0.8221357089758384
2025-11-20,17389799,Credit card,Credit card,1,0.9355469251109639
2025-07-31,14992569,Credit reporting or other personal consumer reports,Credit reporting or other personal consumer reports,1,0.84219701434929
2025-11-08,17113813,Checking or savings account,Checking or savings account,1,0.9162074429366052
2025-09-01,15651647,Checking or savings account,Checking or savings account,1,0.8257086301302176
2025-08-21,15433870,Credit card,Credit card,1,0.894206236018973
2025-07-12,14615858,"Money transfer, virtual currency, or money service",Checking or savings account,1,0.8944359806375605
2025-08-18,15350323,"Money transfer, virtual currency, or money service",Checking or savings account,1,0.9369830091511941
2026-01-07,18524749,Credit card,Credit reporting or other personal consumer reports,1,0.8684114252319787
2025-08-09,15188000,Checking or savings account,Checking or savings account,1,0.953692136871668
2025-12-28,18330423,Credit card,Credit card,1,0.5719440987671972
2025-10-08,16439484,Mortgage,Mortgage,1,0.7640762224946002
2025-07-31,14994110,Checking or savings account,"Money transfer, virtual currency, or money service",1,0.6239150566108616
2025-09-26,16206591,Credit card,Credit card,1,0.9194584740828707
2025-12-08,17845937,Credit reporting or other personal consumer reports,Credit reporting or other personal consumer reports,1,0.7273750927339576
2026-01-22,18934090,Checking or savings account,"Money transfer, virtual currency, or money service",1,0.5424081321804317
2025-09-02,15638425,Credit reporting or other personal consumer reports,Credit reporting or other personal consumer reports,1,0.723136683589153
2025-12-25,18280529,Credit card,Credit card,1,0.9199658275376127
2025-11-05,17006002,Debt collection,Credit reporting or other personal consumer reports,1,0.8949691904073352
2025-08-19,15376996,Checking or savings account,Checking or savings account,1,0.9297310117661252
2025-07-29,14955960,Vehicle loan or lease,Vehicle loan or lease,1,0.7787352872899381
2025-10-23,16780995,Credit card,Credit card,1,0.9158387279517434
2025-10-23,16788566,Checking or savings account,Checking or savings account,1,0.8798434216311574
2025-08-11,15220548,Checking or savings account,Credit card,1,0.5851125590412384
2026-01-13,18697858,Credit card,Checking or savings account,1,0.4975140900964739
2025-08-12,15233039,Checking or savings account,Checking or savings account,1,0.9753817196960616
2026-01-21,18884686,"Money transfer, virtual currency, or money service",Checking or savings account,1,0.5587288534628502
2025-10-29,16892500,Mortgage,Mortgage,1,0.7118757312350943
2025-12-04,18139953,Checking or savings account,Checking or savings account,1,0.5391944452179248
2025-07-16,14696639,Checking or savings account,Checking or savings account,1,0.5517605925513164
2025-09-11,15867257,Checking or savings account,Credit card,1,0.6143021072461439
2025-07-31,14992353,Credit reporting or other personal consumer reports,Credit reporting or other personal consumer reports,1,0.934515098778865
2025-10-02,16334294,Credit card,Credit card,1,0.5356939501138435
2025-07-09,14541618,Credit card,Credit card,1,0.9506362343553144
2026-01-10,18627472,Checking or savings account,Checking or savings account,1,0.623780992251841
2025-11-18,17335069,Credit card,Credit card,1,0.8755501256133854
2025-10-14,16568591,Credit card,Credit card,1,0.9384816977023144
2025-12-04,18148632,Checking or savings account,Checking or savings account,1,0.8430345343974995
2025-08-17,15338026,Credit card,Checking or savings account,1,0.7931923224515129
2025-07-07,14495075,Credit card,Credit card,1,0.8984657768622685
2025-07-02,14411146,"Money transfer, virtual currency, or money service",Checking or savings account,1,0.3967765009183634
2025-12-08,17836750,Checking or savings account,Checking or savings account,1,0.8134459558909808
2026-01-23,18947100,Checking or savings account,Checking or savings account,1,0.9567415349328087
2025-09-26,16193510,Checking or savings account,Checking or savings account,1,0.9313592809654069
2025-08-16,15329715,Checking or savings account,Credit card,1,0.7976554757705436
2026-01-26,19017136,Checking or savings account,Checking or savings account,1,0.8032438531962098
2025-12-08,17848711,Checking or savings account,Checking or savings account,1,0.7867369150855582
2025-07-03,14410986,Credit card,Checking or savings account,1,0.31389402970297337
2025-09-04,15712743,Checking or savings account,"Money transfer, virtual currency, or money service",1,0.6939599957913233
2026-01-14,18717121,Checking or savings account,Checking or savings account,1,0.8803028591854433
2025-08-26,15535146,Credit card,Checking or savings account,1,0.639867275502474
2025-11-22,17411269,Credit card,Checking or savings account,1,0.600323771691631
2025-08-27,15563726,Credit reporting or other personal consumer reports,Credit reporting or other personal consumer reports,1,0.4436112477518175
2025-10-06,16372559,Credit card,Credit reporting or other personal consumer reports,1,0.8629370399450811
2025-08-18,15351387,Checking or savings account,Checking or savings account,1,0.5330632853271472
2025-09-29,16256267,Checking or savings account,Checking or savings account,1,0.7710002840421639
2025-10-02,16303911,Credit card,Credit card,1,0.7851649399591745
2025-11-04,16982008,Checking or savings account,Checking or savings account,1,0.8761092390196518
2025-11-10,17122308,Credit reporting or other personal consumer reports,Credit reporting or other personal consumer reports,1,0.8711944824942806
2025-07-17,14724902,Credit reporting or other personal consumer reports,Checking or savings account,1,0.6096204628333199
2025-12-18,18141337,Checking or savings account,Checking or savings account,1,0.7536129831206703
2025-08-08,15136617,Credit card,Credit card,1,0.9408184453639771
2025-07-13,14610847,Credit reporting or other personal consumer reports,Debt collection,1,0.6040041060721683
2026-01-19,18837276,Mortgage,Mortgage,1,0.7461352410004946
2025-07-22,14804289,Credit card,Credit card,1,0.8850746399096462
2025-09-10,15848350,Checking or savings account,Checking or savings account,1,0.8458570099453785
2026-01-01,18405386,Checking or savings account,Checking or savings account,1,0.9750409940696848
2025-11-03,16993511,Checking or savings account,Checking or savings account,1,0.9227199501205887
2025-08-25,15501687,Checking or savings account,Checking or savings account,1,0.6131872370314503
2025-08-03,15017819,Credit card,Credit card,1,0.8958806152874547
2025-09-16,15982581,Checking or savings account,Checking or savings account,1,0.6948776459213265
2025-11-19,17370045,Credit card,Credit card,1,0.6358080266412701
2025-11-01,16959887,Credit card,Credit card,1,0.645668641588213
2025-07-01,14399317,Checking or savings account,Checking or savings account,1,0.8979033600348193
2025-08-30,15608017,Credit card,Credit card,1,0.9017559147897796
2026-01-05,18467833,Checking or savings account,Checking or savings account,1,0.7164560977125399
2025-08-25,15501657,Credit card,Credit card,1,0.8657838179945204
2025-07-17,14715246,Checking or savings account,Checking or savings account,1,0.9706186692886937
2025-09-04,15684172,Checking or savings account,Checking or savings account,1,0.9632121962340007
2025-09-29,16239110,Credit card,Credit reporting or other personal consumer reports,1,0.7346925133047276
2025-07-02,14425388,"Money transfer, virtual currency, or money service",Checking or savings account,1,0.6095544402854145
2025-07-11,14591088,Checking or savings account,Checking or savings account,1,0.828861532841796
2025-11-21,17413714,Debt collection,Credit card,1,0.5048040422025815
2025-11-05,17051091,Checking or savings account,Mortgage,1,0.662774359866762
2025-11-17,17311736,"Money transfer, virtual currency, or money service",Checking or savings account,1,0.8828749117961429
2026-01-20,18876763,Checking or savings account,Checking or savings account,1,0.9044187527014539
2025-08-24,15507455,Checking or savings account,Checking or savings account,1,0.9334785653652703
2025-09-10,15842730,Checking or savings account,Checking or savings account,1,0.957930147118134
2025-07-27,14908192,Credit card,Credit card,1,0.7644183671439944
2025-07-01,14385666,Checking or savings account,Checking or savings account,1,0.8985098142230866
2026-01-14,18727343,Checking or savings account,Checking or savings account,1,0.871145168760906
2025-07-22,14798276,Credit card,Credit card,1,0.5693159386205773
2025-07-25,14874660,"Money transfer, virtual currency, or money service",Credit card,1,0.3679283989786435
2025-07-01,14396274,Checking or savings account,"Money transfer, virtual currency, or money service",1,0.5877803652441674
2025-12-26,18306831,Checking or savings account,Checking or savings account,1,0.7456739585341675
2025-10-05,16375295,Vehicle loan or lease,Credit card,1,0.3412849575662205
2025-07-18,14730650,Checking or savings account,Checking or savings account,1,0.5896875932007059
2025-12-24,18268524,Debt collection,Debt collection,1,0.37261131926265706
2025-07-25,14880005,Vehicle loan or lease,Vehicle loan or lease,1,0.6386159666146707
2025-08-11,15213044,Credit card,Credit card,1,0.8598051159389577
2025-12-16,18061786,Mortgage,Mortgage,1,0.6354766009429648
2025-12-16,18074452,Credit card,Credit card,1,0.5907201750404995
2025-08-25,15502902,Checking or savings account,Checking or savings account,1,0.853340670730463
2025-11-07,17062873,Checking or savings account,Checking or savings account,1,0.8570699435071413
2025-07-23,14845672,Checking or savings account,Checking or savings account,1,0.6479010302755642
2025-10-16,16627273,Checking or savings account,Checking or savings account,1,0.597195401280191
2026-01-23,18954130,Checking or savings account,"Money transfer, virtual currency, or money service",1,0.5078941052900126
2025-07-06,14477501,Credit card,Checking or savings account,1,0.5870947527908549
2025-07-11,14602386,Credit card,Credit card,1,0.6813938206133298
2025-07-16,14688168,Checking or savings account,Checking or savings account,1,0.8794125414648643
2025-07-29,14941849,Checking or savings account,Checking or savings account,1,0.951762894684137
2025-07-06,14479395,"Money transfer, virtual currency, or money service",Checking or savings account,1,0.7867946564949851
2025-08-27,15557678,Debt collection,Debt collection,1,0.5113122076810829
2025-09-01,15641349,Checking or savings account,Checking or savings account,1,0.9387540022294854
2025-09-05,15761864,Credit card,Credit card,1,0.75442399211159
2025-11-08,17111232,Credit card,Credit card,1,0.9297259356661218
2025-09-11,15881394,Checking or savings account,Checking or savings account,1,0.447739630342884
2025-08-19,15382961,Checking or savings account,Checking or savings account,1,0.8798893736788768
2025-12-15,18030510,Credit card,Credit card,1,0.9220255168743261
2025-12-31,18397903,Checking or savings account,Credit card,1,0.6322857946241746
2025-12-03,18138898,Debt collection,Debt collection,1,0.7316708652900902
2025-09-21,16111714,Credit card,Credit reporting or other personal consumer reports,1,0.43405189668959765
2025-07-24,14848793,Checking or savings account,Checking or savings account,1,0.552045395426758
2025-12-01,18043012,Credit card,Credit card,1,0.9482195903574414
2025-09-07,15777673,Checking or savings account,Credit card,1,0.6355754765466951
2025-10-30,16932940,"Money transfer, virtual currency, or money service",Checking or savings account,1,0.8354982147973756
2025-10-15,16588098,"Money transfer, virtual currency, or money service","Money transfer, virtual currency, or money service",1,0.8375984770907006
2025-10-25,16817742,Checking or savings account,Checking or savings account,1,0.8750690656888324
2026-01-28,19067418,Checking or savings account,Checking or savings account,1,0.7273618782718213
2025-10-30,16890723,Credit card,Credit reporting or other personal consumer reports,1,0.9248034464205469
2025-08-11,15221425,Credit card,Credit card,1,0.5745299574885313
2025-07-04,14467459,Credit reporting or other personal consumer reports,Credit reporting or other personal consumer reports,1,0.8791458835356248
2025-10-28,16868385,Checking or savings account,Checking or savings account,1,0.45727291668845665
2025-11-12,17156345,Credit card,Credit reporting or other personal consumer reports,1,0.8105313895526761
2025-09-12,15894222,Checking or savings account,Checking or savings account,1,0.9046868200606123
2025-08-23,15477430,Credit reporting or other personal consumer reports,Credit reporting or other personal consumer reports,1,0.7054877846270706
2026-01-29,19110365,Checking or savings account,Checking or savings account,1,0.8081461737791997
2025-07-17,14713407,Credit card,Credit card,1,0.8513082775025617
2025-07-16,14687320,Checking or savings account,"Money transfer, virtual currency, or money service",1,0.4007367168846898
2025-10-14,16576958,Credit card,Credit reporting or other personal consumer reports,1,0.9331179465542231
2025-11-22,17763317,Checking or savings account,Checking or savings account,1,0.7844107060364979
2025-12-31,18395250,Mortgage,Mortgage,1,0.49329669093186707
2025-08-01,15045851,Checking or savings account,Checking or savings account,1,0.9463054484759278
2025-08-12,15235728,Credit card,Credit card,1,0.9094228923534518
2025-09-15,15946047,Credit card,Credit card,1,0.9537931889282384
2026-01-06,18508489,Credit card,Credit card,1,0.9301379841650239
2025-08-24,15510029,Mortgage,Mortgage,1,0.43166594866584446
2026-01-08,18556125,Mortgage,Mortgage,1,0.7222070629544474
2026-01-26,19015308,"Money transfer, virtual currency, or money service",Checking or savings account,1,0.7274123672570041
2025-07-28,14929060,Debt collection,Debt collection,1,0.49398287914897065
2025-12-29,18333499,"Money transfer, virtual currency, or money service",Checking or savings account,1,0.779815738236152
2025-10-02,16287884,Checking or savings account,Checking or savings account,1,0.7728589033756436
2025-12-31,18391282,Credit card,Credit card,1,0.7803101855861816
2025-07-29,14948132,Checking or savings account,Checking or savings account,1,0.9482623857243319
2025-07-23,14835906,Checking or savings account,Checking or savings account,1,0.936213669007833
2025-09-04,15712907,"Money transfer, virtual currency, or money service","Money transfer, virtual currency, or money service",1,0.7735692570213978
2025-12-22,18225394,Credit card,Credit reporting or other personal consumer reports,1,0.38740477451271693
2025-12-04,18141991,Checking or savings account,Checking or savings account,1,0.5328732097255368
2025-09-04,15722695,Checking or savings account,Checking or savings account,1,0.9587652707600046
2026-01-08,18556593,Checking or savings account,Credit card,1,0.5404775948774937
2025-08-05,15090368,Credit card,Credit card,1,0.6038170447320269
2025-12-02,18090300,Checking or savings account,Checking or savings account,1,0.8649339373497292
2026-01-13,18673350,Checking or savings account,Checking or savings account,1,0.6915915246878622
2025-09-15,15940637,Mortgage,Mortgage,1,0.7874263920783772
2025-08-18,15346156,Checking or savings account,Checking or savings account,1,0.8600992279142908
2025-07-07,14508164,Checking or savings account,Checking or savings account,1,0.7646479267692737
2025-12-26,18307950,Checking or savings account,Checking or savings account,1,0.978610104861433
2025-11-12,17191768,Checking or savings account,"Money transfer, virtual currency, or money service",1,0.7549215244522053
2025-09-24,16148450,Credit card,Credit card,1,0.8474972979791908
2025-07-08,14523902,Checking or savings account,Checking or savings account,1,0.9459154444946121
2025-07-31,15005093,Checking or savings account,Checking or savings account,1,0.90366642310824
2025-10-15,16604470,Credit card,Credit card,1,0.48759584575611187
2025-08-03,15017483,Debt collection,Credit card,1,0.7686307942828642
2025-10-09,17829721,Credit card,Credit card,1,0.4913252909361725
2025-11-18,17331625,Checking or savings account,Checking or savings account,1,0.9075173641837216
2025-07-11,14588840,Checking or savings account,Checking or savings account,1,0.8808203019872495
2025-08-19,15371481,"Money transfer, virtual currency, or money service","Money transfer, virtual currency, or money service",1,0.46945693811013767
2025-07-25,14883609,Checking or savings account,Checking or savings account,1,0.8941221629016596
2025-07-24,14864807,Credit card,Credit reporting or other personal consumer reports,1,0.7602635627270155
2026-01-05,18468665,Credit card,Credit card,1,0.9657840346643024
2025-08-12,15237181,Checking or savings account,Checking or savings account,1,0.8347311753132338
2026-01-28,19073883,Mortgage,Mortgage,1,0.7209342118811756
2025-10-30,16920333,"Money transfer, virtual currency, or money service",Checking or savings account,1,0.7590526666719418
2025-10-15,16592729,Checking or savings account,Checking or savings account,1,0.8776815061141137
2025-11-20,17797365,Credit reporting or other personal consumer reports,Credit reporting or other personal consumer reports,1,0.8797970421236845
2025-07-26,14872740,Credit reporting or other personal consumer reports,Credit card,1,0.2685368755220092
2025-08-15,15307566,Credit card,Credit card,1,0.6586064696913123
2025-11-04,17012992,Checking or savings account,Checking or savings account,1,0.9271889776218102
2025-07-17,14708879,Checking or savings account,Checking or savings account,1,0.9573659275141978
2025-11-13,17209039,Checking or savings account,Checking or savings account,1,0.8410405222712884
2025-12-15,18044676,Credit reporting or other personal consumer reports,Credit reporting or other personal consumer reports,1,0.7634134037509698
2025-10-30,16927490,Checking or savings account,Checking or savings account,1,0.685872386537179
2025-09-30,16260438,Credit card,Credit card,1,0.9031796191131015
2025-11-21,17433224,Credit card,Credit card,1,0.8436866929010577
2025-08-25,15503810,Checking or savings account,Checking or savings account,1,0.8872332474028708
2025-12-03,18138943,Checking or savings account,Checking or savings account,1,0.9412990959962909
2025-11-26,17918871,Credit card,Credit reporting or other personal consumer reports,1,0.5586885493666519
2025-08-28,15589455,Checking or savings account,Checking or savings account,1,0.9323381362447685
2025-08-05,15089428,Checking or savings account,Checking or savings account,1,0.8626416115573304
2025-07-13,14620458,Credit reporting or other personal consumer reports,Credit reporting or other personal consumer reports,1,0.8303789297057227
2025-08-20,15406201,"Money transfer, virtual currency, or money service","Money transfer, virtual currency, or money service",1,0.8407754497413699
2026-01-03,18444229,Credit card,Credit card,1,0.8471885888358771
2025-08-08,15178471,Debt collection,Credit card,1,0.28090955410920765
2025-08-07,15148674,Credit reporting or other personal consumer reports,Credit reporting or other personal consumer reports,1,0.8429617379442198
2025-12-23,18247166,Credit card,Checking or savings account,1,0.7181695164441179
2025-09-16,15963962,Checking or savings account,Checking or savings account,1,0.8022466589129894
2025-12-02,18076169,Credit reporting or other personal consumer reports,Credit reporting or other personal consumer reports,1,0.7758931969133553
2026-01-15,18738820,Checking or savings account,Checking or savings account,1,0.9547522592804848
2025-11-06,17072906,Checking or savings account,Checking or savings account,1,0.572024972964699
2025-11-24,17874314,Vehicle loan or lease,Vehicle loan or lease,1,0.6039322141926214
2025-09-30,16270508,Checking or savings account,Checking or savings account,1,0.8678498942044861
2025-10-24,16801494,Checking or savings account,Checking or savings account,1,0.8662166227028582
2025-09-19,16057201,Checking or savings account,Checking or savings account,1,0.9098144034139977
2026-01-28,19085350,Debt collection,Debt collection,1,0.7169108442438249
2026-01-24,18980673,Credit card,Checking or savings account,1,0.7983413289182191
2025-07-25,14878166,"Money transfer, virtual currency, or money service",Checking or savings account,1,0.5164961891872919
2026-01-11,18635358,"Money transfer, virtual currency, or money service","Money transfer, virtual currency, or money service",1,0.8216546820328507
2026-01-03,18443442,Credit card,Credit card,1,0.9127075408994471
2025-10-16,16634762,Checking or savings account,Checking or savings account,1,0.8733413497548429
2025-10-15,16605361,Checking or savings account,Checking or savings account,1,0.8866942452050491
2025-09-03,15707072,"Money transfer, virtual currency, or money service","Money transfer, virtual currency, or money service",1,0.8081296279201183
2025-07-15,14672514,Checking or savings account,Checking or savings account,1,0.44721812705171987
2025-09-05,15710787,"Money transfer, virtual currency, or money service","Money transfer, virtual currency, or money service",1,0.6360554348577802
2025-09-08,15795013,Credit card,Credit reporting or other personal consumer reports,1,0.6113468753218597
2025-08-01,15038443,Checking or savings account,"Money transfer, virtual currency, or money service",1,0.6181363603341364
2025-10-28,16860773,Credit card,Credit card,1,0.7948413358722316
2025-11-27,17957087,Credit card,Credit card,1,0.9542496224783289
2025-07-06,14476337,Checking or savings account,"Money transfer, virtual currency, or money service",1,0.5846130846613503
2025-11-13,17223320,Checking or savings account,Checking or savings account,1,0.9661644409934075
2026-01-07,18550158,Checking or savings account,Checking or savings account,1,0.8859157352558009
2025-10-14,16557131,Credit reporting or other personal consumer reports,Credit reporting or other personal consumer reports,1,0.8358962552832305
2025-07-15,14628947,Credit card,Credit card,1,0.8380836612124011
2025-11-25,17882600,Debt collection,Credit reporting or other personal consumer reports,1,0.5370114980983075
2025-08-02,15020204,Credit reporting or other personal consumer reports,Credit reporting or other personal consumer reports,1,0.919634113050805
2025-07-15,14638394,Checking or savings account,Checking or savings account,1,0.4558777152204052
2025-11-07,17061736,Debt collection,Vehicle loan or lease,1,0.5401438481064392
2025-08-13,15266206,Credit reporting or other personal consumer reports,Credit card,1,0.48980493169340916
2025-11-19,17318293,Credit card,Credit card,1,0.662894217460098
2025-10-23,16769127,Checking or savings account,Checking or savings account,1,0.7908582600035153
2025-07-31,14996052,Checking or savings account,Checking or savings account,1,0.8669702035525636
2025-08-16,15332577,Credit reporting or other personal consumer reports,Credit reporting or other personal consumer reports,1,0.6717245416827438
2025-07-25,14854888,Checking or savings account,"Money transfer, virtual currency, or money service",1,0.5451661072472659
2025-07-13,14624234,Credit card,Credit card,1,0.734855077765904
2025-10-27,16846977,Checking or savings account,Checking or savings account,1,0.9300413053281593
2025-09-30,16281341,Credit card,Credit reporting or other personal consumer reports,1,0.6108831745510163
2025-12-09,17901779,"Money transfer, virtual currency, or money service",Checking or savings account,1,0.7856813011892841
2025-09-19,16059113,Debt collection,Credit reporting or other personal consumer reports,1,0.31587281797165606
2025-07-16,14683237,Checking or savings account,Checking or savings account,1,0.8069414269666422
2025-08-14,15291633,Credit card,Credit card,1,0.9594080149790094
2025-10-14,16561428,Credit card,Credit card,1,0.8218518809597173
2025-12-08,17851538,Checking or savings account,Checking or savings account,1,0.930138389145434
2025-11-13,17225857,Checking or savings account,Credit card,1,0.5205022631472613
2025-09-24,16155682,Credit card,Credit card,1,0.9366569905765334
2025-12-18,18143381,Credit card,Credit card,1,0.8477547444555299
2025-10-24,16813099,Checking or savings account,Checking or savings account,1,0.5984174300928871
2025-12-31,18395114,Credit card,Credit card,1,0.831448706743997
2025-07-31,15009139,"Money transfer, virtual currency, or money service",Checking or savings account,1,0.920849815925497
2025-09-04,15721346,Credit card,Credit card,1,0.8737848234696561
2025-09-12,15895387,Checking or savings account,"Money transfer, virtual currency, or money service",1,0.7127032100564242
2025-08-07,15133021,Credit card,Credit card,1,0.7256609804702076
2025-08-04,15067764,"Money transfer, virtual currency, or money service","Money transfer, virtual currency, or money service",1,0.8330762366471535
2025-10-22,16752803,Credit card,Checking or savings account,1,0.49410305373244284
2025-12-04,17996018,Credit card,Credit card,1,0.653406322196341
2025-11-19,17359185,Checking or savings account,Credit card,1,0.6205962369554886
2025-08-12,15225745,Credit card,Credit card,1,0.41678060253746557
2025-07-08,14535538,Checking or savings account,"Money transfer, virtual currency, or money service",1,0.8389571699264892
2025-09-30,16256790,Credit card,Credit reporting or other personal consumer reports,1,0.8882460522473964
2025-07-26,14902570,Credit card,Checking or savings account,1,0.8009760163944942
2025-09-20,16075383,"Money transfer, virtual currency, or money service","Money transfer, virtual currency, or money service",1,0.8333741664607753
2025-07-11,14597132,"Money transfer, virtual currency, or money service","Money transfer, virtual currency, or money service",1,0.5745071070649587
2025-07-25,14883734,Checking or savings account,Checking or savings account,1,0.8917798278605424
2025-09-01,15650106,Checking or savings account,Checking or savings account,1,0.6846955784904151
2025-08-12,15228574,Checking or savings account,Checking or savings account,1,0.9162879017168759
2025-08-10,15196624,Checking or savings account,Checking or savings account,1,0.7314256072995379
2025-08-30,15624405,Checking or savings account,Checking or savings account,1,0.8500584870892793
2025-08-17,15339955,Credit card,Credit card,1,0.9648653593925319
2025-07-15,14673631,Credit reporting or other personal consumer reports,Credit card,1,0.5520139801931641
2025-10-02,16303223,Credit reporting or other personal consumer reports,Credit card,1,0.728057470758665
2025-08-05,15065008,Credit card,Credit reporting or other personal consumer reports,1,0.48579217599165325
2025-09-07,15764568,Checking or savings account,Checking or savings account,1,0.9093206907209407
2025-11-02,16972654,Debt collection,Credit reporting or other personal consumer reports,1,0.8266855585493441
2025-11-24,17830685,Credit card,Credit card,1,0.8420407849772862
2025-12-23,18247653,Credit card,Credit card,1,0.8762161416097897
2025-12-24,18275500,Checking or savings account,Checking or savings account,1,0.747764773761966
2026-01-27,19037554,Credit card,Credit card,1,0.5499212244650012
2025-12-09,17883842,Checking or savings account,Checking or savings account,1,0.9563536578843039
2026-01-01,18404427,Checking or savings account,Checking or savings account,1,0.5817854669861181
2025-09-03,15690568,Checking or savings account,Checking or savings account,1,0.6254945505618427
2025-11-19,17367756,"Money transfer, virtual currency, or money service",Checking or savings account,1,0.63595160006107
2025-12-03,18071787,Credit card,Credit card,1,0.8856060701593423
2025-09-02,15664057,Checking or savings account,Checking or savings account,1,0.9219992014526076
2025-07-24,14863047,Checking or savings account,Checking or savings account,1,0.6197088436324604
2025-11-06,17069233,Checking or savings account,Credit card,1,0.7054576970862504
2025-08-08,15137091,Checking or savings account,Checking or savings account,1,0.4966534277246673
2026-01-28,19086728,"Money transfer, virtual currency, or money service","Money transfer, virtual currency, or money service",1,0.5992493302435191
2025-11-24,17880192,Credit card,Credit card,1,0.708219606955947
2025-12-08,17840129,Checking or savings account,Checking or savings account,1,0.8072468038460912
2025-08-04,15068406,"Money transfer, virtual currency, or money service",Checking or savings account,1,0.49963739162323817
2025-12-02,18076354,Credit card,Credit card,1,0.60901587766993
2025-07-22,14811748,Checking or savings account,Checking or savings account,1,0.754491341682138
2025-09-04,15723898,Checking or savings account,Checking or savings account,1,0.8655442459228647
2025-10-28,16863466,Credit reporting or other personal consumer reports,Credit card,1,0.38296688270126095
2025-09-10,15828715,"Money transfer, virtual currency, or money service",Checking or savings account,1,0.543540085153473
2025-11-21,17427710,Credit card,Credit card,1,0.4790051749944681
2025-08-26,15536373,Credit card,Credit card,1,0.8692665086252375
2025-07-14,14643968,Checking or savings account,Checking or savings account,1,0.9392420220872407
2026-01-25,18992541,Credit card,Credit card,1,0.8777823793383958
2026-01-11,18638157,Checking or savings account,Checking or savings account,1,0.8592881774971106
2025-09-10,15809429,Credit card,Credit card,1,0.5982640255574513
2025-08-11,15205836,Checking or savings account,Checking or savings account,1,0.9035286499690551
2026-01-22,18909433,Credit card,Credit card,1,0.4315000943604724
2025-07-11,14602507,Checking or savings account,Checking or savings account,1,0.8621453755514946
2025-09-09,15788703,Vehicle loan or lease,Vehicle loan or lease,1,0.535017275654985
2025-10-03,16345990,Credit card,Credit card,1,0.85309738388698
2025-09-04,15712454,Credit card,Credit reporting or other personal consumer reports,1,0.911671217909325
2025-07-21,14768310,Credit card,Credit card,1,0.9439665969295872
2025-09-12,15901314,Credit reporting or other personal consumer reports,Checking or savings account,1,0.3145578627031387
2025-11-03,16987671,Debt collection,Debt collection,1,0.6651105305677634
2025-07-28,14929888,Credit card,Credit card,1,0.8878646467710837
2025-07-09,14541074,Credit card,Credit card,1,0.9217335784518182
2025-09-04,15719518,"Money transfer, virtual currency, or money service",Checking or savings account,1,0.5285739439418363
2025-08-26,15537015,Mortgage,Mortgage,1,0.3913594796702866
2025-10-14,16576982,Checking or savings account,Checking or savings account,1,0.8706771670240604
2025-09-26,16188264,Credit card,Credit card,1,0.8634559864414731
2025-12-09,17866558,Credit card,Credit card,1,0.9633656231462807
2025-10-15,16612017,Credit card,Credit card,1,0.9582592528265024
2025-10-23,16783734,Checking or savings account,Checking or savings account,1,0.9414921092326468
2026-01-27,19024054,Checking or savings account,Checking or savings account,1,0.8859726059146213
2025-09-05,15758312,Vehicle loan or lease,Debt collection,1,0.4079880460311136
2025-09-02,15670543,"Money transfer, virtual currency, or money service",Checking or savings account,1,0.5693243196464047
2025-07-15,14656342,Checking or savings account,Checking or savings account,1,0.9629243487211078
2025-12-29,18339292,Debt collection,Checking or savings account,1,0.685941043871464
2025-07-11,14566681,Checking or savings account,Checking or savings account,1,0.7856102255527356
2025-09-05,15737020,Credit card,Credit card,1,0.8991485862219791
2026-01-23,18953330,Credit card,Credit card,1,0.6798492192273861
2025-11-21,17801151,Checking or savings account,Checking or savings account,1,0.787546464360472
2025-07-08,14522327,Credit card,Credit card,1,0.9333509518728715
2026-01-14,18723965,"Money transfer, virtual currency, or money service",Credit card,1,0.6382914877652223
2025-08-31,15631163,Checking or savings account,Checking or savings account,1,0.9318616249425177
2025-07-02,14427237,Checking or savings account,Checking or savings account,1,0.8063022237663405
2025-09-19,16057809,Checking or savings account,Checking or savings account,1,0.6254328754786823
2025-07-08,14535018,Credit reporting or other personal consumer reports,Credit reporting or other personal consumer reports,1,0.8440707339810453
2025-12-22,18227806,Credit card,Credit card,1,0.9544999371082011
2025-12-08,17834102,Checking or savings account,Checking or savings account,1,0.8998612269867418
2025-09-22,16085499,Debt collection,Debt collection,1,0.6712301494599501
2025-08-12,15228917,Checking or savings account,Checking or savings account,1,0.8828332759200285
2025-09-09,15786831,Credit card,Credit card,1,0.9092735601331347
2025-09-04,15723982,Checking or savings account,Checking or savings account,1,0.5802890258067257
2026-01-29,19117116,Credit card,Credit card,1,0.6806156605005765
2025-12-03,18042650,Checking or savings account,Checking or savings account,1,0.7388920406056441
2025-08-26,15488552,Credit card,Credit card,1,0.9376731123487806
2025-12-09,17876050,Checking or savings account,Checking or savings account,1,0.9001697504640317
2025-07-29,14916675,Checking or savings account,Checking or savings account,1,0.7781061643765675
2025-09-05,15710207,Credit card,Credit card,1,0.8670716360937148
2025-09-16,15981357,Credit card,Credit card,1,0.42269610483662573
2025-08-11,15221467,Credit card,Checking or savings account,1,0.7405411172647088
2025-10-29,16905693,Credit reporting or other personal consumer reports,Credit reporting or other personal consumer reports,1,0.9514728842115955
2025-09-16,15979946,Credit card,Credit card,1,0.8244247833633294
2025-09-30,16267230,Credit card,Credit card,1,0.8829287748442939
2025-12-02,18083073,Credit card,Credit card,1,0.9386794018756444
2025-11-07,17092319,Credit card,Credit card,1,0.790375298553513
2026-01-28,19078708,Credit card,Credit card,1,0.8285025147750115
2025-08-05,15103376,"Money transfer, virtual currency, or money service","Money transfer, virtual currency, or money service",1,0.6604602387764683
2025-07-26,14902586,Checking or savings account,Checking or savings account,1,0.862047605076628
2025-10-08,16457877,"Money transfer, virtual currency, or money service",Checking or savings account,1,0.4704642545953248
2025-10-03,16355197,Checking or savings account,Checking or savings account,1,0.9339426839666115
2026-01-09,18596683,"Money transfer, virtual currency, or money service","Money transfer, virtual currency, or money service",1,0.7369903706217062
2025-07-03,14409939,Credit card,Credit reporting or other personal consumer reports,1,0.3672963994988801
2025-10-31,16943921,Checking or savings account,Checking or savings account,1,0.7067132537540273
2025-11-20,17400009,Credit card,Credit card,1,0.7964523204597665
2025-08-17,15339652,"Money transfer, virtual currency, or money service",Checking or savings account,1,0.572032476207252
2025-10-14,17800947,Checking or savings account,Checking or savings account,1,0.8312614240303423
2025-12-31,18398384,Checking or savings account,Credit card,1,0.850562767534301
2025-10-05,16373244,"Money transfer, virtual currency, or money service",Checking or savings account,1,0.961656747536555
2025-12-26,18304985,Checking or savings account,Checking or savings account,1,0.8308063438526467
2025-08-06,15088628,Credit card,Credit card,1,0.8104394907754487
2025-12-18,18135637,Credit card,Credit card,1,0.8017209765898025
2025-12-31,18395109,Checking or savings account,Checking or savings account,1,0.8706310162885377
2025-10-16,16625205,Credit card,Credit card,1,0.66325778393782
2025-11-30,17957873,Debt collection,Credit reporting or other personal consumer reports,1,0.45660118066107475
2025-12-04,17758731,Checking or savings account,Checking or savings account,1,0.9099021144292411
2025-11-22,17754055,Checking or savings account,Checking or savings account,1,0.9244888172297926
2025-08-28,15579890,Debt collection,Debt collection,1,0.47365239596276404
2025-10-29,16892335,Credit card,Credit card,1,0.9266912683876448
2025-12-15,18057285,Checking or savings account,Checking or savings account,1,0.9535845211948938
2026-01-07,18531708,Checking or savings account,Checking or savings account,1,0.6531619109863727
2025-10-13,16535732,Credit reporting or other personal consumer reports,Credit card,1,0.6770847470443747
2025-12-01,18052318,Mortgage,Mortgage,1,0.7854092777785221
2025-09-19,16054864,Credit card,Credit card,1,0.7984236736341405
2025-11-06,17060198,"Money transfer, virtual currency, or money service",Checking or savings account,1,0.3152759471647981
2025-08-14,15291227,Checking or savings account,Checking or savings account,1,0.9222894944188683
2025-07-01,14387503,Checking or savings account,Credit card,1,0.5609769925244495
2025-09-06,15769611,"Money transfer, virtual currency, or money service","Money transfer, virtual currency, or money service",1,0.6876199088450202
2026-01-28,19063589,Checking or savings account,Checking or savings account,1,0.918814909681727
2025-08-08,15164608,Credit card,Credit card,1,0.7411552732843883
2025-10-13,16535693,Checking or savings account,Checking or savings account,1,0.8517884411760037
2026-01-07,18548033,Credit card,Credit card,1,0.8531965793862311
2025-07-17,14711643,Checking or savings account,Checking or savings account,1,0.8661552792739808
2025-09-05,15749925,Checking or savings account,Checking or savings account,1,0.8680917063017404
2025-07-22,14811500,Checking or savings account,Checking or savings account,1,0.8964458259363418
2025-10-07,16420120,Checking or savings account,Checking or savings account,1,0.8552119090879868
2025-07-31,14990489,Credit card,Credit card,1,0.7469944413490323
2025-08-24,15482201,Debt collection,Credit reporting or other personal consumer reports,1,0.6643521442731176
2025-11-13,17238673,"Money transfer, virtual currency, or money service",Checking or savings account,1,0.6244709906092775
2026-01-09,18598543,Checking or savings account,Checking or savings account,1,0.870536036278213
2025-10-22,16753165,Checking or savings account,Checking or savings account,1,0.8073673112738259
2025-10-14,16585512,Checking or savings account,Checking or savings account,1,0.9377595373474694
2025-07-23,14841807,Checking or savings account,Checking or savings account,1,0.7974430078123406
2025-11-12,17157350,"Money transfer, virtual currency, or money service","Money transfer, virtual currency, or money service",1,0.9349515486654565
2026-01-13,18671422,Checking or savings account,Checking or savings account,1,0.7319857319532385
2025-10-02,16320652,Mortgage,Checking or savings account,1,0.4897164767284338
2025-12-01,17891191,Credit reporting or other personal consumer reports,Checking or savings account,1,0.3856737751824381
2025-09-25,16165818,Checking or savings account,Checking or savings account,1,0.9746787153735591
2025-08-28,15590497,Debt collection,Debt collection,1,0.44546048023660617
2025-09-23,16132963,"Money transfer, virtual currency, or money service","Money transfer, virtual currency, or money service",1,0.5179064498798228
2025-08-21,15397007,Checking or savings account,Checking or savings account,1,0.6024717419445397
2025-12-03,18107729,Checking or savings account,"Money transfer, virtual currency, or money service",1,0.5994954921776388
2026-01-24,18981826,Checking or savings account,"Money transfer, virtual currency, or money service",1,0.8571479135886286
2025-08-08,15172705,Credit card,Credit card,1,0.6999195860097759
2025-11-28,17928764,Checking or savings account,Checking or savings account,1,0.6489163868378857
2025-07-09,14555562,Checking or savings account,Checking or savings account,1,0.6627436094748155
2025-11-20,17797867,Credit card,Credit card,1,0.8962338590177308
2025-07-18,14731800,Credit card,Credit card,1,0.8318477854980227
2025-09-05,15743054,Credit card,Credit card,1,0.8310259401900786
2025-11-24,17828366,Vehicle loan or lease,Vehicle loan or lease,1,0.6741022348283939
2025-08-06,15125452,Credit reporting or other personal consumer reports,Credit reporting or other personal consumer reports,1,0.8442363971513475
2025-12-18,18139437,Checking or savings account,Checking or savings account,1,0.5397568451546358
2025-08-25,15499296,Checking or savings account,Checking or savings account,1,0.8335471527870708
2025-11-03,17000535,Credit card,Credit card,1,0.7993783737793144
2025-09-24,16158934,Checking or savings account,Checking or savings account,1,0.8443371152947652
2025-07-31,14997883,Debt collection,Checking or savings account,1,0.6393310409327977
2025-11-25,17931770,Checking or savings account,Checking or savings account,1,0.9749745778794477
2025-07-01,14395379,Credit card,Credit reporting or other personal consumer reports,1,0.64927216637772
2025-09-28,16216631,Checking or savings account,Checking or savings account,1,0.7688290501293847
2025-09-24,16158453,Checking or savings account,Checking or savings account,1,0.924632409229781
2025-08-28,15593832,Credit card,Credit reporting or other personal consumer reports,1,0.6883808859705214
2025-07-20,14784687,"Money transfer, virtual currency, or money service",Checking or savings account,1,0.5410570901590722
2025-11-17,17294277,Credit card,Credit card,1,0.870184832778179
2025-07-13,14623960,Credit reporting or other personal consumer reports,Credit card,1,0.7013047726883621
2025-08-30,15627032,Vehicle loan or lease,Vehicle loan or lease,1,0.33758126787772297
2025-09-13,15920916,Checking or savings account,Checking or savings account,1,0.9558372620693733
2025-10-17,16666580,Checking or savings account,Checking or savings account,1,0.848816902701464
2025-09-26,16167022,Checking or savings account,Checking or savings account,1,0.8927935586817406
2025-07-01,14363099,Credit reporting or other personal consumer reports,Credit reporting or other personal consumer reports,1,0.687785298483213
2026-01-26,19005816,Checking or savings account,Checking or savings account,1,0.7720331153361143
2025-09-24,16154955,Checking or savings account,Checking or savings account,1,0.835947561808083
2025-09-11,15872821,"Money transfer, virtual currency, or money service",Checking or savings account,1,0.6529856116310628
2025-07-02,14426236,Credit reporting or other personal consumer reports,Credit reporting or other personal consumer reports,1,0.7423656660151297
2025-07-31,14985122,Checking or savings account,Checking or savings account,1,0.6371407118352534
2025-08-01,15039573,Checking or savings account,Checking or savings account,1,0.4926322161177317
2025-07-22,14765850,Credit card,Credit reporting or other personal consumer reports,1,0.8474952306785332
2025-08-22,15447485,Checking or savings account,Checking or savings account,1,0.9243551102933959
2026-01-28,19071634,Credit card,Credit card,1,0.742247652755719
2025-10-30,16924755,Credit card,Credit card,1,0.7564460155719498
2025-11-03,16989709,Checking or savings account,Checking or savings account,1,0.8156395977963875
2025-12-08,17840037,Credit card,Credit card,1,0.8061226494297884
2025-11-30,17988132,Checking or savings account,Checking or savings account,1,0.638049983888831
2025-12-18,18152482,Credit card,Credit card,1,0.8883519027297867
2025-10-08,16432389,Credit card,Credit reporting or other personal consumer reports,1,0.33144968688437565
2025-07-13,14620933,Credit reporting or other personal consumer reports,Credit reporting or other personal consumer reports,1,0.5881595953615518
2025-08-11,15214188,Checking or savings account,Checking or savings account,1,0.9488979497382505
2025-09-23,16136523,Checking or savings account,Checking or savings account,1,0.8968193907615344
2026-01-20,18857170,Credit card,Credit card,1,0.8100755951594509
2025-09-12,15907538,Mortgage,Mortgage,1,0.7659875668893404
2026-01-21,18898413,Checking or savings account,"Money transfer, virtual currency, or money service",1,0.5198811896908876
2025-08-11,15220466,Credit reporting or other personal consumer reports,Credit reporting or other personal consumer reports,1,0.8835376921452035
2026-01-21,18897322,Checking or savings account,Credit reporting or other personal consumer reports,1,0.6181285247934051
2025-08-17,15336554,Checking or savings account,Checking or savings account,1,0.8207416951192424
2025-11-27,17984650,Mortgage,Mortgage,1,0.8400748021470473
2025-09-27,16217824,Credit card,Credit card,1,0.9050143741840527
2025-07-27,14908580,Checking or savings account,Checking or savings account,1,0.8810417723203567
2025-11-17,17278646,Checking or savings account,Checking or savings account,1,0.9322684972441562
2025-08-12,15235500,Checking or savings account,Checking or savings account,1,0.9375701011261635
2025-09-24,16151787,Checking or savings account,Checking or savings account,1,0.9299165171738303
2025-10-08,16452648,Checking or savings account,Checking or savings account,1,0.9069442882136368
2025-08-14,15252756,Credit reporting or other personal consumer reports,Checking or savings account,1,0.9032194161713886
2025-07-04,14472329,Credit card,Credit card,1,0.9278559072867579
2026-01-01,18404973,Credit card,Credit card,1,0.7837999026616478
2025-11-03,16985343,Credit card,Credit card,1,0.4942361740005324
2025-10-27,16846909,Checking or savings account,Checking or savings account,1,0.9252158439196713
2025-11-15,17271908,"Money transfer, virtual currency, or money service","Money transfer, virtual currency, or money service",1,0.9291488824913688
2025-08-24,15509770,Credit reporting or other personal consumer reports,Credit card,1,0.6227753872158619
2025-09-24,16151384,Checking or savings account,Checking or savings account,1,0.5082694875500645
2025-11-29,17985809,Credit card,Credit card,1,0.9285738809001681
2025-07-11,14600956,Mortgage,Mortgage,1,0.8807041010601967
2025-07-05,14499422,"Money transfer, virtual currency, or money service","Money transfer, virtual currency, or money service",1,0.6926990801498466
2025-10-01,16309496,Checking or savings account,Checking or savings account,1,0.606254992271415
2025-08-04,15073653,Credit card,Checking or savings account,1,0.5419395494920504
2025-07-09,14559113,Credit card,Credit card,1,0.9435002227725217
2026-01-20,18863478,Checking or savings account,Credit card,1,0.7926493065579908
2025-12-04,18169721,Checking or savings account,Checking or savings account,1,0.5935105868792525
2025-10-02,16314560,"Money transfer, virtual currency, or money service",Checking or savings account,1,0.6427503975231559
2025-07-13,14610397,Checking or savings account,Checking or savings account,1,0.9222930449834568
2025-12-22,18217706,Credit card,Credit reporting or other personal consumer reports,1,0.7729693778981037
2026-01-06,18495202,Checking or savings account,Checking or savings account,1,0.9092348890321608
2025-10-10,16488393,Checking or savings account,Checking or savings account,1,0.9163442314677005
2025-07-25,14882803,Vehicle loan or lease,Vehicle loan or lease,1,0.8287183153705014
2025-07-10,14568317,Credit card,Credit card,1,0.9287399388148855
2025-08-27,15549313,Vehicle loan or lease,Credit card,1,0.7789429494643242
2025-07-10,14572596,Credit card,Credit card,1,0.5927030092311166
2025-11-19,17369539,Credit reporting or other personal consumer reports,Credit card,1,0.6215323225069828
2025-11-28,17922355,Checking or savings account,Checking or savings account,1,0.7341131899440541
2026-01-12,18657580,Checking or savings account,Checking or savings account,1,0.8972007566906428
2025-11-22,17773463,"Money transfer, virtual currency, or money service",Checking or savings account,1,0.5124817916603381
2025-08-26,15530224,Mortgage,Credit card,1,0.40786734629282523
2026-01-06,18504500,Checking or savings account,Credit card,1,0.951670190379034
2025-08-31,15628171,Credit card,Credit card,1,0.8675921903000928
2025-11-21,17419261,Credit card,Credit card,1,0.9305160335615686
2025-07-08,14493166,Credit reporting or other personal consumer reports,Credit reporting or other personal consumer reports,1,0.6449154469084861
2025-07-09,14542876,Credit card,Credit card,1,0.954094848311633
2025-07-22,14799014,Credit card,Credit card,1,0.6691637880210587
2025-10-20,16698849,Checking or savings account,Checking or savings account,1,0.9425696343298838
2026-01-07,18539067,Checking or savings account,Checking or savings account,1,0.9024017766436797
2025-07-04,14465358,Credit reporting or other personal consumer reports,Credit card,2,0.7344447494833432
2025-11-04,17022699,Checking or savings account,Checking or savings account,1,0.8174606468637916
2026-01-24,18981040,Credit card,Credit card,1,0.8941769117022833
2025-11-17,17304305,Credit card,Checking or savings account,1,0.5190066171344229
2025-08-26,15535110,Credit card,Credit card,1,0.9608759323998033
2025-12-18,18150467,Credit reporting or other personal consumer reports,Credit reporting or other personal consumer reports,1,0.6534006704468348
2025-12-31,18386184,Checking or savings account,Checking or savings account,1,0.9240386457177635
2025-07-04,14472153,Vehicle loan or lease,Vehicle loan or lease,1,0.7286451611085322
2025-10-27,16831878,Checking or savings account,Checking or savings account,1,0.5516765526149789
2025-08-22,15453859,Checking or savings account,Checking or savings account,1,0.7302958604970965
2025-09-27,16218467,Checking or savings account,Checking or savings account,1,0.9005081331316367
2025-08-15,15277489,Checking or savings account,Checking or savings account,1,0.922692942213431
2025-08-02,15027841,Checking or savings account,Checking or savings account,1,0.9834915544069984
2026-01-21,18891772,Credit card,Credit card,1,0.6452491327707489
2025-11-13,17183197,Credit reporting or other personal consumer reports,Credit reporting or other personal consumer reports,1,0.8654985161465008
2025-07-18,14731500,Checking or savings account,Checking or savings account,1,0.8950200778629537
2025-09-22,16083587,Checking or savings account,Checking or savings account,1,0.7734766042723843
2025-07-31,14985881,Checking or savings account,Checking or savings account,1,0.7165167081441167
2025-10-31,16956443,Checking or savings account,Checking or savings account,1,0.8979138052051171
2025-08-18,15344642,Credit card,Credit card,1,0.8057144164476827
2025-07-05,14463538,Checking or savings account,Checking or savings account,1,0.5522168153986566
2025-12-30,18378876,Debt collection,Credit card,1,0.48034432726699244
2025-07-11,14594120,Checking or savings account,Checking or savings account,1,0.8219738971558943
2025-07-25,14886588,Checking or savings account,Checking or savings account,1,0.6327916504151828
2025-12-21,18208454,Debt collection,Credit reporting or other personal consumer reports,1,0.8204353876820699
2026-01-29,19089003,"Money transfer, virtual currency, or money service",Checking or savings account,1,0.7086580669442548
2025-10-23,16782045,Checking or savings account,Checking or savings account,1,0.5662429878375569
2026-01-21,18903559,Checking or savings account,Checking or savings account,1,0.9311728684461631
2025-07-17,14716470,Credit card,Credit card,1,0.9092391356860315
2025-08-22,15466517,Credit card,Credit card,1,0.9450589179240069
2025-09-03,15693736,Checking or savings account,Checking or savings account,1,0.8938553143216249
2025-11-06,17083665,Checking or savings account,Checking or savings account,1,0.5620410422765293
2025-09-26,16203279,"Money transfer, virtual currency, or money service","Money transfer, virtual currency, or money service",1,0.8551877550807934
2025-09-02,15678947,Credit reporting or other personal consumer reports,Checking or savings account,1,0.3708929150205318
2025-08-26,15530612,"Money transfer, virtual currency, or money service","Money transfer, virtual currency, or money service",1,0.8515029268626036
2025-07-05,14500844,Credit card,Credit reporting or other personal consumer reports,1,0.8729010841234309
2025-11-04,17012768,Credit card,Credit card,1,0.6956760186444818
2025-09-08,15774178,Checking or savings account,"Money transfer, virtual currency, or money service",1,0.7068415013108131
2025-10-20,16701734,Credit card,Checking or savings account,1,0.4929836162377419
2025-10-16,16630800,Checking or savings account,Checking or savings account,1,0.8748960316937916
2025-09-06,15754980,Credit reporting or other personal consumer reports,Credit reporting or other personal consumer reports,1,0.6205325616104086
2026-01-14,18701924,Checking or savings account,Checking or savings account,1,0.8225736739365592
2025-11-04,17018788,Checking or savings account,Checking or savings account,1,0.8596642576496033
2026-01-21,18892679,Checking or savings account,Checking or savings account,1,0.9149387418402877
2025-12-08,17816376,Credit card,Credit card,1,0.7582310002261017
2025-08-28,15587883,Mortgage,Mortgage,1,0.741520349469693
2025-10-26,16826982,"Money transfer, virtual currency, or money service","Money transfer, virtual currency, or money service",1,0.8622238046403415
2025-11-04,17014291,Checking or savings account,Checking or savings account,1,0.9570300837473594
2025-07-23,14840831,Credit card,Credit card,1,0.9034139366584957
2025-11-23,17454333,"Money transfer, virtual currency, or money service","Money transfer, virtual currency, or money service",1,0.5874467068288192
2025-10-09,16475176,Credit card,Credit card,1,0.8635156988681292
2025-12-01,18044665,Checking or savings account,Checking or savings account,1,0.6424917596186875
2025-09-22,16111213,Credit card,Credit card,1,0.8743814321041253
2025-09-28,16227514,Credit card,Credit card,1,0.9053892350622782
2025-07-31,15009428,Credit reporting or other personal consumer reports,Credit reporting or other personal consumer reports,1,0.854483053428686
2025-07-29,14914954,Credit card,Credit card,1,0.7064108883040835
2025-10-10,16489039,Credit reporting or other personal consumer reports,Credit reporting or other personal consumer reports,1,0.8764774617162888
2025-10-12,16528456,Checking or savings account,Checking or savings account,1,0.9628734546603531
2025-07-12,14611380,Checking or savings account,Checking or savings account,1,0.8564145873942405
2025-10-27,16857244,Checking or savings account,Checking or savings account,1,0.7025403730239649
2025-07-12,14587859,Credit card,Credit card,1,0.8414551559743532
2025-12-03,18074348,Credit card,Credit card,1,0.557194403733532
2025-08-14,15292316,Credit card,Credit card,1,0.8123383646256747
2025-08-02,15020905,Checking or savings account,Credit card,1,0.5392045207279962
2025-11-06,17083133,Checking or savings account,Checking or savings account,1,0.9441000291323509
2025-11-10,17136900,Checking or savings account,Checking or savings account,1,0.9772478919422415
2025-07-02,14401858,Checking or savings account,Checking or savings account,1,0.9075967352292924
2025-11-08,17090958,Checking or savings account,Checking or savings account,1,0.9426598993451757
2025-08-09,15187811,Checking or savings account,Checking or savings account,1,0.6779937086120631
2025-09-12,15898493,Credit card,Credit card,1,0.8623025485299957
2025-07-07,14505047,Credit card,Credit card,1,0.6630645020256513
2025-10-12,16530237,Checking or savings account,Checking or savings account,1,0.9013827301238799
2025-08-28,15588522,"Money transfer, virtual currency, or money service","Money transfer, virtual currency, or money service",1,0.6874922177212586
2025-09-17,16001985,Debt collection,Credit reporting or other personal consumer reports,1,0.7634494937410975
2025-08-13,15259663,Checking or savings account,Credit card,1,0.5477966971046639
2025-12-16,18080577,Checking or savings account,Checking or savings account,1,0.5978479238193898
2025-12-23,18235122,"Money transfer, virtual currency, or money service","Money transfer, virtual currency, or money service",1,0.8083367154399986
2025-08-14,15289539,Credit card,Credit card,1,0.8710778759256144
2025-12-22,18226133,Credit reporting or other personal consumer reports,Credit reporting or other personal consumer reports,1,0.8503460846444293
2026-01-30,19125497,Checking or savings account,Checking or savings account,1,0.8750728579927132
2025-09-26,16213616,Checking or savings account,Checking or savings account,1,0.9635021923246397
2025-08-29,15618136,Credit reporting or other personal consumer reports,Vehicle loan or lease,1,0.693545388623711
2025-11-12,17185860,Credit card,Credit card,1,0.6795263673293794
2025-10-28,16870379,Credit card,Credit reporting or other personal consumer reports,1,0.4740434370601821
2025-09-22,16081304,Checking or savings account,Checking or savings account,1,0.9065521383799661
2025-08-07,15113866,Debt collection,Credit card,1,0.4983397890623067
2025-08-04,15067649,Checking or savings account,Credit card,1,0.6376497797612511
2025-12-08,17816631,Credit card,Checking or savings account,1,0.6793787206539376
2025-10-12,16527838,Credit card,Credit card,1,0.5417774074607535
2025-09-04,15719187,Checking or savings account,"Money transfer, virtual currency, or money service",1,0.4096344983139326
2026-01-07,18536046,Checking or savings account,Checking or savings account,1,0.8396928562013155
2025-09-17,16002671,Credit card,Credit card,1,0.7044803266125573
2026-01-21,18880085,Credit card,Credit card,1,0.9116579999917436
2025-12-26,18289448,Credit card,Credit card,1,0.66173148009923
2026-01-27,19052215,Vehicle loan or lease,Mortgage,1,0.30621564825719655
2025-11-06,17069480,Credit card,Credit card,1,0.9019293835356802
2025-07-18,14742043,Checking or savings account,Checking or savings account,1,0.9491023102635111
2025-11-27,17559125,Credit card,Credit card,1,0.932049145001784
2025-10-21,16694484,Checking or savings account,Checking or savings account,1,0.8779385301843998
2025-07-20,14785177,Checking or savings account,Checking or savings account,1,0.93295292389294
2025-11-21,17418238,Credit card,Credit card,1,0.9531558073227947
2025-08-18,15346975,Checking or savings account,"Money transfer, virtual currency, or money service",1,0.6775759952056261
2025-10-23,16790916,Checking or savings account,Checking or savings account,1,0.6761009579944178
2025-09-08,15793549,Credit card,Credit card,1,0.8271565140396521
2025-10-17,16658559,Credit card,Credit card,1,0.7950053628623324
2026-01-28,19081718,Checking or savings account,Checking or savings account,1,0.8171679544971461
2025-08-05,15092735,Credit card,Credit card,1,0.6781033388118001
2025-09-03,15697438,Checking or savings account,"Money transfer, virtual currency, or money service",1,0.6483210515445944
2025-07-01,14394634,Checking or savings account,Checking or savings account,1,0.9067953593013413
2025-10-17,16665915,Checking or savings account,Checking or savings account,1,0.7516706735410885
2025-09-16,15933946,Credit card,Credit reporting or other personal consumer reports,1,0.6205430921981244
2026-01-09,18603286,Credit card,Credit card,1,0.9029268605455018
2025-09-11,15883645,Checking or savings account,Checking or savings account,1,0.7879781997402527
2026-01-08,18553368,Checking or savings account,Checking or savings account,1,0.5397238745683454
2025-07-16,14682283,Credit reporting or other personal consumer reports,Credit reporting or other personal consumer reports,1,0.7705270485784531
2025-07-08,14515547,"Money transfer, virtual currency, or money service",Checking or savings account,1,0.5878082347461294
2025-07-23,14838463,Checking or savings account,Checking or savings account,1,0.8245303416418249
2025-08-15,15318559,Checking or savings account,Checking or savings account,1,0.8511899445504884
2025-07-22,14800947,Checking or savings account,Checking or savings account,1,0.9520511742912431
2025-08-28,15573982,"Money transfer, virtual currency, or money service",Checking or savings account,1,0.6728246854824503
2025-10-15,16606487,"Money transfer, virtual currency, or money service",Checking or savings account,1,0.5792176248513157
2026-01-14,18708699,Credit card,Credit card,1,0.7795657818219691
2025-12-18,18144167,Checking or savings account,Checking or savings account,1,0.6962439704605946
2025-08-18,15334541,Credit card,Credit card,1,0.8255061729746855
2026-01-27,19024313,Checking or savings account,Checking or savings account,1,0.744897169844161
2025-11-05,17040812,Mortgage,Mortgage,1,0.8253866922905075
2026-01-23,18965020,Debt collection,Debt collection,1,0.45939148788060824
2025-11-19,17368816,Credit card,Credit card,1,0.4998208394252536
2025-09-16,15979623,"Money transfer, virtual currency, or money service",Credit card,1,0.3819894819279148
2026-01-09,18607137,Credit card,Credit card,1,0.9263036559258917
2026-01-30,19131598,Checking or savings account,Checking or savings account,1,0.9447749323039986
2025-10-10,16513038,Checking or savings account,Checking or savings account,1,0.8927958827273464
2025-11-08,17117037,"Money transfer, virtual currency, or money service",Checking or savings account,1,0.5684112931280229
2025-10-21,16731540,Mortgage,Credit card,1,0.8160626487149668
2025-07-29,14945116,Checking or savings account,Checking or savings account,1,0.8707325035221651
2025-11-24,17473730,Credit card,Credit card,1,0.8424325477549136
2025-09-29,16241431,Checking or savings account,Checking or savings account,1,0.6399751579303151
2026-01-13,18695096,Checking or savings account,Checking or savings account,1,0.9182396477034412
2025-08-02,15029378,Credit card,Credit card,1,0.5234969799312152
2025-07-02,14412497,Debt collection,Vehicle loan or lease,1,0.6293277409133738
2025-09-16,15962970,"Money transfer, virtual currency, or money service","Money transfer, virtual currency, or money service",1,0.6227342099502883
2025-11-07,18146004,Checking or savings account,Checking or savings account,1,0.5392185080283906
2025-07-18,14733673,Checking or savings account,Checking or savings account,1,0.8908994420251141
2025-09-15,15944868,Checking or savings account,Checking or savings account,1,0.8889231499036403
2025-11-08,17113731,Credit card,Credit card,1,0.8427741722362554
2025-12-18,18158136,Checking or savings account,Checking or savings account,1,0.6885376455765249
2025-08-11,15206926,Mortgage,Mortgage,1,0.6513043295293608
2025-07-01,14385430,Credit card,Credit card,1,0.7867170210512623
2025-10-21,16692725,Checking or savings account,Credit card,1,0.6046705316704469
2025-07-09,14535849,Checking or savings account,Credit card,1,0.7532928780897364
2026-01-20,18863724,Checking or savings account,Checking or savings account,1,0.9083923906830856
2025-10-27,16839095,Mortgage,Mortgage,1,0.8783207306651878
2025-10-20,16705575,Checking or savings account,Checking or savings account,1,0.91760371552135
2025-07-25,14877212,Debt collection,Debt collection,1,0.605378426064393
2025-12-31,18395207,Credit card,Credit card,1,0.9373386864059063
2025-07-05,14480745,Credit reporting or other personal consumer reports,Credit reporting or other personal consumer reports,1,0.7023801768918573
2025-10-24,16804117,Credit card,Credit card,1,0.8361014800269051
2025-10-23,16765945,Checking or savings account,Checking or savings account,1,0.7289611962400012
2025-11-03,16981648,Checking or savings account,Checking or savings account,1,0.9144618425473175
2026-01-01,18399889,Credit card,Debt collection,1,0.3068652651311417
2025-11-06,17033765,Checking or savings account,Checking or savings account,1,0.5837396020403746
2025-11-17,17299190,Checking or savings account,Checking or savings account,1,0.9514426721420336
2025-07-21,14777557,Mortgage,Mortgage,1,0.7629694453088716
2025-09-24,16096874,Checking or savings account,Checking or savings account,1,0.9019169611070481
2025-09-05,15732825,"Money transfer, virtual currency, or money service","Money transfer, virtual currency, or money service",1,0.5530608112634113
2025-09-30,16259790,Checking or savings account,Checking or savings account,1,0.9344694869764257
2025-11-17,17298478,Checking or savings account,Checking or savings account,1,0.9152004092316014
2025-08-15,15278080,Checking or savings account,Checking or savings account,1,0.8746749605776228
2026-01-05,18461456,Checking or savings account,Checking or savings account,1,0.8565805512067167
2025-07-07,14510764,Checking or savings account,Checking or savings account,1,0.9359661269608596
2026-01-20,18875578,Credit card,Credit card,1,0.9398966401243545
2025-11-26,18903565,"Money transfer, virtual currency, or money service","Money transfer, virtual currency, or money service",1,0.7487562991934812
2025-08-02,15021279,Checking or savings account,Checking or savings account,1,0.9238935591703878
2025-10-23,16768084,Checking or savings account,Checking or savings account,1,0.632072853064961
2025-08-03,15017779,Credit card,Credit card,1,0.8895613835836409
2026-01-24,18985310,Debt collection,Credit card,1,0.8313960368352538
2026-01-19,18831531,Checking or savings account,Checking or savings account,1,0.8416563261688088
2025-10-16,16622916,Checking or savings account,Checking or savings account,1,0.8271413529984658
2025-08-20,15405999,Checking or savings account,Checking or savings account,1,0.9259787509402567
2025-10-10,16489938,"Money transfer, virtual currency, or money service",Checking or savings account,1,0.8412525315258476
2025-08-14,15291501,Checking or savings account,Checking or savings account,1,0.6445423801654889
2025-07-15,14664202,Debt collection,Debt collection,1,0.7615479634721437
2025-08-15,15316031,Checking or savings account,Checking or savings account,1,0.8023341593610538
2025-12-08,17851405,Debt collection,Debt collection,1,0.6724385625472308
2025-08-27,15551320,"Money transfer, virtual currency, or money service",Checking or savings account,1,0.7199908031673727
2025-10-17,16657313,Checking or savings account,Checking or savings account,1,0.844886945989455
2025-09-26,16199519,Credit reporting or other personal consumer reports,Credit card,1,0.7150710071194082
2025-08-19,15382512,Credit card,Credit reporting or other personal consumer reports,1,0.36449572091152277
2025-10-21,16731907,Debt collection,Credit card,1,0.6809411624909031
2026-01-20,18865912,Credit card,Credit card,1,0.2944783988696445
2025-07-26,14896738,Credit card,Checking or savings account,1,0.5639016169463287
2026-01-18,18816909,Vehicle loan or lease,Vehicle loan or lease,1,0.5692228224431392
2026-01-30,19135634,Credit card,Credit card,1,0.7617504507960734
2025-07-10,14576954,Checking or savings account,Checking or savings account,1,0.9022450076740972
2025-11-20,17388997,Credit card,Credit card,1,0.8153686338606644
2026-01-28,19060757,Checking or savings account,Checking or savings account,1,0.5568120210606283
2025-07-22,14797657,Mortgage,Mortgage,1,0.7511940933972694
2026-01-03,18435888,Checking or savings account,Checking or savings account,1,0.7731283078949542
2025-11-15,17241428,Checking or savings account,Checking or savings account,1,0.9734175821612601
2026-01-09,18588646,"Money transfer, virtual currency, or money service","Money transfer, virtual currency, or money service",1,0.5394731869173136
2026-01-13,18683815,Checking or savings account,Checking or savings account,1,0.836775775855382
2025-08-01,15035210,Credit card,Credit card,1,0.8859087310760296
2026-01-28,19086310,Checking or savings account,Checking or savings account,1,0.8297647838685464
2025-08-21,15432849,Checking or savings account,Checking or savings account,1,0.85915516075772
2026-01-20,18866543,Checking or savings account,Checking or savings account,1,0.5245535792938822
2025-09-27,16219526,Credit card,Credit card,1,0.9570489955969917
2025-12-22,18221831,Checking or savings account,Checking or savings account,1,0.8371082114792984
2025-12-24,18272874,Checking or savings account,Checking or savings account,1,0.9402996296457315
2025-08-15,15313671,Credit card,Checking or savings account,1,0.5147397249851443
2025-07-30,14979428,Credit card,Credit card,1,0.7486117258577157
2025-08-22,15462174,Checking or savings account,Checking or savings account,1,0.9650952546339879
2025-08-28,15588512,Credit reporting or other personal consumer reports,Credit reporting or other personal consumer reports,1,0.9026755986546678
2026-01-13,18668491,Checking or savings account,"Money transfer, virtual currency, or money service",1,0.4927102887076005
2025-12-09,17883887,Credit card,Credit card,1,0.9507872739320166
2025-08-08,15169167,"Money transfer, virtual currency, or money service","Money transfer, virtual currency, or money service",1,0.4476724901626025
2025-08-14,15290226,Credit reporting or other personal consumer reports,Credit reporting or other personal consumer reports,1,0.8855410210955222
2025-10-30,16926336,"Money transfer, virtual currency, or money service","Money transfer, virtual currency, or money service",1,0.6994047441353506
2025-08-01,15045968,Checking or savings account,Checking or savings account,1,0.6469365428560119
2026-01-03,18444369,Checking or savings account,Checking or savings account,1,0.892589716340528
2025-08-11,15221466,Checking or savings account,Checking or savings account,1,0.48802371614874546
2025-08-14,15287488,Checking or savings account,Checking or savings account,1,0.5248777418741727
2025-09-21,16113451,Credit card,Credit card,1,0.6499581013208559
2025-08-19,15371436,Checking or savings account,Checking or savings account,1,0.7557414457236232
2025-07-14,14649156,Checking or savings account,Checking or savings account,1,0.8529082329990603
2025-09-02,15673143,Checking or savings account,Checking or savings account,1,0.9293402848203417
2025-12-18,18155270,Credit reporting or other personal consumer reports,Checking or savings account,1,0.5772748627990016
2025-08-25,15507149,"Money transfer, virtual currency, or money service",Checking or savings account,1,0.5755350325528045
2025-08-23,15478089,"Money transfer, virtual currency, or money service",Checking or savings account,1,0.49500358052612076
2025-11-21,17426251,Credit reporting or other personal consumer reports,Credit reporting or other personal consumer reports,1,0.699166477076162
2026-01-07,18532413,Checking or savings account,Checking or savings account,1,0.9517619895663975
2026-01-02,18419242,Checking or savings account,Checking or savings account,1,0.41924733524177454
2025-07-02,14416236,Credit reporting or other personal consumer reports,Credit reporting or other personal consumer reports,1,0.8599817367890497
2025-10-25,16819149,Checking or savings account,Checking or savings account,1,0.947679990606261
2025-10-29,16909700,"Money transfer, virtual currency, or money service","Money transfer, virtual currency, or money service",1,0.8896127384492213
2025-07-27,14911815,Checking or savings account,Checking or savings account,1,0.9064125611598807
2025-09-15,15957282,Credit card,Credit card,1,0.8151731875292819
2025-09-23,16132087,Checking or savings account,Checking or savings account,1,0.9633118021175471
2025-10-15,16598438,Credit reporting or other personal consumer reports,Credit reporting or other personal consumer reports,1,0.7336734647262775
2026-01-02,18417599,Checking or savings account,Checking or savings account,1,0.8863091485838144
2025-12-05,17764224,Checking or savings account,Checking or savings account,1,0.8298299878236076
2026-01-28,19056784,Checking or savings account,Checking or savings account,1,0.8468753160370972
2025-09-19,16062918,Credit card,Credit reporting or other personal consumer reports,1,0.7832696985911779
2026-01-22,18925499,Credit card,Checking or savings account,1,0.6005121785887244
2026-01-29,19106494,Credit card,Credit card,1,0.9414076218211026
2025-10-03,16356443,Checking or savings account,Credit card,1,0.8270297433195783
2025-09-24,16156939,Checking or savings account,Checking or savings account,1,0.903130908393038
2025-07-09,14528789,Credit reporting or other personal consumer reports,Credit reporting or other personal consumer reports,1,0.9126949401193097
2025-07-31,14992424,Credit reporting or other personal consumer reports,Credit reporting or other personal consumer reports,1,0.398477742015482
2025-09-04,15726770,Credit card,Credit card,1,0.5165099156412826
2025-09-22,16081174,Credit reporting or other personal consumer reports,Credit reporting or other personal consumer reports,1,0.8567539155158616
2025-12-04,18079811,Vehicle loan or lease,Vehicle loan or lease,1,0.31700714869770347
2025-09-02,15638068,Checking or savings account,Checking or savings account,1,0.674083087621244
2025-10-03,16352272,Credit reporting or other personal consumer reports,Credit reporting or other personal consumer reports,1,0.9657200866407307
2025-08-21,15432974,Checking or savings account,Checking or savings account,1,0.8859091712166488
2026-01-06,18511156,Credit card,Credit card,1,0.9355080293244843
2025-08-15,15307645,Checking or savings account,Checking or savings account,1,0.7408301729950794
2025-07-09,14547970,Checking or savings account,Checking or savings account,1,0.9191397602150232
2025-07-30,14987373,"Money transfer, virtual currency, or money service",Checking or savings account,1,0.8474700750777298
2025-07-25,14884177,"Money transfer, virtual currency, or money service","Money transfer, virtual currency, or money service",1,0.8994354890238069
2026-01-13,18700257,Credit card,Credit card,1,0.8851537799455581
2025-10-07,16425549,Debt collection,Credit reporting or other personal consumer reports,1,0.5764351128418926
2025-10-29,16897801,Checking or savings account,Checking or savings account,1,0.9236382165353506
2026-01-29,19113654,Checking or savings account,Checking or savings account,1,0.8044840296263924
2025-11-29,17955454,Credit card,Credit card,1,0.770274476633698
2025-10-17,16655014,Credit card,Credit card,1,0.8828591816629837
2025-11-24,17470845,Mortgage,Mortgage,1,0.5995544943070429
2025-07-08,14493318,Checking or savings account,Checking or savings account,1,0.8861041250215264
2025-09-26,16190446,Credit card,Credit reporting or other personal consumer reports,1,0.8358332719292711
2025-11-25,17895309,Credit reporting or other personal consumer reports,Credit reporting or other personal consumer reports,1,0.802034484864994
2026-01-29,19089336,Checking or savings account,Checking or savings account,1,0.869797358417606
2025-10-08,16445060,Credit card,Checking or savings account,1,0.6458196913264875
2025-12-30,18380701,Checking or savings account,Checking or savings account,1,0.49332177568082963
2025-08-18,15357206,Credit card,Credit card,1,0.4268419096562752
2026-01-13,18689412,Checking or savings account,Checking or savings account,1,0.9019919198729398
2025-09-12,15894075,Credit card,Credit card,1,0.8535373460823976
2025-07-23,14833627,Credit card,Credit card,1,0.6797825418448796
2025-09-09,15789873,Checking or savings account,Checking or savings account,1,0.9453106404889864
2025-11-04,16980475,"Money transfer, virtual currency, or money service",Checking or savings account,1,0.510864948558362
2025-10-30,16935326,Checking or savings account,Checking or savings account,1,0.7900429741520988
2025-11-21,17428098,Checking or savings account,Checking or savings account,1,0.6470840107428524
2025-11-05,17050020,Credit card,Credit card,1,0.837894579394142
2025-08-03,15018513,Checking or savings account,Checking or savings account,1,0.6398741110722447
2025-07-04,14457074,Credit reporting or other personal consumer reports,Credit reporting or other personal consumer reports,1,0.8659607789222384
2025-09-19,16056913,Credit card,Credit card,1,0.7259915769200228
2025-10-08,16432338,Debt collection,Credit reporting or other personal consumer reports,1,0.7276070131457185
2025-07-29,14953193,Checking or savings account,Checking or savings account,1,0.929898500774322
2025-11-25,17882215,Credit card,Credit card,1,0.9405458249720878
2025-07-19,14752518,Credit reporting or other personal consumer reports,Credit reporting or other personal consumer reports,1,0.8805514567524858
2025-10-03,16349676,Checking or savings account,Checking or savings account,1,0.9537915525093722
2025-07-09,14547426,Credit reporting or other personal consumer reports,Checking or savings account,1,0.6112422306481257
2025-09-21,16115623,Checking or savings account,Checking or savings account,1,0.8146583854204598
2025-08-27,15564786,Checking or savings account,Checking or savings account,1,0.7439832915446218
2025-11-06,17071939,Checking or savings account,Credit reporting or other personal consumer reports,1,0.808177323990123
2025-11-13,17232489,Credit reporting or other personal consumer reports,Credit reporting or other personal consumer reports,1,0.9581498563877903
2025-10-19,16681686,Checking or savings account,Checking or savings account,1,0.6396454663974013
2025-09-05,15749686,"Money transfer, virtual currency, or money service","Money transfer, virtual currency, or money service",1,0.9160065529381086
2025-09-08,15799297,Checking or savings account,Checking or savings account,1,0.6483995813035025
2025-10-30,16929483,Checking or savings account,Checking or savings account,1,0.897841114994745
2025-07-31,14998264,Checking or savings account,Checking or savings account,1,0.893973257124963
2025-10-13,16527355,Credit card,Credit card,1,0.5865703664632863
2025-10-02,16313910,Checking or savings account,Checking or savings account,1,0.9623826270314731
2025-12-18,18151823,Checking or savings account,Checking or savings account,1,0.7806651339875047
2025-08-15,15303831,Checking or savings account,Checking or savings account,1,0.8671514940175146
2025-08-19,15371509,"Money transfer, virtual currency, or money service",Checking or savings account,1,0.7126682476405705
2025-08-16,15328007,Credit card,Credit reporting or other personal consumer reports,1,0.43493973967435723
2025-12-31,18392262,Checking or savings account,Checking or savings account,1,0.8252935161253085
2025-10-08,16442270,Checking or savings account,Checking or savings account,1,0.7586400652281204
2025-08-16,15332508,Credit card,Credit card,1,0.950472324520284
2025-07-21,14770930,Credit card,Credit card,1,0.8240029459564499
2025-07-07,14509751,"Money transfer, virtual currency, or money service","Money transfer, virtual currency, or money service",1,0.8848361410212787
2025-12-30,18380606,Mortgage,Mortgage,1,0.7744311494894003
2025-10-27,16834151,"Money transfer, virtual currency, or money service",Checking or savings account,1,0.7917993354357309
2025-07-30,14942099,Credit card,Credit card,1,0.916427232740641
2025-10-29,16909791,"Money transfer, virtual currency, or money service","Money transfer, virtual currency, or money service",1,0.8516406600978105
2025-08-21,15442261,Checking or savings account,Checking or savings account,1,0.8284842015224142
2025-07-15,14663511,Credit card,Credit card,1,0.8495735803064054
2025-12-15,18055450,Checking or savings account,Checking or savings account,1,0.5979026666189297
2025-09-22,16083310,Credit reporting or other personal consumer reports,Credit reporting or other personal consumer reports,1,0.6613250123479167
2025-08-17,15327325,Checking or savings account,Checking or savings account,1,0.9136201317864329
2025-10-01,16306006,Vehicle loan or lease,Credit card,1,0.7279466982940158
2025-08-19,15379893,Checking or savings account,Checking or savings account,1,0.9379905754842907
2025-07-14,14646723,Checking or savings account,Checking or savings account,1,0.9644728513718562
2025-10-06,16398124,Checking or savings account,Checking or savings account,1,0.5980345874997128
2025-08-23,15478071,Checking or savings account,Checking or savings account,1,0.7606454848631623
2025-11-05,17050718,Checking or savings account,Checking or savings account,1,0.7958688515090596
2025-12-30,18372054,Checking or savings account,Credit card,1,0.6078309746718964
2025-08-08,15170957,Checking or savings account,Checking or savings account,1,0.8457941000773795
2025-10-21,16718281,Credit card,Credit card,1,0.6728320135463658
2025-11-23,17826345,Credit reporting or other personal consumer reports,Credit reporting or other personal consumer reports,1,0.9022059923691369
2025-12-29,18348108,Checking or savings account,Checking or savings account,1,0.9620615599389434
2025-11-12,17180322,Credit card,Checking or savings account,1,0.30463331949752726
2025-08-01,14988335,Debt collection,Debt collection,1,0.5868529283919087
2025-07-13,14621364,Checking or savings account,Checking or savings account,1,0.8780437153198011
2025-10-21,16735490,Credit card,Credit reporting or other personal consumer reports,1,0.6010569442409399
2025-10-22,16759905,Credit card,Credit reporting or other personal consumer reports,1,0.7708784180110868
2025-08-27,15563691,Checking or savings account,Checking or savings account,1,0.835607669334193
2025-11-26,17918165,Credit card,Credit card,1,0.893574347633729
2025-07-14,14624816,Checking or savings account,Checking or savings account,1,0.5879179641060918
2025-11-17,17311103,Checking or savings account,Checking or savings account,1,0.4823808066538621
2025-08-12,15239711,Mortgage,Credit reporting or other personal consumer reports,1,0.3680865402357067
2025-07-22,14804588,Checking or savings account,"Money transfer, virtual currency, or money service",1,0.7840057625358314
2025-08-29,15606120,Checking or savings account,"Money transfer, virtual currency, or money service",1,0.5626654093835094
2025-08-21,15434554,Credit card,Checking or savings account,1,0.4526581954121453
2025-09-03,15689976,Checking or savings account,Credit card,1,0.6163468474797228
2026-01-30,19119808,Debt collection,Debt collection,1,0.43257089360157025
2026-01-02,18431219,Debt collection,Debt collection,1,0.38353408192911015
2025-09-26,16200826,Checking or savings account,Checking or savings account,1,0.8491830508010301
2025-08-20,15411374,Debt collection,Debt collection,1,0.5055668925068687
2025-07-07,14506038,Credit card,Checking or savings account,1,0.6398756107905078
2025-09-12,15896798,Checking or savings account,Checking or savings account,1,0.9661618475955457
2025-09-22,16081986,Checking or savings account,Checking or savings account,1,0.9079305958779225
2025-07-09,14530241,Credit card,Credit card,1,0.6602891823529236
2025-09-23,16125192,Credit reporting or other personal consumer reports,Credit reporting or other personal consumer reports,1,0.8565442696478419
2025-10-17,16656666,Checking or savings account,Checking or savings account,1,0.8746713479650897
2026-01-03,18435512,Mortgage,Mortgage,1,0.7282538359130891
2025-08-19,15374315,Checking or savings account,Checking or savings account,1,0.40243890261072773
2026-01-28,19076680,Credit card,Credit card,1,0.8061340068022553
2025-12-27,18319977,Checking or savings account,Checking or savings account,1,0.853524148973781
2025-09-26,16209902,Credit card,Credit card,1,0.8610173383375986
2025-08-07,15144064,Credit card,Credit card,1,0.8288278073352907
2025-11-24,17827506,Credit card,Credit card,1,0.4640261814794792
2025-08-19,15380380,Credit card,Credit card,1,0.7969923364575511
2025-07-07,14488794,Checking or savings account,Checking or savings account,1,0.885720983706166
2026-01-13,18695628,Checking or savings account,Checking or savings account,1,0.9711187788258239
2025-08-28,15580196,"Money transfer, virtual currency, or money service","Money transfer, virtual currency, or money service",1,0.6210074917838613
2025-12-29,18348069,Credit card,Credit card,1,0.9433966052819637
2025-07-10,14564482,Checking or savings account,Checking or savings account,1,0.8364859700228428
2025-07-04,14464722,"Money transfer, virtual currency, or money service","Money transfer, virtual currency, or money service",1,0.38486687935927805
2025-09-01,15648404,Credit card,Credit card,1,0.9017500430602597
2025-12-02,18094259,Checking or savings account,Checking or savings account,1,0.6838333458967067
2025-07-28,14925351,Credit card,Credit card,1,0.7493627188366764
2026-01-13,18669871,Checking or savings account,Checking or savings account,1,0.906755706284098
2025-08-16,15333251,Credit card,Credit card,1,0.5054158447956537
2025-10-05,16376267,Checking or savings account,Checking or savings account,1,0.8647760245309564
2025-11-07,17102160,Checking or savings account,Checking or savings account,1,0.8917385351031726
2025-10-30,16920853,Credit card,Credit card,1,0.6549230814936474
2025-11-01,16966872,Checking or savings account,"Money transfer, virtual currency, or money service",1,0.5783713044915766
2025-11-10,17122760,Checking or savings account,Checking or savings account,1,0.9356141748329713
2025-09-02,15670917,Checking or savings account,Checking or savings account,1,0.955423725765829
2025-10-26,16825207,Checking or savings account,Checking or savings account,1,0.5779967654311046
2025-11-08,17089726,Vehicle loan or lease,Vehicle loan or lease,1,0.41836334661459446
2025-10-24,16809633,Checking or savings account,Checking or savings account,1,0.911188423926251
2025-09-25,16185828,Checking or savings account,Checking or savings account,1,0.5223986220425471
2025-10-15,16589631,Checking or savings account,Checking or savings account,1,0.975071260405746
2025-10-02,16304431,Credit card,Credit card,1,0.8662526956208868
2025-07-10,14574269,Credit card,Credit card,1,0.7032273377868142
2025-09-25,16182396,Credit reporting or other personal consumer reports,Credit reporting or other personal consumer reports,1,0.9457143791920671
2025-11-04,17005625,Debt collection,Debt collection,1,0.7478799231479445
2025-08-22,15453092,"Money transfer, virtual currency, or money service","Money transfer, virtual currency, or money service",1,0.5838181756028935
2025-08-15,15311592,"Money transfer, virtual currency, or money service",Checking or savings account,1,0.8408033806071559
2025-11-12,17157346,Credit card,Credit card,1,0.4428286230732474
2025-11-11,17167872,Credit card,Credit card,1,0.9462008817383264
2025-12-22,18215609,Credit card,Credit card,1,0.7436113129760211
2025-07-15,14641223,Checking or savings account,Checking or savings account,1,0.8607259329406493
2025-11-24,17842434,Checking or savings account,Checking or savings account,1,0.7927096095018576
2025-12-25,18282201,Checking or savings account,Checking or savings account,1,0.8762709674977422
2025-07-12,14616934,Checking or savings account,Checking or savings account,1,0.7994588460970592
2025-11-29,17957388,Debt collection,Credit reporting or other personal consumer reports,1,0.47192974267382465
2025-10-24,16800506,Credit reporting or other personal consumer reports,Credit reporting or other personal consumer reports,1,0.8957132433641473
2025-10-08,16443867,Credit card,Credit card,1,0.8943564283868697
2025-10-13,16542700,Checking or savings account,Checking or savings account,1,0.8825220612935879
2025-09-05,15761154,Checking or savings account,Checking or savings account,1,0.8822792362873235
2025-09-05,15761270,Checking or savings account,"Money transfer, virtual currency, or money service",1,0.9397504262193029
2025-08-08,15174704,Credit card,Credit card,1,0.8293176699700432
2025-08-22,15429291,Checking or savings account,Checking or savings account,1,0.9472317191953898
2025-08-15,15317461,Checking or savings account,Checking or savings account,1,0.8314010998090792
2025-11-06,17034949,Checking or savings account,Checking or savings account,1,0.5755250001643177
2025-11-27,17925818,Checking or savings account,Checking or savings account,1,0.5156481083685905
2025-07-03,14442647,Credit reporting or other personal consumer reports,Checking or savings account,1,0.41475906067489277
2025-11-04,17013913,Credit reporting or other personal consumer reports,Debt collection,1,0.6873085120601997
2025-09-25,16184537,Credit card,Credit reporting or other personal consumer reports,1,0.7941091653722291
2025-10-24,16800648,"Money transfer, virtual currency, or money service",Checking or savings account,1,0.6125561642213149
2025-08-21,15436670,Checking or savings account,Checking or savings account,1,0.6150782944884204
2025-11-25,17840056,"Money transfer, virtual currency, or money service",Checking or savings account,1,0.8102871415610652
2025-10-19,16686112,Checking or savings account,Checking or savings account,1,0.8440074057484773
2025-11-07,17108387,Debt collection,Checking or savings account,1,0.44287866354071337
2025-07-30,14981792,Checking or savings account,Checking or savings account,1,0.6571772469684812
2025-12-31,18394693,Checking or savings account,Checking or savings account,1,0.8458429048358579
2025-10-15,16605650,Checking or savings account,Checking or savings account,1,0.5338147223169317
2025-11-11,17165286,Credit card,Credit card,1,0.9166122993837799
2026-01-08,18584573,Checking or savings account,Checking or savings account,1,0.8530285715241201
2025-07-03,14445851,Vehicle loan or lease,Vehicle loan or lease,1,0.3726295972351319
2025-09-08,15799359,Credit card,Credit card,1,0.896086406038571
2025-09-22,16108978,Credit card,Checking or savings account,1,0.4594250653091812
2025-09-16,15979908,Debt collection,Credit card,1,0.46939873060878207
2025-08-02,15025409,"Money transfer, virtual currency, or money service","Money transfer, virtual currency, or money service",1,0.5573016212468166
2025-09-23,16112030,Credit card,Credit card,1,0.958891834044013
2026-01-18,18815092,Checking or savings account,Checking or savings account,1,0.903282270112857
2025-11-07,17062367,Checking or savings account,Checking or savings account,1,0.5231392703728209
2025-08-27,15555097,Checking or savings account,Checking or savings account,1,0.9129929450883315
2025-11-03,16992501,Checking or savings account,Checking or savings account,1,0.7230169597483398
2025-10-30,16926791,"Money transfer, virtual currency, or money service",Checking or savings account,1,0.4409790554070001
2025-07-06,14478223,Checking or savings account,Checking or savings account,1,0.7866392079956427
2025-10-30,16923326,"Money transfer, virtual currency, or money service",Checking or savings account,1,0.972899543181998
2025-11-28,17957743,Credit card,Credit card,1,0.9196200117648545
2025-10-13,16538633,Checking or savings account,Checking or savings account,1,0.7654147649276775
2025-12-16,18060474,Credit card,Credit card,1,0.9158801060286716
2025-07-24,14862877,Checking or savings account,Checking or savings account,1,0.7874214694020559
2025-12-29,18357014,Credit card,Credit card,1,0.8642207674682291
2025-08-20,15413026,"Money transfer, virtual currency, or money service","Money transfer, virtual currency, or money service",1,0.5292537218393581
2025-10-01,16296280,Checking or savings account,Checking or savings account,1,0.5881407076668353
2025-11-05,17046492,Checking or savings account,Checking or savings account,1,0.9702604825310114
2026-01-29,19115843,Checking or savings account,Checking or savings account,1,0.9261423057655476
2026-01-14,18726498,Checking or savings account,Checking or savings account,1,0.8775023091602258
2025-09-16,15954334,Credit reporting or other personal consumer reports,Credit reporting or other personal consumer reports,1,0.7689533029761151
2025-10-24,16804496,Mortgage,Mortgage,1,0.6284941159736818
2025-11-25,17897474,Debt collection,Debt collection,1,0.6672645930566614
2025-10-10,16514059,Checking or savings account,Checking or savings account,1,0.9124280553491143
2025-07-23,14824475,Checking or savings account,Checking or savings account,1,0.5428723630381179
2025-08-27,15561080,Credit card,Credit card,1,0.7019358294068105
2025-10-17,16654294,Vehicle loan or lease,Credit card,1,0.5825018971042089
2025-07-29,14957596,Debt collection,Debt collection,1,0.4118781318893178
2025-12-15,18057443,"Money transfer, virtual currency, or money service",Checking or savings account,1,0.707468265507595
2026-01-04,18450050,Checking or savings account,Credit card,1,0.7872474077220434
2025-12-24,18274624,Credit card,Credit card,1,0.9392906752514169
2025-07-04,14465972,"Money transfer, virtual currency, or money service","Money transfer, virtual currency, or money service",1,0.7539024526451318
2025-12-09,17903645,Credit card,Credit card,1,0.9234105679753166
2025-07-29,14913767,Debt collection,Credit card,1,0.5882398561065963
2025-07-23,14833758,"Money transfer, virtual currency, or money service",Checking or savings account,1,0.6316981293672529
2026-01-08,18559680,Checking or savings account,Checking or savings account,1,0.9157524626526552
2026-01-02,18411537,Credit card,Credit card,1,0.9658199099157017
2025-12-31,18396699,Checking or savings account,Checking or savings account,1,0.7779481050744602
2025-09-02,15665331,Checking or savings account,Checking or savings account,1,0.9469883906308154
2025-11-03,16984794,Checking or savings account,Checking or savings account,1,0.9006161031522978
2025-12-31,18394040,Checking or savings account,Checking or savings account,1,0.6607889255582768
2025-10-07,16422019,Credit card,Credit card,1,0.7967297667922634
2025-11-24,17470147,Checking or savings account,Checking or savings account,1,0.5649384299895303
2026-01-25,18994850,"Money transfer, virtual currency, or money service","Money transfer, virtual currency, or money service",1,0.8231804794667482
2025-09-30,16262857,Checking or savings account,Checking or savings account,1,0.711304478912664
2025-10-24,16799574,Credit card,Credit card,1,0.8479161675203984
2026-01-28,19070078,Checking or savings account,Checking or savings account,1,0.7943674627349409
2025-11-13,17231160,Checking or savings account,Credit card,1,0.5158604115851985
2025-07-05,14499959,"Money transfer, virtual currency, or money service",Checking or savings account,1,0.4745423018801939
2025-09-24,16138962,Credit card,Credit card,1,0.9373571786889309
2025-11-03,16991342,Checking or savings account,Checking or savings account,1,0.7588159026571093
2025-09-18,16026027,Checking or savings account,Checking or savings account,1,0.8198365158242412
2026-01-05,18463869,Checking or savings account,Credit card,1,0.37603896990407965
2025-09-24,16146610,Checking or savings account,Checking or savings account,1,0.7603863044137804
2025-12-24,18272286,Credit reporting or other personal consumer reports,Credit reporting or other personal consumer reports,1,0.9322358217951852
2025-11-21,17429947,Checking or savings account,Checking or savings account,1,0.5970111774873011
2026-01-27,19044498,Checking or savings account,Credit reporting or other personal consumer reports,1,0.6954235864317168
2025-10-15,16609349,Credit card,Credit card,1,0.8113987406062853
2025-08-25,15498773,Checking or savings account,Checking or savings account,1,0.7854611937694967
2025-09-18,16011777,"Money transfer, virtual currency, or money service",Checking or savings account,1,0.620253572417506
2025-11-03,16983352,Checking or savings account,Checking or savings account,1,0.9569744407159342
2025-07-30,14972456,Credit card,Credit card,1,0.9360577464771195
2025-12-23,18253363,Credit card,Credit card,1,0.5035272320186696
2025-12-22,18219317,Credit card,Credit card,1,0.5617700050813064
2025-11-06,17081003,Checking or savings account,Checking or savings account,1,0.9281013083713255
2025-11-30,17940877,Checking or savings account,Checking or savings account,1,0.7237519005642605
2025-08-19,15379071,Checking or savings account,Checking or savings account,1,0.6587305031082086
2025-11-07,17104651,Credit card,Credit card,1,0.7762726322675718
2026-01-29,19107821,Checking or savings account,Credit card,1,0.7172734932275259
2025-12-03,18123243,Checking or savings account,Checking or savings account,1,0.6273075299861598
2025-07-06,14479020,Credit reporting or other personal consumer reports,Credit reporting or other personal consumer reports,1,0.8791508640999157
2025-09-11,15841019,Credit card,Credit card,1,0.8612235328305302
2025-12-04,18039862,Credit card,Credit reporting or other personal consumer reports,1,0.6311427348043681
2025-09-04,15686068,Credit card,Debt collection,1,0.6866597382973073
2025-07-01,14389106,Vehicle loan or lease,Vehicle loan or lease,1,0.4523988407204555
2025-11-19,17363350,Checking or savings account,Checking or savings account,1,0.7520559697555379
2026-01-15,18737956,Checking or savings account,Checking or savings account,1,0.8890724828881892
2026-01-28,19056746,Credit card,Credit card,1,0.54944731502753
2025-11-17,17308690,Checking or savings account,Checking or savings account,1,0.8422114799976338
2026-01-14,18710335,Checking or savings account,"Money transfer, virtual currency, or money service",1,0.483256432905178
2025-09-29,16237571,Credit reporting or other personal consumer reports,Credit card,1,0.6629289468785869
2026-01-21,18908125,Checking or savings account,Checking or savings account,1,0.7094090578992756
2025-08-11,15208851,"Money transfer, virtual currency, or money service",Checking or savings account,1,0.8939352837540883
2025-09-17,16005474,Credit card,Checking or savings account,1,0.36716253833341206
2026-01-06,18507949,Credit card,Credit card,1,0.9486508490089488
2025-10-29,16895953,Credit card,Credit card,1,0.9021279314723437
2026-01-01,18410111,"Money transfer, virtual currency, or money service",Checking or savings account,1,0.6698215459801392
2025-07-22,14798395,Checking or savings account,Checking or savings account,1,0.9680644800320249
2025-10-30,16889767,Checking or savings account,Checking or savings account,1,0.8160555837467957
2025-11-14,17258218,Checking or savings account,Checking or savings account,1,0.9126821268689321
2025-08-06,15087497,Credit card,Credit card,1,0.9037265967217535
2025-12-29,18352275,Checking or savings account,Checking or savings account,1,0.7557892332318007
2025-09-16,15984146,Credit card,Credit reporting or other personal consumer reports,1,0.48852616160518486
2026-01-14,18721385,Credit card,Credit card,1,0.7847266324328929
2025-10-20,16704571,Checking or savings account,Checking or savings account,1,0.8521401545357818
2025-12-30,18382346,Debt collection,Debt collection,1,0.8793833389820861
2025-12-24,18264235,Credit card,Checking or savings account,1,0.5521804317705337
2025-07-20,14784683,"Money transfer, virtual currency, or money service","Money transfer, virtual currency, or money service",1,0.6420996684090626
2025-11-05,17049113,Debt collection,Credit reporting or other personal consumer reports,1,0.9066806279103407
2025-12-31,18388467,Debt collection,Debt collection,1,0.8353488359668538
2025-07-25,14884305,Checking or savings account,Credit reporting or other personal consumer reports,1,0.719730080745891
2025-09-05,15758081,"Money transfer, virtual currency, or money service",Checking or savings account,1,0.7717090574252797
2026-01-03,18442838,Mortgage,Checking or savings account,1,0.35354777320311265
2026-01-30,19124154,Credit card,Checking or savings account,1,0.6679553279396164
2025-09-11,15871944,Mortgage,Mortgage,1,0.7189426655404959
2025-09-10,15842708,Credit card,Credit card,1,0.9336831637247999
2025-10-17,16653707,Credit card,Credit card,1,0.8375487962068383
2025-07-15,14664752,Mortgage,Mortgage,1,0.7438705683295813
2025-07-15,14669845,Credit card,Checking or savings account,1,0.8220361809180491
2025-12-02,18083288,Debt collection,Debt collection,1,0.47991913410475545
2025-10-23,16785542,Checking or savings account,Checking or savings account,1,0.6919803191221398
2025-07-10,14565399,Checking or savings account,Checking or savings account,1,0.9175516288132578
2025-07-02,14414248,Checking or savings account,Checking or savings account,1,0.9492390045979006
2025-12-28,18323526,Credit card,Checking or savings account,1,0.36614489773064945
2025-07-30,14937704,Checking or savings account,Checking or savings account,1,0.9100015494830128
2025-07-22,14812389,Checking or savings account,Checking or savings account,1,0.921869024965933
2025-08-09,15187610,"Money transfer, virtual currency, or money service","Money transfer, virtual currency, or money service",1,0.6420537236084433
2025-10-10,16488412,Checking or savings account,Checking or savings account,1,0.695921754266605
2025-12-08,17853261,Checking or savings account,Checking or savings account,1,0.9717394709223468
2025-11-05,17050253,Credit card,Credit reporting or other personal consumer reports,1,0.6726796699227445
2025-10-25,16819839,Checking or savings account,Checking or savings account,1,0.8013867282846192
2025-07-04,14446825,Credit reporting or other personal consumer reports,Credit reporting or other personal consumer reports,1,0.7517704313413206
2026-01-25,18986762,Credit card,Credit card,1,0.8614788978756976
2025-11-13,17223891,Checking or savings account,"Money transfer, virtual currency, or money service",1,0.8639584348034989
2025-08-28,15574302,"Money transfer, virtual currency, or money service","Money transfer, virtual currency, or money service",1,0.8070308862343608
2025-12-27,18319900,Checking or savings account,Checking or savings account,1,0.9542594152276348
2025-11-05,17008146,Checking or savings account,Checking or savings account,1,0.5705524830830712
2025-07-28,14925330,Checking or savings account,Checking or savings account,1,0.4593313830402496
2026-01-14,18724782,Checking or savings account,Checking or savings account,1,0.9685426207466653
2025-12-29,18348261,Credit card,Credit card,1,0.919034159384533
2025-08-30,15625546,Checking or savings account,Checking or savings account,1,0.9725905479614475
2025-10-01,16288245,Checking or savings account,Credit card,1,0.4054319582316746
2025-12-24,18273743,Credit card,Credit card,1,0.9424076826748399
2025-07-02,14426682,Credit card,Credit reporting or other personal consumer reports,1,0.4068078630928247
2025-09-19,16057016,Credit card,Credit card,1,0.8827007133561936
2026-01-08,18583612,Credit card,Credit card,1,0.7631051672047944
2025-08-31,15628960,Checking or savings account,Checking or savings account,1,0.7875254813789807
2025-07-28,14935350,Credit card,Credit card,1,0.27451037253988525
2026-01-02,18425222,Mortgage,Checking or savings account,1,0.416440629652951
2025-10-15,16604291,Checking or savings account,Checking or savings account,1,0.5379960949608683
2025-07-02,14412882,Checking or savings account,Credit card,1,0.8335614015792069
2025-08-03,15018716,Credit reporting or other personal consumer reports,Credit reporting or other personal consumer reports,1,0.7306781709094489
2025-09-18,16023955,Checking or savings account,Credit card,1,0.5050425798059712
2025-07-14,14642493,Checking or savings account,Checking or savings account,1,0.7172314938309198
2025-08-20,15413716,Vehicle loan or lease,Vehicle loan or lease,1,0.49160566388159505
2025-09-16,15982437,Mortgage,Mortgage,1,0.809481064067039
2025-10-23,16787202,Credit card,Credit card,1,0.5262978378475925
2025-09-30,16268220,Checking or savings account,Checking or savings account,1,0.8351618108466807
2025-07-13,14610935,Checking or savings account,Credit card,1,0.7435081120893784
2025-10-28,16864177,Credit card,Credit card,1,0.889839431431756
2025-07-18,14730112,Credit card,Credit card,1,0.8046811128169722
2025-07-03,14445559,Checking or savings account,"Money transfer, virtual currency, or money service",1,0.40550500295065967
2026-01-22,18923725,Checking or savings account,Checking or savings account,1,0.7715194758054494
2025-09-03,15696269,Credit card,Credit card,1,0.9086703816131537
2025-09-11,15866692,Checking or savings account,Checking or savings account,1,0.923597281594528
2025-10-16,16627539,Checking or savings account,Checking or savings account,1,0.8384145644585096
2025-10-03,16359643,Debt collection,Debt collection,1,0.3324475245409662
2026-01-30,19133703,Credit card,Credit card,1,0.8998461676390491
2025-08-18,15346217,Checking or savings account,Checking or savings account,1,0.8918959245307464
2025-12-08,17848806,Credit card,Credit card,1,0.9310080430487296
2025-07-09,14561530,"Money transfer, virtual currency, or money service","Money transfer, virtual currency, or money service",1,0.5836395407669155
2025-12-10,17907059,Checking or savings account,Credit reporting or other personal consumer reports,1,0.7742008695594981
2025-09-22,16085500,Checking or savings account,Checking or savings account,1,0.8856594350298169
2025-08-08,15173513,Credit card,Credit card,1,0.8727404781871781
2025-10-28,16877515,Credit reporting or other personal consumer reports,Credit reporting or other personal consumer reports,1,0.8208552714461673
2025-08-03,15015954,Checking or savings account,"Money transfer, virtual currency, or money service",1,0.7729665311869125
2025-08-10,15193611,Checking or savings account,Checking or savings account,1,0.7657108736955119
2025-07-11,14590697,Credit card,Credit card,1,0.7376935296407524
2025-07-08,14520727,Credit reporting or other personal consumer reports,Credit reporting or other personal consumer reports,1,0.9043997993858554
2026-01-27,19049632,Checking or savings account,Checking or savings account,1,0.3769615068194476
2026-01-14,18719393,Credit card,Credit reporting or other personal consumer reports,1,0.5920863256181433
2025-11-10,17138387,Checking or savings account,Checking or savings account,1,0.8316151033354733
2025-11-08,17118330,Checking or savings account,Checking or savings account,1,0.9414673831082685
2025-09-05,15756782,Credit card,Credit card,1,0.9368854679280992
2025-11-23,17455500,Checking or savings account,Checking or savings account,1,0.9315914732942475
2025-09-08,15798928,Checking or savings account,Checking or savings account,1,0.9407850162180639
2025-11-18,17329846,Checking or savings account,Credit card,1,0.6089119144743395
2025-10-22,16742897,Credit card,Checking or savings account,1,0.3783592757937649
2025-11-06,17031502,Credit card,"Money transfer, virtual currency, or money service",1,0.5083412854016455
2025-10-31,16953092,Credit card,Credit card,1,0.5051528107271014
2025-08-12,15227301,"Money transfer, virtual currency, or money service",Checking or savings account,1,0.5515678828369208
2025-10-23,16766577,Debt collection,Credit card,1,0.7815815815818382
2025-11-09,17124330,Checking or savings account,Credit card,1,0.7811529638449762
2026-01-09,18613399,Checking or savings account,Checking or savings account,1,0.748599704804927
2025-11-30,17886898,Credit reporting or other personal consumer reports,Credit reporting or other personal consumer reports,1,0.8979970446513797
2026-01-21,18902080,Checking or savings account,Checking or savings account,1,0.5112102528463754
2026-01-21,18882218,Credit card,Checking or savings account,1,0.9776902302646847
2025-07-24,14865793,Checking or savings account,Checking or savings account,1,0.9624612197749619
2025-07-24,14863661,Checking or savings account,Checking or savings account,1,0.9023976165146289
2025-08-17,15340031,Checking or savings account,Checking or savings account,1,0.5626447494528343
2025-12-03,18116090,Checking or savings account,Checking or savings account,1,0.9633115601441361
2025-12-21,18204536,Credit card,Credit card,1,0.8958890689785873
2025-08-01,15035360,Credit card,Credit card,1,0.727054850420875
2025-08-06,15118594,Credit reporting or other personal consumer reports,Credit reporting or other personal consumer reports,1,0.9177709382114663
2025-08-21,15397741,Checking or savings account,Checking or savings account,1,0.780489835193122
2025-07-05,14499972,Checking or savings account,Checking or savings account,1,0.8606510960818158
2025-10-13,16542295,Checking or savings account,Checking or savings account,1,0.8617601204206133
2026-01-27,19027984,Checking or savings account,Checking or savings account,1,0.9150841762866447
2025-08-18,15352909,Credit reporting or other personal consumer reports,Credit reporting or other personal consumer reports,1,0.49471548356529577
2026-01-24,18980272,Credit card,Credit card,1,0.858207433490923
2025-10-22,16746446,Checking or savings account,Checking or savings account,1,0.9262424515892778
2026-01-22,18939553,Mortgage,Mortgage,1,0.7708556562661538
2025-08-16,15329475,Checking or savings account,Checking or savings account,1,0.6067482316114808
2025-08-26,15528613,Vehicle loan or lease,Credit card,1,0.7348340800716255
2025-09-02,15678584,Checking or savings account,Checking or savings account,1,0.8339570170456642
2025-09-04,15722345,Checking or savings account,Checking or savings account,1,0.651488814223289
2025-07-08,14527437,"Money transfer, virtual currency, or money service",Checking or savings account,1,0.7305576043421497
2025-10-08,16452276,Debt collection,Credit reporting or other personal consumer reports,1,0.7111788447411578
2025-09-26,16206707,Checking or savings account,Checking or savings account,1,0.9423508037328173
2025-07-13,14620838,Credit reporting or other personal consumer reports,Credit reporting or other personal consumer reports,1,0.8655506352040329
2025-11-21,17803048,Checking or savings account,Checking or savings account,1,0.9219514149882012
2026-01-22,18928984,Credit card,Credit card,1,0.6583466845309721
2025-11-05,17052504,Checking or savings account,Checking or savings account,1,0.8499751152448606
2025-08-07,15150524,"Money transfer, virtual currency, or money service",Checking or savings account,1,0.9245662047620775
2025-09-27,16220715,Credit reporting or other personal consumer reports,Credit reporting or other personal consumer reports,1,0.901219136372863
2025-11-21,17396701,Credit card,Credit reporting or other personal consumer reports,1,0.5893110293308409
2025-08-06,15126509,Checking or savings account,"Money transfer, virtual currency, or money service",1,0.5137868602622379
2025-09-28,16230979,Credit card,Credit card,1,0.9020436534370448
2025-09-09,15814469,Checking or savings account,Checking or savings account,1,0.860035094382349
2025-11-24,17882054,Credit card,Credit card,1,0.9034962181959657
2025-08-17,15340088,Credit reporting or other personal consumer reports,Credit card,1,0.4519986915410734
2025-10-23,16764721,"Money transfer, virtual currency, or money service","Money transfer, virtual currency, or money service",1,0.9005726941529231
2025-09-18,16024316,Credit card,Credit card,1,0.7624873896639763
2025-08-31,15628432,Credit card,Credit card,1,0.9490663477685203
2025-09-24,16152049,Credit card,Credit card,1,0.8784861858886609
2025-10-20,16690011,"Money transfer, virtual currency, or money service",Checking or savings account,1,0.9090208289660132
2025-09-04,15721011,Credit card,Credit card,1,0.6487328706929096
2025-11-13,17207996,Credit reporting or other personal consumer reports,Credit reporting or other personal consumer reports,1,0.4734601944813576
2025-07-31,14998374,Credit card,Credit card,1,0.9378276592579956
2025-07-09,14549563,Credit card,Credit card,1,0.6689912607462372
2025-07-01,14386059,Checking or savings account,Checking or savings account,1,0.9441934964054126
2026-01-08,18583318,Checking or savings account,Checking or savings account,1,0.8076835114008073
2026-01-30,19141909,Credit card,Credit card,1,0.9453020128028635
2025-11-14,17252540,Checking or savings account,Checking or savings account,1,0.9442020371870613
2025-11-10,17136767,Credit card,Credit card,1,0.9064285125265973
2026-01-22,18939564,Credit card,Credit card,1,0.8023770461914083
2026-01-25,18992981,Checking or savings account,Checking or savings account,1,0.8694170109942453
2025-08-18,15343403,Checking or savings account,Checking or savings account,1,0.8536468433051269
2025-09-25,16177970,Checking or savings account,Checking or savings account,1,0.6781115481552545
2026-01-30,19134867,Credit card,Credit card,1,0.8496985093481223
2025-09-13,15921202,Debt collection,Debt collection,1,0.6876677858719379
2025-08-08,15171760,Credit card,Credit card,1,0.73661518982715
2025-08-24,15509570,Credit card,Credit card,1,0.9514846486023439
2026-01-23,18952474,Credit card,Credit card,1,0.8784044366544129
2025-10-30,16925856,"Money transfer, virtual currency, or money service",Checking or savings account,1,0.8425902405042983
2025-10-29,16900711,Checking or savings account,Checking or savings account,1,0.912390525533684
2025-07-31,14998396,Credit reporting or other personal consumer reports,Credit reporting or other personal consumer reports,1,0.8353109749814052
2025-10-22,16744409,"Money transfer, virtual currency, or money service",Checking or savings account,1,0.8506022458897835
2025-11-08,17112965,Credit reporting or other personal consumer reports,Credit card,1,0.7414434838283048
2025-11-27,17555087,Checking or savings account,Checking or savings account,1,0.9081722412523007
2025-09-04,15722863,Checking or savings account,Checking or savings account,1,0.877253412846298
2025-12-29,18356704,Mortgage,Mortgage,1,0.6173179991002199
2025-12-15,18056898,Checking or savings account,"Money transfer, virtual currency, or money service",1,0.676208452184888
2025-11-04,17025402,Checking or savings account,"Money transfer, virtual currency, or money service",1,0.4477125339389105
2026-01-13,18694974,Debt collection,Credit reporting or other personal consumer reports,1,0.9456690490056862
2025-09-17,15991064,Checking or savings account,Checking or savings account,1,0.9188915185240026
2025-08-25,15489505,Credit card,Credit card,1,0.9505115497922977
2025-07-16,14676253,Credit card,Credit card,1,0.6336515709913881
2025-11-14,17257452,Checking or savings account,Checking or savings account,1,0.8374195599617477
2026-01-01,18402258,"Money transfer, virtual currency, or money service",Checking or savings account,1,0.5843793056289991
2026-01-08,18583981,Checking or savings account,Checking or savings account,1,0.9458760325600578
2025-11-26,17953237,Checking or savings account,Checking or savings account,1,0.9343922511127875
2025-07-20,14784769,Checking or savings account,Checking or savings account,1,0.5939565211568197
2025-09-26,16202411,Checking or savings account,Checking or savings account,1,0.8051988866287179
2025-07-18,14741191,Checking or savings account,Checking or savings account,1,0.9031632739082571
2026-01-30,19123841,"Money transfer, virtual currency, or money service","Money transfer, virtual currency, or money service",1,0.5675874201165412
2025-08-06,15126181,Checking or savings account,Checking or savings account,1,0.4268272970496856
2025-10-20,16696721,Checking or savings account,Checking or savings account,1,0.5127806026478724
2025-12-19,18160166,Checking or savings account,Credit card,1,0.5690372493073647
2025-10-20,16705944,Checking or savings account,Checking or savings account,1,0.8274588755109374
2025-08-25,15501364,Checking or savings account,Checking or savings account,1,0.9602797973502218
2025-10-29,16895337,Vehicle loan or lease,Vehicle loan or lease,1,0.6396655794856324
2025-07-18,14731320,Checking or savings account,Checking or savings account,1,0.9263984742120132
2025-12-29,18343872,Checking or savings account,Checking or savings account,1,0.797363234891789
2025-11-03,16992236,Checking or savings account,Checking or savings account,1,0.9356972593050626
2025-10-05,16373952,Credit card,Credit card,1,0.9484967766928393
2025-10-10,16489021,Credit card,Credit card,1,0.7932239501461837
2026-01-02,18424664,Credit card,Credit card,1,0.9346160220555131
2025-12-02,18021530,Credit card,Credit card,1,0.8409924649956055
2025-08-29,15608649,Checking or savings account,Checking or savings account,1,0.9002417063734155
2025-10-13,16545719,"Money transfer, virtual currency, or money service",Checking or savings account,1,0.6656259843654676
2025-12-30,18363608,Checking or savings account,Checking or savings account,1,0.8563431692765016
2025-07-20,14784786,Checking or savings account,Checking or savings account,1,0.7767315767181525
2025-09-04,15719062,Credit reporting or other personal consumer reports,Credit card,1,0.5716723045863901
2025-10-28,16862041,Checking or savings account,Checking or savings account,1,0.8335807752894602
2025-08-09,15187675,Checking or savings account,Checking or savings account,1,0.9394555700036559
2025-07-07,14473905,"Money transfer, virtual currency, or money service","Money transfer, virtual currency, or money service",1,0.8192799018413973
2025-11-19,17359277,Debt collection,Debt collection,1,0.7245169211003345
2025-08-04,15069399,Credit card,Credit card,1,0.9011809735792397
2025-09-13,15920867,Checking or savings account,Checking or savings account,1,0.7451500146234457
2025-08-06,15115359,Checking or savings account,Checking or savings account,1,0.7209303316741682
2025-07-01,14392321,Checking or savings account,Checking or savings account,1,0.6298706865051632
2025-10-17,16649717,Checking or savings account,Checking or savings account,1,0.9586345591915558
2026-01-24,18984159,Credit card,Credit reporting or other personal consumer reports,1,0.932981485878377
2026-01-08,18583531,Checking or savings account,Checking or savings account,1,0.6853958513412697
2025-10-21,16738207,Checking or savings account,Checking or savings account,1,0.9182388049047008
2025-08-14,15253525,Checking or savings account,Checking or savings account,1,0.790255089938341
2025-12-28,18330139,Credit reporting or other personal consumer reports,Credit reporting or other personal consumer reports,1,0.9457385317531917
2025-11-26,17958198,Credit card,Credit reporting or other personal consumer reports,1,0.7291450904011015
2025-09-11,15880724,Debt collection,Vehicle loan or lease,1,0.6260339782086705
2025-08-29,15601763,Checking or savings account,Checking or savings account,1,0.9240720051443155
2026-01-27,19040551,"Money transfer, virtual currency, or money service","Money transfer, virtual currency, or money service",1,0.5830705339677295
2025-12-08,17827459,Checking or savings account,Checking or savings account,1,0.5469219788930083
2025-09-11,15841078,Credit card,Credit card,1,0.6790159440232193
2025-11-17,17300419,Vehicle loan or lease,Vehicle loan or lease,1,0.5746993557505969
2025-11-21,17802928,Credit card,Credit card,1,0.6568912418955082
2025-10-23,16786810,"Money transfer, virtual currency, or money service",Checking or savings account,1,0.6170383719557867
2025-08-18,15356238,Checking or savings account,Checking or savings account,1,0.6985821006564367
2025-10-02,16322855,Credit card,Credit card,1,0.8913015981060082
2025-12-09,17868155,Checking or savings account,"Money transfer, virtual currency, or money service",1,0.9354142672962666
2025-09-18,16011061,Debt collection,Debt collection,1,0.8121141647175129
2025-11-17,17300118,Checking or savings account,Checking or savings account,1,0.9466959653248846
2025-09-14,15922800,Checking or savings account,Checking or savings account,1,0.8279265532440291
2025-08-21,15392497,Checking or savings account,Checking or savings account,1,0.6942158364841592
2025-07-30,14937988,Credit reporting or other personal consumer reports,Credit reporting or other personal consumer reports,1,0.8242342941874697
2025-08-21,15439521,Credit reporting or other personal consumer reports,Credit reporting or other personal consumer reports,1,0.911486880165162
2025-07-10,14563259,Credit card,Credit card,1,0.9434397710434004
2025-07-17,14713825,"Money transfer, virtual currency, or money service","Money transfer, virtual currency, or money service",1,0.7396249725784947
2025-08-05,15103301,Checking or savings account,Checking or savings account,1,0.775477035386766
2026-01-11,18633628,Credit card,Credit card,1,0.9403085471576583
2025-12-01,18055752,Checking or savings account,Checking or savings account,1,0.6462497352848172
2025-08-16,15304342,Checking or savings account,Checking or savings account,1,0.7599148945894315
2025-11-10,17132804,Credit card,Credit reporting or other personal consumer reports,1,0.607287863446185
2025-08-02,15024892,Checking or savings account,Checking or savings account,1,0.7852068465631388
2025-09-19,16063082,Debt collection,Credit card,1,0.9175671840853082
2026-01-26,19011530,Credit card,Credit card,1,0.9684467646798102
2025-11-02,16975531,Credit card,Credit card,1,0.9100073968427121
2025-09-30,16273689,Checking or savings account,Checking or savings account,1,0.4618961293733626
2025-08-21,15445086,Checking or savings account,Checking or savings account,1,0.5897076529401107
2025-09-03,15694333,Checking or savings account,Checking or savings account,1,0.9244992404698281
2025-10-29,16908843,Credit card,Credit reporting or other personal consumer reports,1,0.8636426434024003
2025-07-31,14986714,Credit reporting or other personal consumer reports,Credit card,1,0.5603585028382474
2025-11-04,17018575,Credit card,Credit card,1,0.8795173432409213
2025-11-28,17995074,Checking or savings account,Checking or savings account,1,0.8902073630506981
2025-08-11,15207454,Credit card,Credit card,1,0.49128269947330167
2025-09-11,15869496,Credit reporting or other personal consumer reports,Credit reporting or other personal consumer reports,1,0.9201567447077679
2025-10-20,16706400,"Money transfer, virtual currency, or money service",Checking or savings account,1,0.6785682389616451
2025-09-26,16207138,Checking or savings account,Checking or savings account,1,0.8463458423874148
2025-08-23,15481492,Checking or savings account,Checking or savings account,1,0.9505632534288583
2025-09-23,16119630,Checking or savings account,Checking or savings account,1,0.7015982281393821
2025-10-08,16446898,Checking or savings account,Checking or savings account,1,0.42394551477810455
2025-07-30,14966678,Credit card,Credit card,1,0.7683273063446157
2025-09-19,16064869,Credit card,Credit card,1,0.9421173694026207
2025-09-30,16271805,Checking or savings account,Checking or savings account,1,0.657330144494609
2025-08-05,15103020,Checking or savings account,Checking or savings account,1,0.8323123414486
2025-10-23,16765341,Checking or savings account,Checking or savings account,1,0.9134514625610874
2025-09-19,16057823,Checking or savings account,Checking or savings account,1,0.7054690239206455
2026-01-23,18943794,Checking or savings account,Checking or savings account,1,0.9383895962418659
2025-09-09,15822319,Checking or savings account,Checking or savings account,1,0.39382143387479357
2025-07-10,14578943,Checking or savings account,"Money transfer, virtual currency, or money service",1,0.5121843659298444
2025-12-18,18138801,Credit card,Checking or savings account,1,0.547048588687846
2025-10-05,16377114,Checking or savings account,Checking or savings account,1,0.7655981624961591
2025-11-04,17022474,"Money transfer, virtual currency, or money service",Checking or savings account,1,0.8786126518791534
2025-11-26,17954341,Checking or savings account,Checking or savings account,1,0.9239195010924934
2025-10-20,16709196,Debt collection,Debt collection,1,0.38960956295346955
2025-08-20,15414104,Checking or savings account,Checking or savings account,1,0.9329595367206127
2026-01-13,18680719,Credit card,Credit card,1,0.8014354017094995
2025-08-04,15066438,Checking or savings account,Checking or savings account,1,0.5437141594799891
2025-09-24,16156638,Checking or savings account,Checking or savings account,1,0.9307079916082284
2025-12-05,17760236,Credit card,Credit card,1,0.8131929827166896
2025-08-08,15174049,Checking or savings account,Checking or savings account,1,0.8428116642404899
2025-12-29,18334540,Checking or savings account,Checking or savings account,1,0.7731516397461191
2025-08-29,15616048,Credit card,Credit card,1,0.9195541264845954
2025-11-06,17081135,Credit card,Credit card,1,0.8965307526168219
2025-07-29,14954876,Credit reporting or other personal consumer reports,Credit reporting or other personal consumer reports,1,0.8844582131443327
2026-01-02,18424941,Credit card,Credit card,1,0.9631743564686008
2025-08-26,15484939,"Money transfer, virtual currency, or money service",Checking or savings account,1,0.6662208793638794
2025-08-26,15488329,Credit card,Credit reporting or other personal consumer reports,1,0.8525532404987851
2025-09-03,15702960,Credit card,Credit card,1,0.6399764455359745
2026-01-03,18436723,Credit card,Checking or savings account,1,0.718283924133989
2025-08-31,15622677,Credit card,Credit card,1,0.8810914660927489
2025-08-15,15307657,Checking or savings account,Checking or savings account,1,0.9132053280278809
2025-07-09,14554701,"Money transfer, virtual currency, or money service","Money transfer, virtual currency, or money service",1,0.8287887281188864
2025-11-11,17166419,Credit card,Checking or savings account,1,0.9485642045614159
2025-08-10,15195335,Credit card,Credit card,1,0.8078880220319239
2025-07-08,14516263,Mortgage,Mortgage,1,0.35937228364754303
2025-12-31,18396226,"Money transfer, virtual currency, or money service","Money transfer, virtual currency, or money service",1,0.6171256463452818
2025-09-10,15826736,Mortgage,Mortgage,1,0.330716751912323
2025-11-19,17318565,Checking or savings account,Credit card,1,0.57941214061499
2025-07-27,14911792,Checking or savings account,Checking or savings account,1,0.9498386519429838
2025-07-30,14976948,Credit card,Credit card,1,0.8839387362324292
2025-12-16,18086689,Credit card,Credit reporting or other personal consumer reports,1,0.5471452371263456
2026-01-07,18545156,Checking or savings account,Checking or savings account,1,0.5362755548786728
2025-08-11,15214420,Checking or savings account,Checking or savings account,1,0.516741833831391
2025-08-04,15051421,Credit reporting or other personal consumer reports,Credit reporting or other personal consumer reports,1,0.9703050642880329
2025-11-04,17017194,Checking or savings account,Checking or savings account,1,0.9428598519703626
2025-07-30,14979612,Checking or savings account,Checking or savings account,1,0.5968701436737162
2025-10-23,16775644,Checking or savings account,Checking or savings account,1,0.8464194971395221
2025-12-26,18308192,Vehicle loan or lease,Vehicle loan or lease,1,0.7733460965932863
2025-08-28,15586821,Credit card,Credit card,1,0.9083971619693472
2025-09-03,15701023,Credit reporting or other personal consumer reports,Credit reporting or other personal consumer reports,1,0.9200811455613055
2026-01-06,18505324,Mortgage,Mortgage,1,0.6165913012090276
2025-07-29,14949367,Checking or savings account,Checking or savings account,1,0.8773371758256424
2025-09-15,15956062,Credit card,Credit card,1,0.7439106859733345
2025-09-05,15736745,Credit card,Credit card,1,0.7017176230468826
2025-10-08,16447669,Credit card,Credit card,1,0.8927330065941423
2025-08-10,15195077,Credit reporting or other personal consumer reports,Credit reporting or other personal consumer reports,1,0.9685920991866966
2025-08-29,15602038,"Money transfer, virtual currency, or money service",Checking or savings account,1,0.851609474728133
2025-11-20,17377788,Checking or savings account,Checking or savings account,1,0.7883964454294284
2026-01-21,18905547,Vehicle loan or lease,Vehicle loan or lease,1,0.8268943010067683
2025-08-13,15269627,Credit card,Credit card,1,0.5237953251466996
2025-10-09,16475848,"Money transfer, virtual currency, or money service",Credit card,1,0.6221176231065405
2025-09-23,16103484,Credit card,Credit card,1,0.9394363556303352
2025-08-26,15530463,Credit card,Credit card,1,0.8991813220195551
2025-07-03,14449458,Checking or savings account,Checking or savings account,1,0.8498356145212377
2025-12-07,17811667,Credit card,Credit card,1,0.8917605876220831
2025-09-30,16267876,Credit card,Credit card,1,0.7091831477500214
2025-09-29,16247873,"Money transfer, virtual currency, or money service",Checking or savings account,1,0.5205175704852291
2025-08-19,15382755,Checking or savings account,Checking or savings account,1,0.7457966632760528
2025-08-19,15373927,Checking or savings account,Checking or savings account,1,0.8676002612911503
2025-08-02,15029458,Credit reporting or other personal consumer reports,Credit card,1,0.47805734831334185
2025-08-13,15262244,Checking or savings account,Checking or savings account,1,0.8529949931484516
2025-10-17,16668094,Checking or savings account,Checking or savings account,1,0.4606575434894152
2025-09-29,16255781,Credit card,Credit card,1,0.5010069341115668
2025-09-02,15675958,Checking or savings account,Credit card,1,0.6422569784134475
2025-11-24,17832063,Debt collection,Credit reporting or other personal consumer reports,1,0.8666795084168486
2025-11-08,17088851,Checking or savings account,Checking or savings account,1,0.8187183926557706
2025-10-29,16906949,Debt collection,Credit reporting or other personal consumer reports,1,0.9137088608401508
2025-09-09,15817239,Credit reporting or other personal consumer reports,Credit reporting or other personal consumer reports,1,0.6725800387307661
2025-08-22,15427619,Checking or savings account,Checking or savings account,1,0.8488724919143206
2025-12-22,18227992,Debt collection,Checking or savings account,1,0.37460723189730477
2026-01-07,18521711,Credit card,Credit card,1,0.9588922102524141
2025-09-25,16180307,Checking or savings account,Checking or savings account,1,0.9366384688325251
2026-01-04,18450176,Credit card,Credit card,1,0.897478640994494
2026-01-24,18983867,Debt collection,Checking or savings account,1,0.8347365349939384
2025-11-05,17008119,Checking or savings account,Checking or savings account,1,0.5129043819637277
2025-07-11,14603440,Debt collection,Checking or savings account,1,0.8541292152829129
2026-01-22,18921433,Checking or savings account,Checking or savings account,1,0.9580010281362319
2025-07-12,14613578,Checking or savings account,Checking or savings account,1,0.5993478463352148
2025-07-08,14535719,"Money transfer, virtual currency, or money service",Checking or savings account,1,0.8437538210986809
2025-10-08,16443302,"Money transfer, virtual currency, or money service","Money transfer, virtual currency, or money service",1,0.860387556920028
2025-11-21,17413506,Credit reporting or other personal consumer reports,Vehicle loan or lease,1,0.38882258416451093
2025-12-25,18279061,Credit card,Credit card,1,0.949130865865876
2025-07-08,14534524,Credit card,Credit reporting or other personal consumer reports,1,0.5222544432414544
2026-01-08,18582448,Checking or savings account,Credit card,1,0.5747787198411566
2025-09-23,16125674,Credit card,Credit card,1,0.6255132134326272
2026-01-23,18944076,Checking or savings account,Checking or savings account,1,0.968144174472472
2025-10-15,16601616,Credit card,Credit reporting or other personal consumer reports,1,0.3629379258287571
2025-11-29,17980754,Checking or savings account,Checking or savings account,1,0.9671639860629608
2025-07-07,14508811,"Money transfer, virtual currency, or money service","Money transfer, virtual currency, or money service",1,0.6251937789120076
2025-12-16,18067029,Credit card,Credit card,1,0.6986743816411689
2025-10-17,16664526,Checking or savings account,Checking or savings account,1,0.9376943207823815
2025-08-02,15030126,Checking or savings account,"Money transfer, virtual currency, or money service",1,0.766305430576595
2025-09-10,15845677,Checking or savings account,Checking or savings account,1,0.6929967035195914
2025-12-02,18000247,Checking or savings account,"Money transfer, virtual currency, or money service",1,0.6106586240388182
2025-09-16,15983207,Checking or savings account,Checking or savings account,1,0.6176462468042571
2025-10-15,16601592,Checking or savings account,Checking or savings account,1,0.5473511756591254
2025-07-05,14498376,"Money transfer, virtual currency, or money service",Checking or savings account,1,0.6125519994072216
2025-07-10,14568804,Checking or savings account,Checking or savings account,1,0.9539974937658325
2025-08-08,15178954,Checking or savings account,Checking or savings account,1,0.9152730282735287
2025-12-02,17919231,"Money transfer, virtual currency, or money service","Money transfer, virtual currency, or money service",1,0.665756678724161
2026-01-20,18872745,Credit card,Checking or savings account,1,0.30797575463226856
2025-07-11,14566353,Debt collection,Checking or savings account,1,0.9140778992718896
2025-12-29,18356101,Checking or savings account,Checking or savings account,1,0.5629937322344408
2025-09-08,15792125,Checking or savings account,Checking or savings account,1,0.5757884315927863
2025-07-01,14393371,Mortgage,Mortgage,1,0.8811716201036474
2025-07-28,14920916,Checking or savings account,Debt collection,1,0.4148364684929979
2025-09-11,15866457,Credit card,Credit card,1,0.9026257406537326
2025-09-23,16128204,Checking or savings account,Checking or savings account,1,0.6402883896277912
2025-08-20,15399854,Checking or savings account,Checking or savings account,1,0.9424176292726495
2025-09-30,16276685,Checking or savings account,Checking or savings account,1,0.5368418953771713
2025-11-18,17329456,Credit card,Credit card,1,0.9143329208340253
2025-10-03,16336794,Checking or savings account,Checking or savings account,1,0.8825821582301288
2025-12-14,18027780,Credit reporting or other personal consumer reports,Credit reporting or other personal consumer reports,1,0.8911137455022118
2025-10-22,16748492,Checking or savings account,Checking or savings account,1,0.8875864755888765
2025-09-30,16268300,Credit card,Credit card,1,0.9564367623095111
2025-11-14,17214133,Checking or savings account,Checking or savings account,1,0.610127712357636
2025-09-11,15862130,Checking or savings account,Checking or savings account,1,0.9068956410903953
2026-01-30,19136166,Checking or savings account,Checking or savings account,1,0.7078516720126476
2025-07-25,14880437,Credit reporting or other personal consumer reports,Credit reporting or other personal consumer reports,1,0.8259967460235217
2025-10-24,16802567,Credit card,Credit card,1,0.9293221364232584
2025-09-17,15994110,Checking or savings account,Checking or savings account,1,0.9387457988332651
2025-11-04,17015648,Credit card,Credit card,1,0.7769342913380114
2025-07-22,14797953,Debt collection,Debt collection,1,0.47749780696533245
2025-12-02,18045601,Credit card,Credit card,1,0.9421811742930739
2025-12-28,18325315,Credit reporting or other personal consumer reports,Credit reporting or other personal consumer reports,1,0.5709630459786307
2025-07-30,14972761,Checking or savings account,Checking or savings account,1,0.8202417407245082
2025-09-04,15719027,Credit card,Credit card,1,0.8891596184445728
2026-01-21,18900256,Credit card,Credit card,1,0.9224768935854183
2026-01-06,18493842,Credit card,Credit card,1,0.9000196582428795
2025-09-22,16111717,Checking or savings account,Checking or savings account,1,0.5901231892102182
2026-01-08,18581854,Credit card,Credit card,1,0.9335458571277755
2026-01-02,18421679,Credit card,Credit card,1,0.5564643007805635
2025-09-08,15797842,Credit card,Checking or savings account,1,0.42569038859931047
2025-09-19,16014002,Credit card,Credit card,1,0.9558422277072904
2026-01-27,19039527,Credit card,Credit card,1,0.9584853815438699
2025-07-22,14814717,Debt collection,Credit reporting or other personal consumer reports,1,0.42847501674989336
2025-08-21,15438502,Credit card,Checking or savings account,1,0.4223468610907057
2025-10-30,16926214,Checking or savings account,Checking or savings account,1,0.8797114516465356
2026-01-23,18961760,Mortgage,Mortgage,1,0.4563976754519621
2025-10-29,16902137,Checking or savings account,Checking or savings account,1,0.9054080207582121
2025-09-30,16235309,Credit card,Credit card,1,0.9625355553813946
2025-11-10,17143794,Credit card,Credit card,1,0.918103803576197
2025-11-30,17995716,Checking or savings account,Checking or savings account,1,0.7608327795940569
2025-09-21,16091708,Credit card,Credit card,1,0.7016132551072963
2025-12-23,18234060,Credit reporting or other personal consumer reports,Credit reporting or other personal consumer reports,1,0.9536995295749332
2025-09-02,15676357,Credit card,Credit card,1,0.9423217485933284
2025-10-03,16349582,Checking or savings account,Checking or savings account,1,0.9413930633352748
2025-11-12,17203841,"Money transfer, virtual currency, or money service","Money transfer, virtual currency, or money service",1,0.8357997849956638
2025-08-05,15094261,Credit reporting or other personal consumer reports,Credit reporting or other personal consumer reports,1,0.816055830047838
2025-07-08,14493178,Checking or savings account,Checking or savings account,1,0.47887306734054363
2025-08-22,15429673,"Money transfer, virtual currency, or money service","Money transfer, virtual currency, or money service",1,0.6214940390177186
2025-10-23,16738990,Credit reporting or other personal consumer reports,Credit reporting or other personal consumer reports,1,0.6103774490039947
2025-07-11,14592693,Credit card,Credit card,1,0.8119599963506455
2025-11-19,17368164,Debt collection,Credit card,1,0.3646500168964859
2025-12-04,18111215,Checking or savings account,Checking or savings account,1,0.9197191014819669
2025-07-23,14835895,"Money transfer, virtual currency, or money service",Credit card,1,0.8367329282970936
2025-07-25,14881765,Mortgage,Mortgage,1,0.6495286120019033
2025-11-23,17827436,Checking or savings account,Checking or savings account,1,0.8949692769962683
2025-10-24,16797126,Checking or savings account,"Money transfer, virtual currency, or money service",1,0.8394875330545012
2025-08-28,15592248,Credit card,Checking or savings account,1,0.347615222327142
2025-09-03,15695169,Credit card,Credit card,1,0.726016945818643
2025-12-22,18214425,Checking or savings account,Credit reporting or other personal consumer reports,1,0.6003301684472692
2026-01-22,18930685,Checking or savings account,Checking or savings account,1,0.8899109883595574
2025-12-05,17764668,Credit reporting or other personal consumer reports,Credit card,1,0.5081971515078253
2025-07-24,14856905,"Money transfer, virtual currency, or money service",Checking or savings account,1,0.7767237556887463
2025-10-13,16532714,Credit card,Credit card,1,0.8605623774615255
2025-08-18,15347424,Credit card,Credit card,1,0.9549502650977896
2025-11-15,17243877,Checking or savings account,Checking or savings account,1,0.7298397625972664
2025-11-06,18078150,Checking or savings account,Checking or savings account,1,0.9047775169478952
2025-12-29,18344727,Checking or savings account,Checking or savings account,1,0.9242815672859145
2026-01-19,18830275,Checking or savings account,Checking or savings account,1,0.8946202983859649
2025-09-30,16269784,Credit card,Credit reporting or other personal consumer reports,1,0.8946720294865941
2025-11-06,17063823,Checking or savings account,Checking or savings account,1,0.8881728281672165
2026-01-20,18862072,Credit card,Credit card,1,0.899124114995758
2025-09-02,15671568,Checking or savings account,Checking or savings account,1,0.9410949988214273
2025-08-28,15580297,Checking or savings account,Checking or savings account,1,0.9272476081855593
2026-01-23,18953931,Checking or savings account,Checking or savings account,1,0.8867306511521221
2025-08-11,15207171,Credit card,Credit card,1,0.7765091410102948
2025-08-22,15449823,Mortgage,Mortgage,1,0.8173920549930117
2026-01-06,18501202,Credit card,Credit card,1,0.799102080059397
2026-01-25,18990761,Checking or savings account,Checking or savings account,1,0.904682388219994
2025-12-29,18344943,Credit reporting or other personal consumer reports,Credit reporting or other personal consumer reports,1,0.653895088953827
2025-08-11,15206156,Debt collection,Credit reporting or other personal consumer reports,1,0.7906633611151671
2025-10-30,16925378,Credit card,Credit card,1,0.9384012376517644
2025-11-25,17836556,Credit card,Credit reporting or other personal consumer reports,1,0.5304161007604579
2025-11-12,17210731,"Money transfer, virtual currency, or money service",Checking or savings account,1,0.7131967119421804
2026-01-25,18991892,Credit card,Credit card,1,0.8442885491980001
2025-10-24,16795703,Checking or savings account,Checking or savings account,1,0.9684816455123073
2025-08-02,15025449,Credit card,Checking or savings account,1,0.7792017843472961
2025-11-07,17102561,Credit reporting or other personal consumer reports,Debt collection,1,0.6922397229316811
2025-07-23,14839891,"Money transfer, virtual currency, or money service","Money transfer, virtual currency, or money service",1,0.47914228432247574
2025-07-23,14821838,Credit card,Credit card,1,0.7860668031884698
2025-11-07,17103304,Credit card,Credit card,1,0.7287485222429936
2025-11-25,17883801,Credit card,Checking or savings account,1,0.35136273200816587
2025-09-11,15879086,Checking or savings account,Checking or savings account,1,0.8535762116142495
2025-12-03,18138922,Checking or savings account,Checking or savings account,1,0.8648545476793918
2025-11-07,17091594,Credit card,Credit card,1,0.9043110315049927
2025-09-23,16075591,Credit card,Credit card,1,0.923184079739923
2025-11-26,17922135,Checking or savings account,Checking or savings account,1,0.9088330095551597
2025-07-22,14804368,"Money transfer, virtual currency, or money service",Credit card,1,0.824782829606285
2025-11-17,17874306,Credit card,Credit reporting or other personal consumer reports,1,0.8702367634107847
2025-09-09,15822047,Credit card,Credit card,1,0.839117229958814
2025-07-30,14978925,Checking or savings account,Checking or savings account,1,0.9295764259370228
2026-01-25,18994930,Mortgage,Mortgage,1,0.4270979576839469
2025-12-07,17810377,Checking or savings account,Credit card,1,0.7610387230665951
2026-01-07,18542926,Credit card,Credit card,1,0.7983463759152737
2025-10-27,16849836,Checking or savings account,Checking or savings account,1,0.8504325674880872
2025-12-08,17832386,Vehicle loan or lease,Vehicle loan or lease,1,0.8159521454702001
2025-07-09,14554096,Debt collection,Checking or savings account,1,0.3558578635758481
2025-09-27,16223380,Checking or savings account,Checking or savings account,1,0.5916187024863353
2025-07-18,14732678,Checking or savings account,Checking or savings account,1,0.769395581298398
2025-08-16,15332748,Credit card,Credit card,1,0.8151396276855847
2025-09-30,16234882,Checking or savings account,Checking or savings account,1,0.7391353378315424
2025-09-07,15776596,Credit card,Credit card,1,0.8221845016509125
2025-09-17,15995404,Mortgage,Mortgage,1,0.5147454595142812
2025-10-03,16336111,Credit card,Credit card,1,0.7433320603407815
2025-07-04,14467620,Credit reporting or other personal consumer reports,Credit card,1,0.8589376700505685
2026-01-14,18702857,Credit card,Credit card,1,0.96307691872354
2025-12-09,17872418,Checking or savings account,Checking or savings account,1,0.6887706370483576
2025-07-24,14846236,Checking or savings account,Checking or savings account,1,0.8854874886588298
2025-09-29,16249676,Credit card,Credit reporting or other personal consumer reports,1,0.5700345495015999
2025-07-22,14796302,Credit reporting or other personal consumer reports,Credit reporting or other personal consumer reports,1,0.8288634299797799
2025-07-10,14574488,Vehicle loan or lease,Vehicle loan or lease,1,0.7081029815274666
2026-01-12,18667271,Checking or savings account,Checking or savings account,1,0.6506923044093845
2025-12-02,17961731,Checking or savings account,Checking or savings account,1,0.8667332087178145
2025-10-24,16790693,Checking or savings account,Checking or savings account,1,0.7818580445936075
2025-09-02,15672783,"Money transfer, virtual currency, or money service",Checking or savings account,1,0.8133475805228528
2025-07-30,14978699,Checking or savings account,Checking or savings account,1,0.49478604074179106
2025-12-04,18141503,Credit card,Credit card,1,0.8599696515922165
2025-10-10,16512967,Credit card,Credit reporting or other personal consumer reports,1,0.8514191146742395
2025-08-19,15374293,Credit card,Credit card,1,0.6475028978170726
2025-10-15,16593855,Credit card,Credit card,1,0.47506399807546756
2025-10-01,16304272,Checking or savings account,Checking or savings account,1,0.8990879799042147
2025-11-21,17424780,Checking or savings account,Checking or savings account,1,0.7540595944323846
2025-10-17,16652473,Credit card,Credit card,1,0.5898261596988187
2026-01-12,18656964,"Money transfer, virtual currency, or money service",Checking or savings account,1,0.89605284033559
2025-10-01,16305434,Checking or savings account,Checking or savings account,1,0.6620704053939125
2025-08-08,15178249,Credit reporting or other personal consumer reports,Credit reporting or other personal consumer reports,1,0.9219343999159504
2025-11-20,17353318,Credit reporting or other personal consumer reports,Credit reporting or other personal consumer reports,1,0.8453461595978634
2025-08-24,15472839,Credit card,Credit card,1,0.7759338563035326
2025-11-06,17069375,Credit card,Credit card,1,0.8315077560568728
2025-12-26,18297125,Checking or savings account,Checking or savings account,1,0.9201105925211285
2025-08-15,15308189,Credit reporting or other personal consumer reports,Credit reporting or other personal consumer reports,1,0.3874200551155937
2025-08-18,15347048,Checking or savings account,Checking or savings account,1,0.8658947304845457
2025-12-24,18272805,Checking or savings account,Checking or savings account,1,0.8970323669953405
2025-12-01,18038796,Debt collection,Credit reporting or other personal consumer reports,1,0.4085710808050371
2025-11-20,17379146,Credit card,Credit card,1,0.8474387384212071
2025-07-21,14769733,Checking or savings account,Checking or savings account,1,0.9366615143790153
2025-08-27,15564096,Checking or savings account,Checking or savings account,1,0.9310758749272022
2025-10-17,16658986,"Money transfer, virtual currency, or money service",Checking or savings account,1,0.894015203248954
2025-10-21,16720916,Checking or savings account,Checking or savings account,1,0.9220418654357836
2025-11-24,17852202,Credit card,Checking or savings account,1,0.7716717008022965
